{"type": "FeatureCollection", "features": [{"id": "0", "type": "Feature", "properties": {"railway": "station", "station": "subway", "subway": "yes", "construction": null, "construction:railway": null, "public_transport": "station", "network": "Chennai Metro", "operator": "Chennai Metro Rail Limited", "name": "Chennai International Airport", "name:en": "Chennai International Airport", "element": "node", "id": 6285857241.0, "category": "metro_operational", "city": "chennai", "index_right": 0.0, "n_osm_nodes": 1.0, "phase": "phase1", "position_source": "osm", "confidence": "high", "Line": "Blue Line", "Layout": "Elevated", "snap_offset_m": null, "station_id": "MAA000", "radius_m": 800, "buffer_area_m2": 2007391.033949412, "prediction": 8428.0, "rank_phase2": null, "label_top15": 0}, "geometry": {"type": "Polygon", "coordinates": [[[80.17157014759498, 12.980854428193709], [80.17153697879657, 12.980145315574104], [80.17143309577267, 12.9794428057973], [80.17125949956143, 12.978753664369039], [80.17101786253929, 12.9780845279953], [80.17071051229391, 12.977441840671156], [80.17034040918955, 12.976831791627507], [80.16991111784112, 12.976260255733058], [80.16942677277278, 12.975732736925233], [80.16889203859203, 12.975254315214471], [80.16831206506318, 12.974829597771828], [80.16769243751298, 12.97446267457061], [80.1670391230461, 12.974157079008746], [80.16635841308818, 12.9739157538907], [80.1656568628094, 12.97374102309615], [80.16494122801137, 12.973634569207988], [80.16421840008486, 12.973597417314583], [80.16349533966338, 12.97362992514231], [80.16277900961148, 12.973731779612981], [80.16207630799155, 12.973901999859368], [80.16139400165434, 12.97413894666965], [80.16073866109166, 12.974440338270064], [80.16011659717763, 12.974803272293688], [80.15953380040766, 12.975224253724225], [80.15899588321876, 12.975699228545816], [80.15850802594714, 12.97622362277528], [80.15807492694252, 12.976792386501124], [80.15770075731982, 12.977400042505788], [80.15738912078386, 12.978040739003177], [80.15714301891434, 12.978708305984027], [80.15696482224544, 12.97939631462697], [80.15685624741955, 12.980098139203333], [80.15681834063545, 12.980807020879999], [80.15685146755108, 12.981516132805963], [80.15695530973926, 12.982218645856062], [80.1571288677312, 12.982907794398752], [80.15737047061918, 12.98357694145466], [80.1576777921273, 12.984219642618198], [80.15804787299565, 12.98482970812663], [80.15847714946383, 12.98540126247852], [80.15896148757956, 12.985928801027129], [80.15949622300248, 12.986407243003393], [80.16007620592056, 12.986831980457474], [80.16069585064623, 12.987198922647016], [80.16134918941476, 12.987504535444394], [80.16202992986665, 12.987745875382796], [80.16273151565981, 12.987920618012996], [80.16344718962786, 12.988027080297275], [80.16417005887476, 12.988064236824595], [80.16489316117902, 12.98803172969051], [80.16560953206663, 12.987929871946545], [80.16631227190585, 12.987759644585731], [80.16699461237721, 12.987522687093277], [80.16764998167717, 12.987221281653465], [80.1682720678272, 12.98685833116506], [80.16885487947741, 12.986437331277083], [80.16939280361893, 12.985962336714707], [80.16988065964838, 12.98543792221974], [80.17031374926378, 12.984869138482466], [80.170687901711, 12.98426146348947], [80.17099951394529, 12.983620749756572], [80.17124558532086, 12.982953167955364], [80.17142374647537, 12.982265147476774], [80.17153228213124, 12.98156331450429], [80.17157014759498, 12.980854428193709]]]}}, {"id": "1", "type": "Feature", "properties": {"railway": "station", "station": "subway", "subway": "yes", "construction": null, "construction:railway": null, "public_transport": "station", "network": "Chennai Metro", "operator": "Chennai Metro Rail Limited", "name": "Meenambakkam", "name:en": "Meenambakkam", "element": "node", "id": 6285857239.0, "category": "metro_operational", "city": "chennai", "index_right": 1.0, "n_osm_nodes": 1.0, "phase": "phase1", "position_source": "osm", "confidence": "high", "Line": "Blue Line", "Layout": "Elevated", "snap_offset_m": null, "station_id": "MAA001", "radius_m": 800, "buffer_area_m2": 2007391.033949412, "prediction": 6109.0, "rank_phase2": null, "label_top15": 0}, "geometry": {"type": "Polygon", "coordinates": [[[80.18384232230963, 12.98771362014692], [80.18380911890932, 12.987004507325628], [80.18370519945101, 12.986302000584457], [80.18353156532389, 12.985612865399329], [80.18328988926956, 12.984943738415529], [80.18298249925151, 12.984301063537156], [80.18261235601678, 12.983691029874759], [80.18218302456636, 12.983119512148505], [80.18169863981016, 12.982592014120536], [80.18116386673734, 12.982113615600941], [80.18058385548612, 12.981688923537329], [80.17996419174585, 12.981322027658605], [80.17931084296907, 12.981016461099678], [80.17863010091112, 12.980775166385937], [80.17792852105065, 12.980600467104589], [80.1772128594736, 12.980494045535437], [80.1764900078281, 12.980456926456107], [80.1757669269757, 12.980489467277508], [80.17505057997738, 12.980591354604275], [80.17434786505862, 12.980761607253342], [80.17366554919819, 12.98099858570142], [80.17301020297971, 12.981300007870582], [80.17238813733204, 12.981662971100008], [80.17180534276761, 12.982083980092536], [80.17126743170272, 12.982558980567205], [80.1707795844151, 12.983083398293983], [80.17034649915902, 12.983652183135204], [80.1699723469176, 12.98425985766994], [80.16966073122906, 12.984900569933519], [80.16941465347293, 12.98556814976462], [80.16923648395185, 12.986256168217775], [80.16912793904739, 12.986957999469423], [80.1690900646706, 12.987666884621657], [80.16912322616781, 12.98837599678946], [80.16922710477908, 12.989078506844754], [80.16940070068499, 12.989767649184268], [80.16964234261273, 12.990436786887772], [80.16994970391029, 12.99107947563922], [80.17031982493434, 12.991689525794916], [80.17074914153743, 12.99226106200088], [80.17123351938021, 12.992788579784797], [80.17176829373922, 12.99326699857737], [80.17234831442681, 12.99369171065191], [80.17296799539099, 12.994058625510506], [80.17362136851733, 12.994364209288854], [80.17430214111472, 12.994605518799847], [80.17500375653093, 12.994780229887622], [80.17571945731359, 12.994886659818654], [80.17644235030797, 12.994923783493977], [80.17716547306348, 12.994891243326071], [80.17788186090881, 12.994789352685176], [80.1785846140488, 12.994619092881724], [80.1792669640358, 12.99438210371394], [80.17992233897479, 12.994080667671705], [80.18054442683315, 12.993717687948974], [80.18112723624492, 12.993296660476735], [80.18166515422323, 12.992821640246119], [80.18215300022463, 12.992297202246366], [80.18258607604436, 12.991728397394215], [80.18296021106185, 12.991120703879607], [80.18327180240085, 12.990479974396603], [80.18351784961754, 12.989812379768255], [80.1836959835829, 12.989124349508677], [80.18380448928173, 12.98842250989515], [80.18384232230963, 12.98771362014692]]]}}, {"id": "2", "type": "Feature", "properties": {"railway": "station", "station": "subway", "subway": "yes", "construction": null, "construction:railway": null, "public_transport": "station", "network": "Chennai Metro", "operator": "Chennai Metro Rail Limited", "name": "St. Thomas Mount", "name:en": "Saint Thomas Mount", "element": "node", "id": 5319202812.0, "category": "metro_operational", "city": "chennai", "index_right": 2.0, "n_osm_nodes": 1.0, "phase": "phase1", "position_source": "osm", "confidence": "high", "Line": "Green Line", "Layout": "Elevated", "snap_offset_m": null, "station_id": "MAA002", "radius_m": 800, "buffer_area_m2": 2007391.033949412, "prediction": 6405.0, "rank_phase2": null, "label_top15": 0}, "geometry": {"type": "Polygon", "coordinates": [[[80.20592693661908, 12.995103218239619], [80.20589367067251, 12.99439410491345], [80.20578968678682, 12.99369160358464], [80.20561598697172, 12.99300247967596], [80.20537424460127, 12.992333369723102], [80.20506678827721, 12.991690717465254], [80.20469657938455, 12.991080711794341], [80.20426718355584, 12.990509227160311], [80.20378273632005, 12.989981767006139], [80.20324790326703, 12.989503410776898], [80.20266783511146, 12.98907876501283], [80.20204811808962, 12.98871191899708], [80.20139472016601, 12.988406405384664], [80.20071393356822, 12.988165166191578], [80.20001231420284, 12.987990524470996], [80.19929661853543, 12.98788416194921], [80.1985737385417, 12.987847102836104], [80.19785063535573, 12.987879703966057], [80.19713427225336, 12.987981651363945], [80.19643154761505, 12.988151963269207], [80.19574922851339, 12.988388999588866], [80.19509388556355, 12.98869047768856], [80.19447182966357, 12.989053494369612], [80.19388905123274, 12.98947455382073], [80.19335116253292, 12.989949601275473], [80.19286334362752, 12.990474062051652], [80.19243029249854, 12.991042885597079], [80.19205617980167, 12.991650594117976], [80.19174460869533, 12.992291335322042], [80.19149858013087, 12.992958938768725], [80.19132046393815, 12.993646975284463], [80.191211975986, 12.994348818870932], [80.19117416163769, 12.995057710510507], [80.19120738566191, 12.995766823254705], [80.19131132869686, 12.996469327968875], [80.1914849903027, 12.997158459100136], [80.19172669857376, 12.997827579835237], [80.19203412621869, 12.998470246020641], [80.19240431295461, 12.999080268229187], [80.19283369400044, 12.999651771375405], [80.19331813439533, 13.0001792513049], [80.1938529688123, 13.000657627812647], [80.19443304648424, 13.001082293579106], [80.19505278080918, 13.001449158552463], [80.1957062031577, 13.00175468934916], [80.19638702036353, 13.00199594329283], [80.19708867534384, 13.002170596763426], [80.19780441026442, 13.002276967583127], [80.19852733164109, 13.002314031223161], [80.19925047674938, 13.002281430675175], [80.1999668807025, 13.002179479891929], [80.20066964355006, 13.002009160764091], [80.20135199675113, 13.001772113662188], [80.2020073683801, 13.001470621634937], [80.20262944643682, 13.00110758841625], [80.20321223965051, 13.000686510452947], [80.20375013519126, 13.000211443222883], [80.20423795273271, 12.9996869621682], [80.2046709943453, 12.999118118620377], [80.20504508973907, 12.998510391141878], [80.20535663642052, 12.997869632753531], [80.20560263437693, 12.997202014556265], [80.20578071495471, 12.996513966290504], [80.2058891636537, 12.99581211440612], [80.20592693661908, 12.995103218239619]]]}}, {"id": "3", "type": "Feature", "properties": {"railway": "station", "station": "subway", "subway": "yes", "construction": null, "construction:railway": null, "public_transport": "station", "network": "Chennai Metro", "operator": "Chennai Metro Rail Limited", "name": "Nanganallur Road", "name:en": "Nanganallur Road", "element": "node", "id": 6285857237.0, "category": "metro_operational", "city": "chennai", "index_right": 4.0, "n_osm_nodes": 1.0, "phase": "phase1", "position_source": "osm", "confidence": "high", "Line": "Blue Line", "Layout": "Elevated", "snap_offset_m": null, "station_id": "MAA003", "radius_m": 800, "buffer_area_m2": 2007391.033949412, "prediction": 6222.0, "rank_phase2": null, "label_top15": 0}, "geometry": {"type": "Polygon", "coordinates": [[[80.2013758012317, 12.999915467438532], [80.2013425484228, 12.99920635450025], [80.2012385762582, 12.998503852232087], [80.20106488663502, 12.99781472606603], [80.20082315282946, 12.997145612559645], [80.20051570336115, 12.996502955486442], [80.20014549954934, 12.99589294378476], [80.19971610697803, 12.995321451962631], [80.19923166114508, 12.994793983532217], [80.19869682762706, 12.994315618018202], [80.19811675714337, 12.993890962050127], [80.19749703595285, 12.993524105009223], [80.19684363206021, 12.99321857965651], [80.19616283775055, 12.992977328120816], [80.1954612090047, 12.992802673573955], [80.19474550237847, 12.992696297865502], [80.19402260995294, 12.992659225332105], [80.19329949298171, 12.992691812937169], [80.19258311487307, 12.992793746835625], [80.19188037415172, 12.992964045396747], [80.19119803804486, 12.99320106865593], [80.19054267733107, 12.993502534104504], [80.18992060307913, 12.993865538665581], [80.18933780588478, 12.994286586644586], [80.18879989819025, 12.994761623385605], [80.1883120602417, 12.995286074309712], [80.18787899020425, 12.995854888959737], [80.18750485891559, 12.996462589627733], [80.18719326971309, 12.997103324097209], [80.18694722372233, 12.997770921992709], [80.18676909094106, 12.998458954194353], [80.18666058739797, 12.9991607947456], [80.18662275860665, 12.999869684658297], [80.18665596947505, 13.000578797000804], [80.18675990076838, 13.001281302642532], [80.18693355216017, 13.001970436021855], [80.1871752518434, 13.002639560303995], [80.18748267260979, 13.003282231301341], [80.18785285424303, 13.003892259540462], [80.1882822320115, 13.004463769877793], [80.18876667098615, 13.00499125808964], [80.18930150585402, 13.005469643891143], [80.18988158584376, 13.00589431987312], [80.19050132433131, 13.006261195885205], [80.19115475264718, 13.00656673843734], [80.19183557756772, 13.006808004739732], [80.19253724193571, 13.006982671053079], [80.19325298782647, 13.007089055075639], [80.19397592164995, 13.007126132151251], [80.19469908056168, 13.007093545141958], [80.1954154995416, 13.006991607869933], [80.19611827849434, 13.00682130209555], [80.19680064872352, 13.006584268060609], [80.19745603813924, 13.006282788687889], [80.19807813456973, 13.00591976758938], [80.19866094656693, 13.00549870109517], [80.19919886111974, 13.00502364457271], [80.19968669771848, 13.004499173361122], [80.20011975824983, 13.003930338697199], [80.2004938722415, 13.00332261905802], [80.20080543702078, 13.002681867389123], [80.20105145240065, 13.002014254726928], [80.20122954955974, 13.001326210758794], [80.20133801383834, 13.000624361893443], [80.2013758012317, 12.999915467438532]]]}}, {"id": "4", "type": "Feature", "properties": {"railway": "station", "station": "subway", "subway": "yes", "construction": null, "construction:railway": null, "public_transport": "station", "network": "Chennai Metro", "operator": "Chennai Metro Rail Limited", "name": "Arignar Anna Alandur", "name:en": "Alandur", "element": "node", "id": 5308690568.0, "category": "metro_operational", "city": "chennai", "index_right": 5.0, "n_osm_nodes": 1.0, "phase": "phase1", "position_source": "osm", "confidence": "high", "Line": "Blue Line", "Layout": "Elevated", "snap_offset_m": null, "station_id": "MAA004", "radius_m": 800, "buffer_area_m2": 2007391.033949412, "prediction": 7982.0, "rank_phase2": null, "label_top15": 0}, "geometry": {"type": "Polygon", "coordinates": [[[80.20890734697728, 13.004241008058802], [80.20887407288215, 13.003531895049898], [80.2087700782769, 13.00282939470064], [80.20859636527484, 13.00214027242417], [80.20835460737736, 13.001471164740263], [80.20804713333605, 13.000828515365997], [80.20767690470667, 13.000218513165276], [80.20724748731199, 12.999647032554378], [80.20676301688863, 12.999119576937304], [80.20622815924966, 12.998641225715184], [80.2056480653464, 12.998216585379865], [80.20502832166275, 12.997849745162029], [80.2043748964197, 12.997544237660746], [80.20369408210748, 12.997303004833062], [80.20299243489917, 12.997128369670838], [80.202276711528, 12.997022013837213], [80.201553804236, 12.996984961477732], [80.20083067441968, 12.997017569361853], [80.20011428561085, 12.99711952344956], [80.19941153643718, 12.997289841916055], [80.1987291942072, 12.997526884605385], [80.19807382975856, 12.997828368822102], [80.19745175419615, 12.998191391308854], [80.19686895812852, 12.998612456198696], [80.19633105398738, 12.999087508673053], [80.19584322198499, 12.99961197400161], [80.1954101602296, 13.00018080158855], [80.19503603947955, 13.000788513601323], [80.19472446297115, 13.001429257714124], [80.19447843170819, 13.00209686345847], [80.19430031554695, 13.002784901638709], [80.19419183035643, 13.00348674624045], [80.1941540214738, 13.004195638236231], [80.1941872536156, 13.004904750674028], [80.19429120734223, 13.00560725442197], [80.19446488211136, 13.006296383936307], [80.19470660589086, 13.006965502419128], [80.1950140512403, 13.007608165738345], [80.19538425770648, 13.008218184494162], [80.19581366031841, 13.008789683634099], [80.19629812390751, 13.0093171590421], [80.19683298292337, 13.009795530556469], [80.19741308636176, 13.010220190905551], [80.19803284737233, 13.010587050089539], [80.19868629706828, 13.010892574780508], [80.1993671420196, 13.011133822360813], [80.2000688248758, 13.011308469271672], [80.20078458753373, 13.011414833398442], [80.20150753624159, 13.011451890276884], [80.20223070801126, 13.011419282963876], [80.20294713769869, 13.011317325477483], [80.20364992510528, 13.011146999773121], [80.20433230145325, 13.010909946284878], [80.20498769459377, 13.01060844812321], [80.20560979231936, 13.01024540908136], [80.20619260316975, 13.009824325662477], [80.20673051414515, 13.009349253397195], [80.20721834477067, 13.008824767776387], [80.2076513969909, 13.008255920175685], [80.20802550041404, 13.007648189196761], [80.20833705246953, 13.007007427894278], [80.2085830530934, 13.006339807397303], [80.20876113360674, 13.005651757468435], [80.2088695795105, 13.004949904573547], [80.20890734697728, 13.004241008058802]]]}}, {"id": "5", "type": "Feature", "properties": {"railway": "station", "station": "subway", "subway": "yes", "construction": null, "construction:railway": null, "public_transport": "station", "network": "Chennai Metro", "operator": "Chennai Metro Rail Limited", "name": "Ekkattuthangal", "name:en": "Ekkattuthangal", "element": "node", "id": 5319207378.0, "category": "metro_operational", "city": "chennai", "index_right": 6.0, "n_osm_nodes": 1.0, "phase": "phase1", "position_source": "osm", "confidence": "high", "Line": "Green Line", "Layout": "Elevated", "snap_offset_m": null, "station_id": "MAA005", "radius_m": 800, "buffer_area_m2": 2007391.033949412, "prediction": 7106.0, "rank_phase2": null, "label_top15": 0}, "geometry": {"type": "Polygon", "coordinates": [[[80.2128202248084, 13.016937998804584], [80.21278694002032, 13.016228886248994], [80.21268293114449, 13.01552638721252], [80.21250920043221, 13.014837267095414], [80.21226742155594, 13.014168162396341], [80.21195992346966, 13.013525516803323], [80.21158966796096, 13.012915519143506], [80.21116022111161, 13.01234404378909], [80.21067571894196, 13.011816594093107], [80.2101408275706, 13.01133824939938], [80.2095606982735, 13.010913616136582], [80.20894091787511, 13.010546783467065], [80.20828745494944, 13.010241283917022], [80.20760660234916, 13.01000005936682], [80.20690491661543, 13.009825432728547], [80.20618915485183, 13.009719085583267], [80.2054662096695, 13.009682041992946], [80.20474304282916, 13.009714658642729], [80.20402661821862, 13.0098166214084], [80.2033238348097, 13.009986948381828], [80.20264146024022, 13.010223999325449], [80.20198606565886, 13.010525491464632], [80.20136396246045, 13.010888521466075], [80.20078114151957, 13.011309593390811], [80.20024321550744, 13.011784652352839], [80.19975536484708, 13.012309123559685], [80.19932228782667, 13.01287795635919], [80.19894815535194, 13.013485672868839], [80.19863657077258, 13.014126420719691], [80.19839053517062, 13.014794029407387], [80.1982124184448, 13.01548206970796], [80.19810393647018, 13.016183915586602], [80.19806613455361, 13.01689280800346], [80.19809937734522, 13.017601920002297], [80.19820334530348, 13.018304422455273], [80.19837703774957, 13.018993549830848], [80.19861878248157, 13.019662665351419], [80.19892625185764, 13.020305324913094], [80.19929648519349, 13.020915339151925], [80.19972591725947, 13.021486833058589], [80.20021041260335, 13.022014302567094], [80.20074530536881, 13.022492667572246], [80.20132544422634, 13.022917320864803], [80.20194524198409, 13.023284172512689], [80.2025987294009, 13.023589689260378], [80.20327961268298, 13.02383092856661], [80.20398133411004, 13.02400556695223], [80.20469713520684, 13.024111922384728], [80.2054201218507, 13.024148970483669], [80.2061433306875, 13.024116354390639], [80.20685979621561, 13.024014388208467], [80.20756261789072, 13.023844053976568], [80.20824502660447, 13.02360699221145], [80.20890044989605, 13.023305486103606], [80.2095225752673, 13.022942439523149], [80.21010541099155, 13.022521349046169], [80.21064334382946, 13.022046270271614], [80.21113119309572, 13.021521778753348], [80.21156426055568, 13.02095292592408], [80.21193837567107, 13.020345190436068], [80.21224993575927, 13.019704425387566], [80.21249594067945, 13.019036801943841], [80.21267402171195, 13.018348749895924], [80.21278246435337, 13.017646895730064], [80.2128202248084, 13.016937998804584]]]}}, {"id": "6", "type": "Feature", "properties": {"railway": "station", "station": "subway", "subway": "yes", "construction": null, "construction:railway": null, "public_transport": "station", "network": "Chennai Metro", "operator": "Chennai Metro Rail Limited", "name": "Ashok Nagar", "name:en": "Ashok Nagar", "element": "node", "id": 5319972796.0, "category": "metro_operational", "city": "chennai", "index_right": 7.0, "n_osm_nodes": 1.0, "phase": "phase1", "position_source": "osm", "confidence": "high", "Line": "Green Line", "Layout": "Elevated", "snap_offset_m": null, "station_id": "MAA006", "radius_m": 800, "buffer_area_m2": 2007391.033949412, "prediction": 7993.0, "rank_phase2": null, "label_top15": 0}, "geometry": {"type": "Polygon", "coordinates": [[[80.2184780499953, 13.035511200139208], [80.21844474971059, 13.034802088257868], [80.21834072009815, 13.03409959113842], [80.21816696360985, 13.033410474162265], [80.21792515416703, 13.032741373797403], [80.21761762101863, 13.032098733689637], [80.2172473262903, 13.031488742612783], [80.21681783644173, 13.030917274875149], [80.21633328790733, 13.030389833755928], [80.21579834725213, 13.029911498515874], [80.21521816622632, 13.029486875492225], [80.21459833215195, 13.029120053748384], [80.21394481411936, 13.028814565705071], [80.21326390551108, 13.028573353131652], [80.21256216340676, 13.02839873882481], [80.21184634545193, 13.028292404246875], [80.21112334479788, 13.028255373338892], [80.21040012373862, 13.028288002664102], [80.20968364668317, 13.028389977976502], [80.20898081310766, 13.028560317247514], [80.20829839113226, 13.028797380121562], [80.2076429523617, 13.029098883709594], [80.20702080861597, 13.02946192456855], [80.20643795115991, 13.029883006655398], [80.20589999301644, 13.030358074986761], [80.20541211491813, 13.030882554680389], [80.20497901541785, 13.031451395002792], [80.20460486563826, 13.032059117999342], [80.20429326909644, 13.032699871238885], [80.20404722699044, 13.033367484165339], [80.20386910928248, 13.034055527513992], [80.20376063185806, 13.034757375220646], [80.20372283998122, 13.035466268227735], [80.20375609820631, 13.036175379573107], [80.20386008684413, 13.036877880134927], [80.20403380501747, 13.0375670043995], [80.20427558027738, 13.038236115618739], [80.20458308468858, 13.038878769729713], [80.20495335722975, 13.039488777420464], [80.20538283229386, 13.040060263744225], [80.20586737401464, 13.040587724707553], [80.20640231608894, 13.041066080287093], [80.206982506712, 13.04149072336397], [80.20760235819293, 13.041857564104147], [80.20825590077251, 13.042163069356892], [80.20893684012489, 13.042404296691483], [80.2096386179889, 13.04257892274397], [80.21035447534483, 13.04268526560066], [80.21107751752719, 13.042722301002337], [80.21180078064606, 13.042689672213092], [80.21251729867613, 13.042587693458321], [80.21322017056661, 13.042417346898892], [80.21390262672492, 13.042180273170466], [80.21455809423269, 13.041878755579228], [80.21518026016558, 13.041515698106371], [80.21576313240608, 13.041094597433394], [80.21630109736319, 13.040619509257922], [80.2167889740424, 13.040095009224814], [80.21722206394544, 13.03952614884918], [80.21759619631845, 13.038918406856293], [80.21790776831327, 13.038277636407322], [80.21815377967519, 13.037610008719696], [80.21833186162344, 13.036921953625395], [80.21844029964677, 13.036220097639992], [80.2184780499953, 13.035511200139208]]]}}, {"id": "7", "type": "Feature", "properties": {"railway": "station", "station": "subway", "subway": "yes", "construction": null, "construction:railway": null, "public_transport": "station", "network": "Chennai Metro", "operator": "Chennai Metro Rail Limited", "name": "Puratchi Thalaivi Dr. J. Jayalalithaa CMBT", "name:en": "CMBT", "element": "node", "id": 5321248890.0, "category": "metro_operational", "city": "chennai", "index_right": 18.0, "n_osm_nodes": 1.0, "phase": "phase1", "position_source": "osm", "confidence": "high", "Line": "Green Line", "Layout": "Elevated", "snap_offset_m": null, "station_id": "MAA007", "radius_m": 800, "buffer_area_m2": 2007391.033949412, "prediction": 8988.0, "rank_phase2": null, "label_top15": 0}, "geometry": {"type": "Polygon", "coordinates": [[[80.21135978586335, 13.0685248564911], [80.21132650707361, 13.067815746384616], [80.21122248944025, 13.067113248533268], [80.21104873530146, 13.06642412832562], [80.21080691855762, 13.065755022260717], [80.21049936852948, 13.06511237403903], [80.21012904750661, 13.064502372512147], [80.209699522203, 13.063930892088496], [80.2092149293954, 13.063403436168816], [80.20867993607571, 13.062925084155674], [80.20809969450153, 13.062500442547053], [80.20747979257793, 13.062133600584517], [80.20682620004817, 13.061828090882669], [80.20614521101146, 13.061586855418671], [80.20544338332103, 13.061412217208908], [80.20472747544531, 13.061305857945257], [80.20400438140008, 13.061268801805967], [80.20328106437721, 13.061301405596858], [80.20256448970814, 13.061403355317577], [80.20186155780742, 13.061573669185917], [80.20117903774047, 13.061810707091007], [80.20052350205522, 13.062112186384486], [80.19990126350362, 13.062475203857636], [80.19931831426248, 13.06289626369316], [80.19878026823775, 13.063371311122602], [80.19829230700788, 13.06389577146573], [80.19785912992609, 13.064464594176199], [80.19748490886234, 13.065072301469826], [80.19717324802068, 13.065713041067507], [80.19692714921912, 13.066380642545331], [80.196748982967, 13.067068676749583], [80.19664046561857, 13.067770517704794], [80.19660264282388, 13.068479406418941], [80.19663587943661, 13.069188515971634], [80.19673985597743, 13.069891017258557], [80.1969135716873, 13.070580144759123], [80.19715535414267, 13.07124926169402], [80.19746287534043, 13.071891923945046], [80.19783317409897, 13.072501942121477], [80.19826268455991, 13.073073441175051], [80.19874727051686, 13.073600916989093], [80.19928226524125, 13.074079289396508], [80.19986251642145, 13.07450395111557], [80.20048243578326, 13.07487081213188], [80.20113605291327, 13.075176339098617], [80.20181707276687, 13.075417589375132], [80.20251893630662, 13.075592239375805], [80.20323488368635, 13.075698606955639], [80.20395801937218, 13.0757356676168], [80.20468137857208, 13.0757030643797], [80.20539799433367, 13.075601111223406], [80.20610096466332, 13.07543079006215], [80.20678351901874, 13.075193741287064], [80.20743908353438, 13.074892247964245], [80.2080613443503, 13.074529213841545], [80.20864430843413, 13.074108135376099], [80.20918236130947, 13.073633068052292], [80.20967032113465, 13.073108587314895], [80.21010348861041, 13.07253974449398], [80.21047769223595, 13.071932018146581], [80.21078932847739, 13.071291261284015], [80.21103539646204, 13.070623644993674], [80.21121352686487, 13.06993559899851], [80.21132200470927, 13.06923374972712], [80.21135978586335, 13.0685248564911]]]}}, {"id": "8", "type": "Feature", "properties": {"railway": "station", "station": "subway", "subway": "yes", "construction": null, "construction:railway": null, "public_transport": "station", "network": "Chennai Metro", "operator": "Chennai Metro Rail Limited", "name": "Koyambedu", "name:en": "Koyambedu", "element": "node", "id": 5321248896.0, "category": "metro_operational", "city": "chennai", "index_right": 19.0, "n_osm_nodes": 1.0, "phase": "phase1", "position_source": "osm", "confidence": "high", "Line": "Green Line", "Layout": "Elevated", "snap_offset_m": null, "station_id": "MAA008", "radius_m": 800, "buffer_area_m2": 2007391.033949412, "prediction": 8253.0, "rank_phase2": null, "label_top15": 0}, "geometry": {"type": "Polygon", "coordinates": [[[80.20223601236937, 13.073471978713036], [80.20220275988343, 13.0727628691552], [80.20209876704145, 13.0720603692578], [80.20192503594319, 13.07137124442947], [80.20168324026761, 13.07070213121407], [80.20137570913299, 13.070059473381198], [80.20100540464749, 13.069449459875184], [80.20057589336635, 13.068877965219924], [80.20009131193176, 13.068350492953224], [80.19955632722659, 13.067872122635022], [80.19897609142588, 13.067447460939432], [80.19835619237948, 13.067080597301238], [80.19770259980321, 13.066775064543496], [80.19702160779697, 13.06653380486506], [80.19631977424262, 13.066359141515115], [80.1956038576651, 13.066252756427229], [80.19488075216394, 13.066215674027916], [80.19415742104103, 13.066248251375459], [80.19344082976339, 13.06635017472377], [80.1927378789051, 13.066520462544247], [80.19205533771382, 13.066757474976553], [80.19139977894034, 13.067058929617392], [80.19077751555851, 13.067421923495282], [80.1901945399837, 13.067842961020053], [80.18965646637504, 13.068317987638103], [80.18916847657609, 13.068842428869695], [80.18873527021479, 13.069411234352685], [80.18836101944274, 13.070018926469032], [80.18804932874977, 13.070659653086091], [80.18780320024122, 13.071327243905321], [80.1876250047124, 13.07201526987604], [80.18751645879952, 13.0727171051025], [80.18747860842782, 13.07342599064829], [80.18751181871677, 13.07413509962396], [80.18761577044081, 13.07483760293116], [80.1877894630803, 13.075526735030211], [80.18803122443428, 13.076195859097842], [80.18833872670335, 13.076838530947416], [80.18870900888871, 13.077448561095947], [80.18913850529205, 13.078020074379975], [80.18962307984293, 13.078547566545804], [80.19015806592306, 13.079025957268783], [80.1907383113045, 13.07945063909065], [80.19135822776927, 13.079817521803188], [80.19201184493214, 13.080123071850307], [80.19269286774839, 13.080364346368755], [80.1933947371521, 13.080539021539037], [80.19411069324072, 13.080645414973347], [80.19483384039631, 13.08068250192441], [80.19555721371619, 13.080649925159033], [80.19627384611177, 13.080547998400924], [80.1969768354288, 13.080377703309729], [80.19765941094171, 13.080140680025186], [80.19831499858074, 13.079839211367648], [80.19893728426274, 13.07947620084724], [80.19952027471533, 13.0790551446937], [80.2000583552077, 13.078580098176522], [80.2005463436317, 13.078055636540153], [80.20097954041225, 13.07748681093088], [80.20135377376594, 13.076879099740195], [80.2016654398723, 13.076238355833752], [80.20191153757085, 13.075570750174517], [80.2020896972503, 13.074882712383458], [80.20219820365207, 13.07418086881058], [80.20223601236937, 13.073471978713036]]]}}, {"id": "9", "type": "Feature", "properties": {"railway": "station", "station": "subway", "subway": "yes", "construction": null, "construction:railway": null, "public_transport": "station", "network": "Chennai Metro", "operator": "Chennai Metro Rail Limited", "name": "Anna Nagar Tower", "name:en": "Anna Nagar Tower", "element": "way", "id": 1314817095.0, "category": "metro_operational", "city": "chennai", "index_right": 20.0, "n_osm_nodes": 1.0, "phase": "phase1", "position_source": "osm", "confidence": "high", "Line": "Green Line", "Layout": "Underground", "snap_offset_m": null, "station_id": "MAA009", "radius_m": 800, "buffer_area_m2": 2007391.033949412, "prediction": 5067.0, "rank_phase2": null, "label_top15": 0}, "geometry": {"type": "Polygon", "coordinates": [[[80.21601432401508, 13.085033636280095], [80.21598103246468, 13.08432452678883], [80.21587699738963, 13.08362203055884], [80.21570322129676, 13.082932912962761], [80.21546137829856, 13.082263810474114], [80.21515379796911, 13.081621166758525], [80.21478344289015, 13.081011170623754], [80.21435388010389, 13.080439696425863], [80.21386924674806, 13.079912247505195], [80.21333421020492, 13.079433903196529], [80.21275392314806, 13.079009269923272], [80.21213397392007, 13.078642436846417], [80.21148033271923, 13.078336936494752], [80.21079929411279, 13.078095710755228], [80.21009741643053, 13.077921082550505], [80.20938145862151, 13.077814733476107], [80.20865831518157, 13.077777687612253], [80.20793494977735, 13.077810301665968], [80.20721832820547, 13.077912261538325], [80.20651535133143, 13.078082585349653], [80.20583278865315, 13.078319632893699], [80.2051772131284, 13.078621121429682], [80.20455493789244, 13.078984147660307], [80.2039719554752, 13.079405215684366], [80.20343388010208, 13.07988027065498], [80.20294589363432, 13.08040473781969], [80.20251269566849, 13.080973566566824], [80.20213845827612, 13.081581279054358], [80.20182678581912, 13.082222022953406], [80.20158068022806, 13.082889627798805], [80.20140251207843, 13.083577664404478], [80.20129399774365, 13.084279506771825], [80.20125618284555, 13.084988395895133], [80.20128943216264, 13.0856975048499], [80.20139342609404, 13.08640000453731], [80.201567163714, 13.087089129451872], [80.20180897238853, 13.087758242838811], [80.20211652386261, 13.088400900613687], [80.20248685666336, 13.089010913428453], [80.20291640460474, 13.089582406286041], [80.20340103111948, 13.090109875129022], [80.20393606908824, 13.090588239857023], [80.20451636578265, 13.091012893261926], [80.20513633248969, 13.091379745409101], [80.20578999833945, 13.091685263036881], [80.2064710678174, 13.091926503594417], [80.2071729814074, 13.0921011435896], [80.20788897878043, 13.092207500973794], [80.20861216392028, 13.092244551347456], [80.2093355715578, 13.092211937830239], [80.21005223427333, 13.09210997450046], [80.21075524962029, 13.091939643370651], [80.21143784662223, 13.091702584928306], [80.21209345100237, 13.091401082333036], [80.21271574851653, 13.091038039422424], [80.21329874577866, 13.090616952738666], [80.21383682799285, 13.090141877845731], [80.214324813035, 13.089617390261688], [80.2147580013633, 13.089048541382908], [80.21513222127658, 13.08844080982506], [80.21544386908467, 13.08780004864989], [80.21568994380422, 13.087132428986484], [80.21586807604612, 13.086444380590352], [80.21597655081689, 13.08574252991321], [80.21601432401508, 13.085033636280095]]]}}, {"id": "10", "type": "Feature", "properties": {"railway": "station", "station": "subway", "subway": "yes", "construction": null, "construction:railway": null, "public_transport": "station", "network": "Chennai Metro", "operator": "Chennai Metro Rail Limited", "name": "Thirumangalam", "name:en": "Thirumangalam", "element": "way", "id": 1314817096.0, "category": "metro_operational", "city": "chennai", "index_right": 21.0, "n_osm_nodes": 1.0, "phase": "phase1", "position_source": "osm", "confidence": "high", "Line": "Green Line", "Layout": "Underground", "snap_offset_m": null, "station_id": "MAA010", "radius_m": 800, "buffer_area_m2": 2007391.033949412, "prediction": 7244.0, "rank_phase2": null, "label_top15": 0}, "geometry": {"type": "Polygon", "coordinates": [[[80.2089323884751, 13.085277161043532], [80.2088991172333, 13.084568051800904], [80.20879510232177, 13.083865553864118], [80.20862134605338, 13.083176432622558], [80.20837952234977, 13.082507324585134], [80.20807196059951, 13.081864673471168], [80.20770162320566, 13.081254668159874], [80.20727207704041, 13.080683183095838], [80.20678745908178, 13.080155721724148], [80.20625243656409, 13.079677363499512], [80.20567216202618, 13.079252714979331], [80.20505222369046, 13.07888586547133], [80.20439859165057, 13.078580347662387], [80.20371756038584, 13.078339103607362], [80.20301568815552, 13.078164456405053], [80.20229973385636, 13.07805808783365], [80.20157659195047, 13.078021022160822], [80.20085322608975, 13.078053616284048], [80.20013660207519, 13.078155556296009], [80.19943362079566, 13.078325860507999], [80.19875105179139, 13.078562888902225], [80.19809546808078, 13.07886435892207], [80.19747318287773, 13.079227367448363], [80.19689018880776, 13.079648418750253], [80.19635210020823, 13.080123458141802], [80.19586409906735, 13.08064791102056], [80.19543088512268, 13.081216726912473], [80.19505663059931, 13.08182442809941], [80.1947449400238, 13.08246516236148], [80.19449881550095, 13.083132759326533], [80.19432062778837, 13.083820789884648], [80.19421209344772, 13.08452262809574], [80.1941742582934, 13.085231514994451], [80.19420748729898, 13.08594062367802], [80.19431146105923, 13.086643125050573], [80.19448517884275, 13.0873322535907], [80.1947269682068, 13.088001372508996], [80.1950345010825, 13.088644037667994], [80.1954048161764, 13.089254059648752], [80.19583434747331, 13.089825563366075], [80.19631895856656, 13.09035304465804], [80.19685398248569, 13.090831423304415], [80.19743426663798, 13.091256091963004], [80.19805422243157, 13.091622960552176], [80.1987078791019, 13.091928495651771], [80.19938894122315, 13.09216975454246], [80.20009084935019, 13.092344413555322], [80.20080684320686, 13.092450790458287], [80.20153002681083, 13.092487860663514], [80.20225343490777, 13.092455267099343], [80.20297010007361, 13.092353323651611], [80.20367311983804, 13.092183012141064], [80.20435572318188, 13.091945972865963], [80.20501133576703, 13.091644488801078], [80.20563364327003, 13.091281463605325], [80.20621665220834, 13.090860393650146], [80.20675474767326, 13.090385334338322], [80.20724274741269, 13.089860861037826], [80.20767595174297, 13.089292025007506], [80.20805018880847, 13.088684304739399], [80.20836185475355, 13.088043553186674], [80.2086079484199, 13.08737594138596], [80.20878610023573, 13.086687899017296], [80.20889459501889, 13.08598605247464], [80.2089323884751, 13.085277161043532]]]}}, {"id": "11", "type": "Feature", "properties": {"railway": "station", "station": "subway", "subway": "yes", "construction": null, "construction:railway": null, "public_transport": "station", "network": "Chennai Metro", "operator": "Chennai Metro Rail Limited", "name": "Guindy", "name:en": "Guindy", "element": "node", "id": 6285857248.0, "category": "metro_operational", "city": "chennai", "index_right": 23.0, "n_osm_nodes": 1.0, "phase": "phase1", "position_source": "osm", "confidence": "high", "Line": "Blue Line", "Layout": "Elevated", "snap_offset_m": null, "station_id": "MAA011", "radius_m": 800, "buffer_area_m2": 2007391.033949412, "prediction": 7836.0, "rank_phase2": null, "label_top15": 0}, "geometry": {"type": "Polygon", "coordinates": [[[80.22045585485472, 13.00931899012317], [80.22042254803986, 13.008609876959124], [80.22031851938948, 13.007907379533492], [80.22014477134488, 13.007218263230712], [80.21990297774487, 13.006549164512498], [80.21959546768473, 13.005906527009106], [80.21922520306683, 13.005296539469681], [80.21879575006012, 13.004725076168949], [80.21831124474379, 13.00419764034392], [80.21777635326633, 13.00371931120496], [80.21719622690438, 13.003294695031162], [80.21657645245385, 13.002927880820556], [80.21592299843134, 13.002622400921899], [80.2152421576037, 13.00238119702665], [80.21454048639877, 13.002206591848369], [80.21382474178039, 13.002100266761838], [80.2131018161948, 13.002063245616968], [80.21237867121435, 13.002095884883122], [80.21166227051673, 13.002197870218598], [80.21095951284396, 13.002368219498202], [80.21027716558649, 13.00260529226978], [80.20962179963055, 13.00290680554864], [80.2089997260958, 13.003269855797997], [80.20841693557165, 13.003690946883882], [80.20787904043688, 13.004166023735715], [80.20739122081756, 13.004690511388587], [80.20695817470329, 13.00525935903175], [80.20658407270237, 13.005867088639473], [80.2062725178712, 13.006507847716348], [80.20602651100536, 13.007175465649551], [80.20584842172681, 13.00786351312569], [80.20573996564609, 13.00856536404046], [80.20570218782048, 13.00927425930512], [80.20573545266771, 13.009983371935638], [80.20583944043346, 13.01068587279776], [80.20601315024763, 13.011374996374975], [80.20625490974058, 13.012044105926023], [80.20656239112775, 13.012686757404357], [80.20693263360864, 13.013296761523767], [80.20736207186502, 13.01386824337238], [80.20784657038456, 13.014395699000396], [80.20838146327995, 13.014874048436427], [80.20896159922005, 13.015298684621385], [80.20958139104091, 13.015665517788207], [80.21023486955835, 13.015971014859678], [80.21091574106423, 13.016212233484387], [80.21161744795172, 13.016386850382728], [80.21233323188578, 13.01649318372953], [80.21305619890926, 13.016530209357441], [80.21377938585734, 13.016497570624814], [80.21449582743959, 13.01639558185285], [80.21519862334279, 13.016225225298804], [80.2158810047073, 13.015988141694393], [80.21653639933622, 13.015686614440591], [80.21715849500801, 13.015323547611247], [80.21774130028247, 13.014902437977485], [80.21827920221403, 13.014427341322667], [80.21876702041543, 13.01390283337272], [80.21920005695152, 13.013333965718399], [80.21957414158213, 13.012726217154455], [80.21988567191835, 13.012085440904766], [80.22013164810595, 13.011417808242108], [80.22030970170194, 13.010729749045906], [80.22041811846698, 13.01002788987087], [80.22045585485472, 13.00931899012317]]]}}, {"id": "12", "type": "Feature", "properties": {"railway": "station", "station": "subway", "subway": "yes", "construction": null, "construction:railway": null, "public_transport": "station", "network": "Chennai Metro", "operator": "Chennai Metro Rail Limited", "name": "Little Mount", "name:en": "Little Mount", "element": "node", "id": 6285857246.0, "category": "metro_operational", "city": "chennai", "index_right": 24.0, "n_osm_nodes": 1.0, "phase": "phase1", "position_source": "osm", "confidence": "high", "Line": "Blue Line", "Layout": "Elevated", "snap_offset_m": null, "station_id": "MAA012", "radius_m": 800, "buffer_area_m2": 2007391.033949412, "prediction": 6150.0, "rank_phase2": null, "label_top15": 0}, "geometry": {"type": "Polygon", "coordinates": [[[80.23156484280801, 13.014660335168648], [80.23153150450898, 13.013951221905238], [80.23142744297174, 13.013248727336396], [80.23125366095437, 13.01255961681853], [80.23101183262288, 13.011890526757119], [80.23070428740688, 13.01124790069858], [80.23033398754708, 13.010637927281413], [80.22990449955148, 13.010066480643983], [80.22941995983575, 13.009539063862558], [80.2288850348792, 13.00906075596392], [80.22830487628029, 13.008636163022528], [80.22768507114479, 13.008269373812709], [80.2270315882842, 13.007963920442567], [80.22635072074252, 13.0077227443483], [80.22564902520428, 13.007548167976045], [80.22493325886717, 13.007441872423566], [80.22421031438616, 13.007404881256791], [80.22348715351526, 13.00743755065687], [80.22277074008497, 13.007539565992422], [80.22206797295983, 13.00770994484986], [80.22138561962134, 13.007947046492694], [80.22073025101442, 13.008248587658658], [80.22010817828448, 13.008611664542823], [80.21952539201357, 13.00903278075507], [80.21898750453995, 13.009507880983106], [80.21849969591638, 13.010032390037074], [80.2180666640272, 13.010601256900202], [80.21769257934427, 13.011209003361625], [80.21738104475786, 13.011849776763512], [80.21713506086914, 13.012517406354846], [80.21695699707935, 13.013205462709648], [80.21684856875407, 13.013907319637708], [80.21681082068373, 13.014616217991936], [80.21684411699978, 13.01532533075804], [80.21694813764509, 13.016027828799942], [80.21712188143302, 13.016716946627765], [80.21736367566669, 13.017386047555108], [80.21767119222689, 13.018028687617992], [80.2180414699741, 13.01863867763973], [80.21847094325013, 13.019210142843853], [80.21895547620491, 13.019737579440593], [80.21949040261902, 13.020215907641665], [80.22007057083793, 13.020640520592409], [80.22069039338623, 13.021007328749544], [80.22134390078321, 13.021312799276835], [80.222024799042, 13.02155399007874], [80.22272653029758, 13.021728578143914], [80.2234423359797, 13.021834881925253], [80.22416532192135, 13.021871877540585], [80.22488852477521, 13.02183920863781], [80.22560497909745, 13.0217371898292], [80.22630778445202, 13.021566803661804], [80.22699017188832, 13.021329691153039], [80.22764556915106, 13.021028135982728], [80.22826766399359, 13.020665042493993], [80.22885046498408, 13.020243907715049], [80.22938835921863, 13.019768787671705], [80.22987616638464, 13.019244258315297], [80.2303091886538, 13.01867537144282], [80.23068325592395, 13.018067606034078], [80.23099476597397, 13.017426815475046], [80.23124071914559, 13.016759171176075], [80.23141874721803, 13.016071103128356], [80.2315271361983, 13.015369237971433], [80.23156484280801, 13.014660335168648]]]}}, {"id": "13", "type": "Feature", "properties": {"railway": "station", "station": "subway", "subway": "yes", "construction": null, "construction:railway": null, "public_transport": "station", "network": "Chennai Metro", "operator": "Chennai Metro Rail Limited", "name": "Saidapet", "name:en": "Saidapet", "element": "node", "id": 6285857244.0, "category": "metro_operational", "city": "chennai", "index_right": 25.0, "n_osm_nodes": 1.0, "phase": "phase1", "position_source": "osm", "confidence": "high", "Line": "Blue Line", "Layout": "Underground", "snap_offset_m": null, "station_id": "MAA013", "radius_m": 800, "buffer_area_m2": 2007391.033949412, "prediction": 6546.0, "rank_phase2": null, "label_top15": 0}, "geometry": {"type": "Polygon", "coordinates": [[[80.23551638543724, 13.023999551287565], [80.23548303615854, 13.023290438342764], [80.23537896102182, 13.022587945023734], [80.23520516291659, 13.021898836674604], [80.23496331616406, 13.021229749679714], [80.23465575037152, 13.020587127555665], [80.234285427978, 13.01997715890278], [80.23385591570853, 13.019405717813273], [80.23337135021256, 13.018878307309707], [80.2328363982175, 13.018400006358194], [80.23225621158198, 13.01797542096607], [80.23163637768147, 13.017608639834814], [80.23098286560409, 13.01730319499461], [80.23030196867475, 13.01706202779947], [80.22960024386053, 13.016887460609826], [80.22888444864057, 13.016781174435053], [80.22816147594747, 13.016744192750892], [80.22743828780649, 13.016776871647318], [80.22672184831023, 13.016878896401701], [80.22601905657392, 13.01704928450999], [80.22533668031572, 13.017286395146847], [80.22468129070104, 13.017587944963687], [80.22405919907747, 13.017951030072537], [80.22347639620895, 13.018372154004355], [80.22293849459363, 13.018847261372757], [80.22245067442061, 13.01937177691936], [80.22201763368568, 13.019940649565065], [80.22164354294621, 13.020548401043467], [80.22133200515118, 13.02118917864853], [80.22108602093314, 13.021856811588806], [80.22090795969696, 13.022544870406067], [80.22079953678416, 13.023246728886335], [80.22076179693352, 13.02395562786745], [80.22079510419782, 13.024664740328932], [80.22089913841496, 13.025367237137432], [80.22107289826802, 13.026056352814715], [80.2213147109057, 13.026725450694833], [80.22162224803178, 13.027368086842872], [80.22199254830886, 13.027978072119563], [80.2224220458618, 13.02854953179386], [80.22290660460676, 13.029076962128991], [80.22344155807572, 13.029555283396736], [80.22402175435342, 13.029979888809008], [80.22464160569385, 13.030346688894975], [80.22529514233868, 13.030652150896021], [80.22597607001889, 13.030893332798664], [80.22667783058563, 13.031067911677267], [80.22739366518589, 13.031174206073247], [80.22811667937361, 13.031211192194943], [80.228839909529, 13.031178513781834], [80.22955638994482, 13.03107648553798], [80.23025921993333, 13.030906090101537], [80.23094163030636, 13.03066896857945], [80.23159704858752, 13.030367404738625], [80.23221916232752, 13.030004303005967], [80.23280197991255, 13.02958316048936], [80.23333988827889, 13.029108033289388], [80.233827706978, 13.028583497426553], [80.23426073807076, 13.028014604760703], [80.23463481137031, 13.027406834327593], [80.2349463245979, 13.026766039561686], [80.23519227806507, 13.026098391913909], [80.2353703035487, 13.025410321407696], [80.23547868708124, 13.02470845470621], [80.23551638543724, 13.023999551287565]]]}}, {"id": "14", "type": "Feature", "properties": {"railway": "station", "station": "subway", "subway": "yes", "construction": null, "construction:railway": null, "public_transport": "station", "network": "Chennai Metro", "operator": "Chennai Metro Rail Limited", "name": "Nandanam", "name:en": "Nandanam", "element": "node", "id": 6285857243.0, "category": "metro_operational", "city": "chennai", "index_right": 27.0, "n_osm_nodes": 1.0, "phase": "phase1", "position_source": "osm", "confidence": "high", "Line": "Blue Line", "Layout": "Underground", "snap_offset_m": null, "station_id": "MAA014", "radius_m": 800, "buffer_area_m2": 2007391.033949412, "prediction": 6245.0, "rank_phase2": null, "label_top15": 0}, "geometry": {"type": "Polygon", "coordinates": [[[80.24856312873445, 13.031750666402361], [80.24852974245381, 13.03104155345901], [80.24842562824887, 13.030339063595324], [80.24825178938556, 13.029649962121534], [80.24800990057769, 13.028980885355137], [80.24770229183743, 13.028338276713658], [80.24733192601717, 13.027728324667049], [80.24690237025986, 13.027156903147146], [80.24641776163318, 13.026629514987706], [80.24588276727937, 13.026151238939397], [80.24530253946428, 13.025726680769612], [80.24468266595926, 13.025359928917657], [80.24402911623308, 13.025054515131863], [80.2433481839725, 13.024813380467409], [80.24264642648413, 13.024638846971783], [80.2419306015611, 13.024532595330314], [80.24120760242154, 13.024495648686685], [80.24048439134492, 13.024528362794001], [80.23976793264441, 13.02463042259114], [80.23906512561997, 13.024800845237193], [80.23838273813698, 13.025037989574836], [80.237727341469, 13.025339571931495], [80.23710524703182, 13.025702688106346], [80.23652244561686, 13.026123841331621], [80.23598454970875, 13.02659897593916], [80.23549673944223, 13.02712351640851], [80.23506371271836, 13.027692411420658], [80.23468963996031, 13.028300182493819], [80.23437812394464, 13.02894097673311], [80.23413216509489, 13.029608623186665], [80.23395413257236, 13.030296692265761], [80.23384574144268, 13.030998557657151], [80.2338080361391, 13.031707460131594], [80.23384138038216, 13.032416572634393], [80.23394545365399, 13.033119066031174], [80.23411925426169, 13.033808174875942], [80.23436110896156, 13.034477262567929], [80.23466868905221, 13.035119885269753], [80.23503903278221, 13.035729853971125], [80.23546857385759, 13.03630129410018], [80.23595317577481, 13.036828702108018], [80.23648817164951, 13.03730699848121], [80.23706840915739, 13.03773157667129], [80.2376883001546, 13.038098347469582], [80.23834187450018, 13.038403778399658], [80.23902283756125, 13.038644927747495], [80.23972463084752, 13.038819472901334], [80.24044049519021, 13.038925732727815], [80.2411635358563, 13.038962683768721], [80.24188678897049, 13.03892997010196], [80.24260328860412, 13.038827906771722], [80.24330613388416, 13.03865747675469], [80.24398855547516, 13.038420321491456], [80.24464398079274, 13.038118725074453], [80.24526609732017, 13.037755592244835], [80.24584891341709, 13.037334420410414], [80.24638681603466, 13.036859265954472], [80.24687462478028, 13.036334705160243], [80.24730764181136, 13.035765790127797], [80.24768169707721, 13.035158000108302], [80.24799318847349, 13.034517188724722], [80.24823911652274, 13.033849527587789], [80.24841711324736, 13.033161446850485], [80.2485254649574, 13.032459573274084], [80.24856312873445, 13.031750666402361]]]}}, {"id": "15", "type": "Feature", "properties": {"railway": "station", "station": "subway", "subway": "yes", "construction": null, "construction:railway": null, "public_transport": "station", "network": "Chennai Metro", "operator": "Chennai Metro Rail Limited", "name": "Teynampet", "name:en": "Teynampet", "element": "node", "id": 6285857242.0, "category": "metro_operational", "city": "chennai", "index_right": 29.0, "n_osm_nodes": 1.0, "phase": "phase1", "position_source": "osm", "confidence": "high", "Line": "Blue Line", "Layout": "Underground", "snap_offset_m": null, "station_id": "MAA015", "radius_m": 800, "buffer_area_m2": 2007391.033949412, "prediction": 7034.0, "rank_phase2": null, "label_top15": 0}, "geometry": {"type": "Polygon", "coordinates": [[[80.25376770846943, 13.036825983618078], [80.25373430746728, 13.036116870779326], [80.2536301771511, 13.03541438236765], [80.25345632094212, 13.03472528367903], [80.25321441372135, 13.034056211003882], [80.25290678567833, 13.03341360772006], [80.25253639985132, 13.03280366224568], [80.25210682357579, 13.032232248449066], [80.25162219411689, 13.03170486908941], [80.25108717881726, 13.03122660283249], [80.25050693014418, 13.03080205535131], [80.24988703606955, 13.030435314982189], [80.24923346625992, 13.030129913362888], [80.24855251459505, 13.029888791431464], [80.24785073856813, 13.029714271112901], [80.24713489615043, 13.029608032965774], [80.24641188072826, 13.029571100004006], [80.2456886547376, 13.029603827849158], [80.24497218263504, 13.029705901308061], [80.24426936384944, 13.0298763374085], [80.24358696635929, 13.030113494863835], [80.24293156153453, 13.030415089875433], [80.24230946086955, 13.030778218120842], [80.2417266552158, 13.031199382716252], [80.24118875709893, 13.031674527884203], [80.24070094667519, 13.032199078002666], [80.24026792184739, 13.032767981659807], [80.23989385302082, 13.03337576029063], [80.23958234293448, 13.03401656092746], [80.23933639195518, 13.034684212556751], [80.23915836916876, 13.035372285539834], [80.23904998954748, 13.036074153525705], [80.23901229741405, 13.036783057259948], [80.23904565636246, 13.037492169675499], [80.23914974573347, 13.038194661638586], [80.23932356367929, 13.038883767716747], [80.23956543678938, 13.039552851335594], [80.23987303618505, 13.040195468696714], [80.24024339992893, 13.040805430841004], [80.2406729615342, 13.041376863259526], [80.24115758429946, 13.04190426247746], [80.24169260113936, 13.04238254906588], [80.24227285952735, 13.042807116570462], [80.24289277111824, 13.043173875885396], [80.24354636557234, 13.043479294644843], [80.24422734806278, 13.043720431252057], [80.24492915991182, 13.043894963218076], [80.24564504177152, 13.04400120953672], [80.24636809873986, 13.044038146880041], [80.24709136678423, 13.044005419458086], [80.24780787983198, 13.043903342447773], [80.24851073688073, 13.043732898957792], [80.24919316848157, 13.043495730558755], [80.24984860195367, 13.043194121469863], [80.2504707247018, 13.04283097655455], [80.2510535450258, 13.042409793337226], [80.2515914498363, 13.041934628311001], [80.2520792587198, 13.041410057861034], [80.25251227383266, 13.040841134180488], [80.25288632514297, 13.040233336603857], [80.25319781058487, 13.039592518826879], [80.25344373073857, 13.038924852521795], [80.25362171770287, 13.03823676789126], [80.25373005788215, 13.03753489173387], [80.25376770846943, 13.036825983618078]]]}}, {"id": "16", "type": "Feature", "properties": {"railway": "station", "station": "subway", "subway": "yes", "construction": null, "construction:railway": null, "public_transport": "station", "network": "Chennai Metro", "operator": "Chennai Metro Rail Limited", "name": "AG \u2013 DMS", "name:en": "AG-DMS", "element": "node", "id": 6285857249.0, "category": "metro_operational", "city": "chennai", "index_right": 31.0, "n_osm_nodes": 1.0, "phase": "phase1", "position_source": "osm", "confidence": "high", "Line": "Blue Line", "Layout": "Underground", "snap_offset_m": null, "station_id": "MAA016", "radius_m": 800, "buffer_area_m2": 2007391.033949412, "prediction": 5978.0, "rank_phase2": null, "label_top15": 0}, "geometry": {"type": "Polygon", "coordinates": [[[80.25568530068485, 13.045901777275125], [80.25565189443974, 13.045192664814959], [80.25554775631029, 13.044490177164503], [80.25537388979346, 13.043801079612264], [80.25513196986984, 13.043132008437537], [80.25482432685159, 13.04248940700353], [80.25445392392145, 13.041879463710316], [80.25402432857973, 13.041308052404991], [80.25353967827526, 13.040780675822536], [80.25300464055134, 13.04030241260175], [80.25242436809114, 13.03987786838621], [80.25180444909537, 13.0395111314806], [80.2511508534703, 13.039205733489185], [80.25046987534398, 13.038964615314981], [80.24976807246398, 13.03879009884671], [80.24905220305976, 13.03868386460585], [80.24832916077706, 13.038646935568728], [80.24760590831006, 13.03867966731918], [80.2468894103699, 13.038781744626526], [80.24618656663385, 13.03895218448163], [80.24550414532033, 13.039189345561882], [80.24484871802841, 13.039490944033929], [80.24422659646861, 13.039854075542214], [80.2436437716935, 13.04027524317173], [80.24310585641283, 13.040750391116024], [80.24261803094818, 13.04127494372655], [80.24218499334735, 13.041843849567677], [80.24181091413885, 13.04245163005354], [80.24149939616196, 13.04309243219875], [80.24125343985988, 13.04376008497535], [80.24107541437007, 13.044448158733676], [80.2409670346913, 13.045150027115287], [80.24092934514728, 13.045858930861932], [80.24096270930758, 13.046568042906362], [80.24106680646314, 13.047270534118269], [80.24124063469165, 13.047959639072287], [80.24148252048391, 13.048628721204668], [80.24179013483939, 13.049271336731115], [80.24216051567687, 13.049881296709986], [80.24259009634503, 13.050452726652965], [80.24307473995896, 13.050980123108843], [80.24360977923244, 13.051458406675085], [80.24419006142278, 13.051882970926256], [80.24480999795533, 13.052249726787712], [80.2454636182499, 13.052555141926728], [80.2461446272304, 13.052796274781315], [80.24684646596356, 13.05297080289859], [80.24756237484208, 13.053077045309411], [80.24828545870328, 13.053113978723486], [80.24900875325511, 13.053081247388773], [80.24972529216915, 13.052979166519972], [80.25042817419352, 13.052808719263089], [80.25111062963842, 13.052571547225183], [80.25176608559309, 13.052269934660696], [80.25238822924555, 13.051906786466754], [80.25297106869421, 13.051485600199582], [80.25350899066544, 13.051010432381867], [80.25399681458052, 13.050485859425885], [80.2544298424512, 13.04991693354913], [80.25480390412292, 13.049309134107418], [80.2551153974303, 13.048668314814604], [80.25536132287822, 13.048000647357624], [80.25553931251486, 13.047312561950292], [80.25564765271933, 13.046610685398722], [80.25568530068485, 13.045901777275125]]]}}, {"id": "17", "type": "Feature", "properties": {"railway": "station", "station": "subway", "subway": "yes", "construction": null, "construction:railway": null, "public_transport": "station", "network": "Chennai Metro", "operator": "Chennai Metro Rail Limited", "name": "Vadapalani", "name:en": "Vadapalani", "element": "node", "id": 5319972798.0, "category": "metro_operational", "city": "chennai", "index_right": 32.0, "n_osm_nodes": 1.0, "phase": "phase1", "position_source": "osm", "confidence": "high", "Line": "Green Line", "Layout": "Elevated", "snap_offset_m": null, "station_id": "MAA017", "radius_m": 800, "buffer_area_m2": 2007391.033949412, "prediction": 8771.0, "rank_phase2": null, "label_top15": 0}, "geometry": {"type": "Polygon", "coordinates": [[[80.21942364011049, 13.050960249142221], [80.21939033764713, 13.05025113794982], [80.21928630145173, 13.049548641522804], [80.21911253404029, 13.048859525235777], [80.21887070944004, 13.048190425549885], [80.21856315704646, 13.047547786104136], [80.21819283917101, 13.046937795665674], [80.21776332249661, 13.046366328536317], [80.21727874371624, 13.045838887989046], [80.21674376968622, 13.045360553278748], [80.21616355247808, 13.044935930737216], [80.21554367976206, 13.044569109422868], [80.21489012100021, 13.044263621751998], [80.2142091699668, 13.044022409490138], [80.21350738414944, 13.043847795430768], [80.21279152161391, 13.04374146103371], [80.2120684759401, 13.043704430238202], [80.2113452098548, 13.043737059606402], [80.21062868819988, 13.043839034891976], [80.20992581088024, 13.044009374066745], [80.20924334643668, 13.044246436776266], [80.20858786688234, 13.04454794013333], [80.2079656844295, 13.044910980697406], [80.20738279071546, 13.045332062428631], [80.2068447991121, 13.045807130347411], [80.20635689067424, 13.046331609575825], [80.20592376424699, 13.046900449385221], [80.20554959121264, 13.047508171826237], [80.20523797531261, 13.04814892447337], [80.20499191793188, 13.04881653677649], [80.20481378918042, 13.049504579477075], [80.20470530505082, 13.050206426517311], [80.20466751087241, 13.050915318846108], [80.2047007712225, 13.051624429507847], [80.20480476639221, 13.0523269293872], [80.20497849544213, 13.053016052976888], [80.20522028581928, 13.053685163535128], [80.20552780944331, 13.054327817005094], [80.20589810510837, 13.054937824080707], [80.20632760698508, 13.05550930982078], [80.20681217894912, 13.05603677023714], [80.20734715440612, 13.056515125311336], [80.20792738122974, 13.056939767929014], [80.20854727138017, 13.05730660826023], [80.20920085472541, 13.057612113157889], [80.20988183654644, 13.057853340194436], [80.2105836581725, 13.05802796600861], [80.21129956016169, 13.058134308688865], [80.21202264741798, 13.058171343977639], [80.21274595561655, 13.058138715140098], [80.21346251829718, 13.058036736402192], [80.21416543397832, 13.057866389924762], [80.214847932645, 13.057629316342888], [80.21550344096889, 13.057327798961609], [80.2161256456321, 13.056964741760385], [80.21670855414384, 13.056543641418441], [80.21724655256351, 13.056068553630572], [80.2177344595744, 13.055544054038254], [80.21816757638618, 13.054975194152716], [80.21854173198612, 13.054367452694828], [80.21885332330277, 13.053726682820912], [80.21909934989588, 13.053059055743107], [80.21927744283863, 13.052371001287714], [80.21938588751456, 13.05166914596428], [80.21942364011049, 13.050960249142221]]]}}, {"id": "18", "type": "Feature", "properties": {"railway": "station", "station": "subway", "subway": "yes", "construction": null, "construction:railway": null, "public_transport": "station", "network": "Chennai Metro", "operator": "Chennai Metro Rail Limited", "name": "Thousand Lights", "name:en": "Thousand Lights", "element": "node", "id": 5337407346.0, "category": "metro_operational", "city": "chennai", "index_right": 34.0, "n_osm_nodes": 1.0, "phase": "phase1", "position_source": "osm", "confidence": "high", "Line": "Blue Line", "Layout": "Underground", "snap_offset_m": null, "station_id": "MAA018", "radius_m": 800, "buffer_area_m2": 2007391.033949412, "prediction": 8695.0, "rank_phase2": null, "label_top15": 0}, "geometry": {"type": "Polygon", "coordinates": [[[80.2661251197459, 13.058578816501354], [80.26609168396588, 13.057869704394253], [80.26598751279874, 13.057167219766063], [80.26581361006002, 13.056478127875634], [80.26557165107948, 13.055809064947175], [80.2652639665456, 13.055166474263904], [80.26489352004094, 13.054556544121848], [80.26446387948535, 13.053985148240947], [80.26397918276274, 13.053457789207213], [80.26344409786304, 13.05297954549011], [80.26286377792316, 13.05255502254512], [80.2622438116004, 13.052188308471944], [80.26159016925607, 13.05188293465492], [80.26090914546731, 13.051641841764324], [80.26020729842067, 13.051467351445568], [80.25949138677012, 13.051361143968586], [80.2587683045675, 13.051324242052317], [80.25804501489074, 13.051357001019852], [80.25732848280875, 13.051459105378914], [80.25662560832713, 13.051629571860392], [80.25594315996005, 13.051866758885803], [80.25528770956697, 13.052168382372484], [80.25466556908088, 13.05253153772452], [80.25408272973674, 13.052952727797758], [80.2535448043849, 13.053427896570021], [80.2530569734444, 13.05395246819252], [80.25262393501635, 13.054521391046784], [80.25224985963786, 13.055129186383239], [80.25193835011213, 13.055770001073524], [80.25169240680171, 13.056437663968778], [80.25151439871985, 13.057125745321715], [80.2514060406984, 13.057827618700466], [80.25136837685332, 13.058536524798287], [80.25140177050734, 13.059245636524828], [80.25150590066798, 13.05994812475235], [80.25167976509553, 13.060637224083674], [80.2519216899325, 13.061306298008638], [80.2522293458025, 13.061948902821433], [80.25259977022456, 13.062558849683052], [80.25302939612745, 13.063130264231026], [80.25351408619032, 13.063657643161982], [80.25404917267919, 13.064135907241809], [80.25462950239606, 13.064560450232504], [80.25524948630792, 13.064927183264013], [80.25590315337755, 13.065232574223453], [80.25658420807756, 13.06547368178176], [80.25728609103356, 13.065648183729854], [80.25800204221159, 13.065754399350903], [80.2587251660408, 13.065791305612988], [80.25944849784351, 13.065758547026004], [80.26016507093202, 13.065656439067613], [80.26086798372482, 13.065485965145244], [80.26155046623548, 13.06524876712333], [80.26220594529241, 13.064947129507118], [80.26282810786108, 13.064583957435518], [80.26341096185794, 13.06416274869521], [80.26394889386953, 13.063687560025725], [80.26443672322087, 13.063162968040501], [80.26486975187191, 13.062594025140537], [80.2652438096613, 13.061986210845742], [80.26555529446175, 13.061345379013044], [80.26580120686089, 13.060677701450084], [80.2659791790334, 13.0599896084678], [80.26608749752737, 13.059287726944985], [80.2661251197459, 13.058578816501354]]]}}, {"id": "19", "type": "Feature", "properties": {"railway": "station", "station": "subway", "subway": "yes", "construction": null, "construction:railway": null, "public_transport": "station", "network": "Chennai Metro", "operator": "Chennai Metro Rail Limited", "name": "Arumbakkam", "name:en": "Arumbakkam", "element": "node", "id": 5319972799.0, "category": "metro_operational", "city": "chennai", "index_right": 35.0, "n_osm_nodes": 1.0, "phase": "phase1", "position_source": "osm", "confidence": "high", "Line": "Green Line", "Layout": "Elevated", "snap_offset_m": null, "station_id": "MAA019", "radius_m": 800, "buffer_area_m2": 2007391.033949412, "prediction": 5625.0, "rank_phase2": null, "label_top15": 0}, "geometry": {"type": "Polygon", "coordinates": [[[80.21905588728978, 13.061695633782666], [80.21902258623926, 13.060986523102844], [80.21891854838195, 13.060284026909327], [80.21874477625033, 13.05959491057441], [80.2185029439176, 13.0589258105596], [80.21819538085413, 13.058283170506925], [80.21782504947451, 13.057673179189202], [80.217395516592, 13.057101710916498], [80.21691091905585, 13.056574268972584], [80.21637592390307, 13.056095932625547], [80.2157956834086, 13.05567130822269], [80.21517578546678, 13.055304484840118], [80.2145221997824, 13.054998994913815], [80.21384122038867, 13.054757780230831], [80.21313940504591, 13.054583163607795], [80.21242351210381, 13.054476826529077], [80.21170043543454, 13.054439792959663], [80.2109771380629, 13.05447241948837], [80.21026058513148, 13.054574391896221], [80.20955767684589, 13.054744728182806], [80.20887518204468, 13.054981788021601], [80.20821967303287, 13.05528328855318], [80.2075974623061, 13.055646326364405], [80.20701454177367, 13.056067405442139], [80.20647652506558, 13.056542470832573], [80.20598859347831, 13.057066947682374], [80.20555544607997, 13.05763578528605], [80.20518125445493, 13.058243505715726], [80.20486962252387, 13.058884256565493], [80.20462355182653, 13.059551867302732], [80.20444541260149, 13.060239908684181], [80.20433692094267, 13.060941754664858], [80.20429912225244, 13.061650646203965], [80.20433238115208, 13.062359756353537], [80.20443637794725, 13.063062256003166], [80.20461011168338, 13.063751379647735], [80.20485190976284, 13.064420490544828], [80.20515944403158, 13.06506314463422], [80.20552975318157, 13.065673152603674], [80.20595927125385, 13.066244639503198], [80.20644386196828, 13.066772101333212], [80.20697885855003, 13.067250458061414], [80.20755910866926, 13.067675102557265], [80.2081790240617, 13.068041944972492], [80.208832634352, 13.068347452139705], [80.20951364456135, 13.06858868160929], [80.21021549574517, 13.068763309996376], [80.21093142817645, 13.068869655364514], [80.21165454646545, 13.068906693430158], [80.21237788598796, 13.068874067431693], [80.21309447998156, 13.06877209156773], [80.21379742666262, 13.068601747971499], [80.21447995571711, 13.068364677250418], [80.21513549352365, 13.06806316268212], [80.21575772648004, 13.067700108219166], [80.2163406618227, 13.06727901051461], [80.2168786853525, 13.066803925238077], [80.21736661551078, 13.066279428007109], [80.21779975328438, 13.065710570310443], [80.21817392745879, 13.06510283084811], [80.21848553478392, 13.064462062757437], [80.21873157466567, 13.063794437233595], [80.21890967804964, 13.063106384088092], [80.2190181302193, 13.062404529817995], [80.21905588728978, 13.061695633782666]]]}}, {"id": "20", "type": "Feature", "properties": {"railway": "station", "station": "subway", "subway": "yes", "construction": null, "construction:railway": null, "public_transport": "station", "network": "Chennai Metro", "operator": "Chennai Metro Rail Limited", "name": "Pachaiyappa's College", "name:en": null, "element": "node", "id": 5329907482.0, "category": "metro_operational", "city": "chennai", "index_right": 36.0, "n_osm_nodes": 1.0, "phase": "phase1", "position_source": "osm", "confidence": "high", "Line": "Green Line", "Layout": "Underground", "snap_offset_m": null, "station_id": "MAA020", "radius_m": 800, "buffer_area_m2": 2007391.033949412, "prediction": 3803.0, "rank_phase2": null, "label_top15": 0}, "geometry": {"type": "Polygon", "coordinates": [[[80.24023421148951, 13.075557905025644], [80.24020085024699, 13.074848794360372], [80.24009674846063, 13.074146303782129], [80.23992290927897, 13.073457198608093], [80.2396810074211, 13.072788115191274], [80.23937337302681, 13.072145497012901], [80.23900296919733, 13.071535532634243], [80.23857336344302, 13.070964096105188], [80.2380886933142, 13.07043669040319], [80.23755362654597, 13.069958394446894], [80.23697331610187, 13.069533814194386], [80.23635335054871, 13.069167038296541], [80.23569970024116, 13.068861598732212], [80.23501865983351, 13.068620436803798], [80.23431678767251, 13.06844587482042], [80.23360084265387, 13.068339593740937], [80.23287771915035, 13.068302616991875], [80.23215438063693, 13.068335300615779], [80.23143779265185, 13.068437329844812], [80.23073485573792, 13.068607722132374], [80.23005233900925, 13.068844836613636], [80.22939681498214, 13.0691463899039], [80.2287745962972, 13.069509478082802], [80.22819167494094, 13.069930604652885], [80.2276536645521, 13.070405714203565], [80.22716574636725, 13.070930231456643], [80.22673261932654, 13.071499105317757], [80.22635845481948, 13.072106857509882], [80.22604685650685, 13.072747635321047], [80.22580082560587, 13.073415267958623], [80.22562273197309, 13.074103325967886], [80.22551429126445, 13.074805183143015], [80.22547654839262, 13.075514080334568], [80.22550986744217, 13.076223190539203], [80.22561392814, 13.07692568464498], [80.22578772891661, 13.077614797199148], [80.22602959652882, 13.078283891565082], [80.22633720215283, 13.07892652384079], [80.22670758379307, 13.079536504923254], [80.22713717479189, 13.080107960120658], [80.22762183816603, 13.08063538573814], [80.22815690643993, 13.081113702091706], [80.22873722659224, 13.081538302439432], [80.22935720968302, 13.081905097358176], [80.23001088468368, 13.082210554138136], [80.23069195599095, 13.082451730815317], [80.23139386407067, 13.082626304513816], [80.23210984864676, 13.082732593824565], [80.2328330138263, 13.08276957500472], [80.23355639453271, 13.082736891841448], [80.23427302360632, 13.082634859084884], [80.23497599892528, 13.082464459417189], [80.23565854989964, 13.082227333986813], [80.23631410269701, 13.081925766599214], [80.23693634357119, 13.081562661716509], [80.23751927968293, 13.081141516478073], [80.23805729682645, 13.080666387011911], [80.23854521350563, 13.080141849361553], [80.23897833083814, 13.079572955405233], [80.23935247780756, 13.078965184192205], [80.23966405142708, 13.078324389165411], [80.23991005142845, 13.07765674177907], [80.24008810914252, 13.076968672054683], [80.24019651029371, 13.076266806648286], [80.24023421148951, 13.075557905025644]]]}}, {"id": "21", "type": "Feature", "properties": {"railway": "station", "station": "subway", "subway": "yes", "construction": null, "construction:railway": null, "public_transport": "station", "network": "Chennai Metro", "operator": "Chennai Metro Rail Limited", "name": "Kilpauk", "name:en": null, "element": "node", "id": 5329907487.0, "category": "metro_operational", "city": "chennai", "index_right": 37.0, "n_osm_nodes": 1.0, "phase": "phase1", "position_source": "osm", "confidence": "high", "Line": "Green Line", "Layout": "Underground", "snap_offset_m": null, "station_id": "MAA021", "radius_m": 800, "buffer_area_m2": 2007391.033949412, "prediction": 4051.0, "rank_phase2": null, "label_top15": 0}, "geometry": {"type": "Polygon", "coordinates": [[[80.24999986163381, 13.077647877276402], [80.24996647247822, 13.076938766450565], [80.24986234229048, 13.076236278366688], [80.24968847449266, 13.07554717831749], [80.24944654407922, 13.074878102606204], [80.24913888146482, 13.074235494639467], [80.2487684500221, 13.073625542879878], [80.24833881752701, 13.073054121255543], [80.24785412178694, 13.072526732600188], [80.24731903078322, 13.072048455668204], [80.24673869771227, 13.071623896234437], [80.24611871135833, 13.071257142749365], [80.24546504227588, 13.07095172697615], [80.24478398529962, 13.070710589988316], [80.24408209893545, 13.070536053855106], [80.24336614221555, 13.07042979928681], [80.24264300962511, 13.070392849455038], [80.2419196647265, 13.070425560143557], [80.24120307311934, 13.070527616324336], [80.2405001353814, 13.070698035191661], [80.2398176206348, 13.070935175625147], [80.23916210137705, 13.071236753990537], [80.23853989020306, 13.071599866126315], [80.23795697902743, 13.072021015304562], [80.23741898139124, 13.072496145897137], [80.23693107840873, 13.073020682423303], [80.23649796887415, 13.073589573603092], [80.2361238240089, 13.074197340992608], [80.23581224728507, 13.074838131733358], [80.23556623971238, 13.075505774907946], [80.23538817092317, 13.076193840959858], [80.23527975633442, 13.076895703605446], [80.23524204060752, 13.077604603642163], [80.23527538756572, 13.078313714038833], [80.23537947666726, 13.07901620568121], [80.23555330606904, 13.079705313139817], [80.23579520225206, 13.080374399826688], [80.2361028361172, 13.081017021913398], [80.23647324539657, 13.081626990394726], [80.23690286316597, 13.08219843069996], [80.2373875521839, 13.082725839277469], [80.23792264472739, 13.083204136607279], [80.23850298754081, 13.083628716130658], [80.23912299146555, 13.083995488625096], [80.23977668527186, 13.084300921596917], [80.24045777317497, 13.084542073311654], [80.24115969548043, 13.084716621134124], [80.24187569177488, 13.084822883904831], [80.24259886605228, 13.08485983813694], [80.24332225314829, 13.084827127877587], [80.2440388858416, 13.084725068138308], [80.24474186197563, 13.084554641861574], [80.24542441095262, 13.084317490452507], [80.24607995895965, 13.084015897967143], [80.246702192297, 13.083652769109628], [80.2472851181983, 13.083231601250484], [80.24782312255662, 13.08275645073575], [80.24831102399936, 13.082231893811754], [80.24874412379148, 13.08166298254236], [80.24911825108595, 13.08105519614348], [80.24942980308589, 13.080414388204122], [80.24967577973173, 13.079746730302631], [80.24985381257964, 13.079058652561455], [80.24996218759387, 13.078356781713456], [80.24999986163381, 13.077647877276402]]]}}, {"id": "22", "type": "Feature", "properties": {"railway": "station", "station": "subway", "subway": "yes", "construction": null, "construction:railway": null, "public_transport": "station", "network": "Chennai Metro", "operator": "Chennai Metro Rail Limited", "name": "Nehru Park", "name:en": null, "element": "node", "id": 5329907490.0, "category": "metro_operational", "city": "chennai", "index_right": 38.0, "n_osm_nodes": 1.0, "phase": "phase1", "position_source": "osm", "confidence": "high", "Line": "Green Line", "Layout": "Underground", "snap_offset_m": null, "station_id": "MAA022", "radius_m": 800, "buffer_area_m2": 2007391.033949412, "prediction": 4192.0, "rank_phase2": null, "label_top15": 0}, "geometry": {"type": "Polygon", "coordinates": [[[80.25785178933349, 13.078812823223437], [80.25781837771609, 13.078103712259553], [80.25771422482309, 13.077401226180898], [80.25754033429516, 13.076712130260525], [80.25729838134558, 13.076043060761569], [80.25699069660578, 13.075400461030537], [80.25662024366127, 13.074790519450467], [80.25619059049478, 13.07421910985123], [80.25570587511237, 13.073691734950616], [80.25517076568418, 13.07321347337047], [80.25459041558368, 13.072788930737817], [80.25397041375872, 13.072422195341392], [80.2533167309124, 13.072116798770299], [80.25263566201166, 13.07187568191335], [80.25193376567688, 13.071701166646173], [80.25121780103609, 13.071594933478409], [80.25049466265057, 13.071558005375913], [80.24977131413837, 13.071590737913537], [80.24905472113393, 13.071692815853199], [80.24835178422849, 13.071863256179988], [80.24766927253633, 13.072100417567185], [80.24701375852567, 13.072402016179044], [80.24639155474121, 13.072765147659306], [80.24580865302667, 13.07318631509396], [80.24527066683237, 13.073661462679178], [80.24478277716274, 13.074186014770639], [80.2443496826842, 13.074754919938462], [80.24397555447355, 13.075362699603968], [80.24366399584288, 13.076003500790295], [80.243418007628, 13.076671152479243], [80.24323995927507, 13.07735922503204], [80.24313156600454, 13.078061092102125], [80.24309387227265, 13.07876999444401], [80.24312724169094, 13.079479105003946], [80.24323135350137, 13.080181594665765], [80.24340520564208, 13.080870698018703], [80.24364712437497, 13.081539778514001], [80.24395478038352, 13.082182392382567], [80.24432521118636, 13.082792350698067], [80.24475484965168, 13.083363778987493], [80.24523955833834, 13.083891173814813], [80.24577466933354, 13.084369455792391], [80.24635502920357, 13.084794018509365], [80.24697504862516, 13.085160772905143], [80.24762875621896, 13.085466186660508], [80.24830985606702, 13.085707318226254], [80.24901178835965, 13.085881845161504], [80.24972779258701, 13.085988086508227], [80.25045097266651, 13.08602501898625], [80.25117436337781, 13.085992286852566], [80.25189099746483, 13.085890205329743], [80.2525939727575, 13.08571975757039], [80.25327651866635, 13.08548258518685], [80.25393206140825, 13.085180972437456], [80.25455428733437, 13.084817824221766], [80.2551372037501, 13.084396638096917], [80.25567519664014, 13.083921470585], [80.25616308474277, 13.0833968980961], [80.25659616945177, 13.082827972843969], [80.25697028006579, 13.0822201741791], [80.25728181394898, 13.081579355808504], [80.25752777121654, 13.08091168941076], [80.25770578361161, 13.080223605189888], [80.25781413729558, 13.079521729940843], [80.25785178933349, 13.078812823223437]]]}}, {"id": "23", "type": "Feature", "properties": {"railway": "station", "station": "subway", "subway": "yes", "construction": null, "construction:railway": null, "public_transport": "station", "network": "Chennai Metro", "operator": "Chennai Metro Rail Limited", "name": "Shenoy Nagar", "name:en": "Shenoy Nagar", "element": "way", "id": 393560244.0, "category": "metro_operational", "city": "chennai", "index_right": 39.0, "n_osm_nodes": 1.0, "phase": "phase1", "position_source": "osm", "confidence": "high", "Line": "Green Line", "Layout": "Underground", "snap_offset_m": null, "station_id": "MAA023", "radius_m": 800, "buffer_area_m2": 2007391.033949412, "prediction": 4731.0, "rank_phase2": null, "label_top15": 0}, "geometry": {"type": "Polygon", "coordinates": [[[80.23241081281672, 13.07890296109564], [80.23237747408257, 13.078193850809457], [80.23227339375924, 13.077491358401996], [80.23209957478882, 13.076802249208397], [80.23185769169606, 13.076133159620655], [80.23155007444045, 13.075490533179657], [80.23117968595855, 13.074880558526422], [80.23075009361332, 13.07430910980989], [80.23026543482636, 13.073781690124928], [80.22973037722399, 13.073303378524798], [80.22915007368181, 13.072878781118131], [80.22853011270051, 13.072511986720846], [80.22787646459096, 13.072206527489707], [80.2271954239865, 13.071965344916235], [80.22649354923588, 13.071790761508042], [80.22577759925984, 13.071684458429978], [80.22505446847876, 13.071647459320044], [80.22433112043765, 13.07168012043578], [80.22361452076628, 13.071782127225752], [80.22291157011972, 13.071952497359138], [80.22222903774401, 13.072189590184191], [80.2215734963058, 13.072491122524534], [80.22095125861293, 13.072854190661388], [80.22036831683457, 13.07327529829022], [80.2198302848057, 13.073750390182816], [80.2193423439709, 13.07427489123107], [80.21890919348807, 13.074843750496797], [80.21853500497218, 13.075451489843706], [80.21822338231496, 13.07609225668377], [80.21797732696783, 13.076759880330302], [80.21779920902273, 13.077447931415493], [80.21769074436965, 13.078149783800564], [80.21765297815193, 13.078858678382561], [80.21768627467907, 13.079567788183647], [80.21779031389512, 13.080270284096121], [80.21796409443769, 13.080959400650153], [80.2182059432588, 13.081628501170885], [80.218513531716, 13.082271141697282], [80.21888389797945, 13.082881133047035], [80.21931347554002, 13.083452600429556], [80.21979812754428, 13.083980040032667], [80.22033318662656, 13.084458372037654], [80.2209134998544, 13.084882989551744], [80.22153347835489, 13.085249802986295], [80.22218715114388, 13.085555279452958], [80.22286822263966, 13.08579647679786], [80.2235701333063, 13.085971071945727], [80.22428612284288, 13.08607738328056], [80.22500929530867, 13.086114386847058], [80.22573268555678, 13.086081726216419], [80.22644932633546, 13.08597971592143], [80.22715231540987, 13.085809338427609], [80.22783488205722, 13.085572234669568], [80.22849045229385, 13.085270688243828], [80.22911271220516, 13.084907603410453], [80.22969566876819, 13.08448647711563], [80.23023370757977, 13.08401136530489], [80.23072164693465, 13.083486843851777], [80.23115478773182, 13.082917964478629], [80.23152895872853, 13.082310206094455], [80.23184055670632, 13.081669422018866], [80.23208658116211, 13.081001783600907], [80.23226466319117, 13.080313720776042], [80.23237308828372, 13.079611860134202], [80.23241081281672, 13.07890296109564]]]}}, {"id": "24", "type": "Feature", "properties": {"railway": "station", "station": "subway", "subway": "yes", "construction": null, "construction:railway": null, "public_transport": "station", "network": "Chennai Metro", "operator": "Chennai Metro Rail Limited", "name": "Anna Nagar East", "name:en": "Anna Nagar East", "element": "way", "id": 1314817097.0, "category": "metro_operational", "city": "chennai", "index_right": 40.0, "n_osm_nodes": 1.0, "phase": "phase1", "position_source": "osm", "confidence": "high", "Line": "Green Line", "Layout": "Underground", "snap_offset_m": null, "station_id": "MAA024", "radius_m": 800, "buffer_area_m2": 2007391.033949412, "prediction": 7075.0, "rank_phase2": null, "label_top15": 0}, "geometry": {"type": "Polygon", "coordinates": [[[80.22669505160493, 13.084680621349364], [80.22666172942878, 13.083971511504329], [80.22655766394459, 13.083269017869126], [80.22638385795197, 13.082579905790928], [80.22614198585106, 13.081910811689689], [80.22583437749587, 13.081268179149882], [80.22546399573766, 13.080658196871328], [80.22503440787504, 13.08008673907641], [80.22454975128679, 13.079559308947378], [80.22401469357834, 13.079080985637969], [80.22343438762661, 13.078656375369432], [80.22281442195568, 13.07828956708134], [80.22216076692168, 13.077984093063996], [80.22147971722468, 13.077742894951058], [80.22077783130096, 13.077568295399496], [80.22006186817875, 13.077461975729335], [80.21933872240483, 13.07742495973808], [80.21861535766836, 13.077457603845566], [80.21789873975953, 13.077559593663915], [80.21719576950876, 13.077729947025533], [80.21651321635044, 13.077967023440017], [80.21585765315099, 13.078268539888917], [80.2152353929274, 13.078631592806435], [80.21465242806548, 13.079052686034592], [80.21411437262212, 13.07952776448391], [80.21362640826707, 13.080052253175863], [80.21319323438455, 13.080621101291404], [80.2128190228146, 13.081228830801841], [80.21250737767092, 13.081869589214113], [80.21226130062145, 13.082537205922964], [80.21208316196714, 13.083225251627693], [80.21197467779758, 13.08392710024162], [80.21193689344423, 13.084635992698416], [80.2119701733915, 13.085345102040982], [80.21207419774346, 13.08604759916627], [80.21224796528118, 13.086736718593004], [80.21248980308236, 13.08740582361882], [80.21279738261107, 13.088048470239418], [80.21316774212386, 13.088658469213868], [80.21359731517697, 13.089229945678166], [80.21408196496078, 13.089757395732612], [80.21461702413131, 13.090235739457743], [80.21519733975548, 13.090660369847752], [80.2158173229375, 13.091027197189806], [80.2164710026483, 13.091332688461364], [80.21715208323947, 13.091573901365704], [80.21785400508752, 13.091748512677428], [80.21857000778365, 13.091854840624576], [80.21929319526028, 13.091891861091563], [80.22001660222564, 13.091859217486551], [80.2207332612667, 13.09175722417811], [80.22143626997237, 13.091586863467956], [80.22211885743042, 13.091349776128899], [80.22277444945635, 13.091048245599202], [80.22339673192536, 13.09068517598579], [80.22397971159678, 13.090264064088252], [80.22451777384461, 13.08978896571352], [80.22500573673756, 13.089264456605846], [80.22543890094765, 13.08869558836883], [80.2258130950065, 13.088087839804436], [80.22612471547339, 13.087447064137951], [80.22637076162867, 13.086779432637696], [80.22654886435866, 13.086091375172808], [80.2266573089543, 13.085389518281893], [80.22669505160493, 13.084680621349364]]]}}, {"id": "25", "type": "Feature", "properties": {"railway": "station", "station": "subway", "subway": "yes", "construction": null, "construction:railway": null, "public_transport": "station", "network": "Chennai Metro", "operator": "Chennai Metro Rail Limited", "name": "LIC", "name:en": "LIC", "element": "node", "id": 5337407350.0, "category": "metro_operational", "city": "chennai", "index_right": 49.0, "n_osm_nodes": 1.0, "phase": "phase1", "position_source": "osm", "confidence": "high", "Line": "Blue Line", "Layout": "Underground", "snap_offset_m": null, "station_id": "MAA025", "radius_m": 800, "buffer_area_m2": 2007391.033949412, "prediction": 7000.0, "rank_phase2": null, "label_top15": 0}, "geometry": {"type": "Polygon", "coordinates": [[[80.27324313981403, 13.064370707116153], [80.27320968380127, 13.0636615951306], [80.27310549082856, 13.062959112490956], [80.2729315649216, 13.06227002443657], [80.27268958163346, 13.061600967154348], [80.27238187188667, 13.060958383872805], [80.27201139950651, 13.060348462816357], [80.27158173266187, 13.059777077617182], [80.27109700948961, 13.059249730758184], [80.27056189823405, 13.05877150059142], [80.26998155228553, 13.058346992441761], [80.26936156055145, 13.057980294266397], [80.26870789363733, 13.057674937296586], [80.26802684635653, 13.057433862040464], [80.26732497712136, 13.05725938997378], [80.26660904479908, 13.057153201190902], [80.26588594364021, 13.057116318231019], [80.26516263690493, 13.057149096234982], [80.26444608982612, 13.057251219527512], [80.26374320255367, 13.057421704657507], [80.26306074372484, 13.05765890986725], [80.26240528529982, 13.057960550899296], [80.26178313928901, 13.05832372298906], [80.26120029698077, 13.05874492883148], [80.26066237125427, 13.059220112252738], [80.26017454253241, 13.059744697263135], [80.25974150889536, 13.060313632115362], [80.25936744083452, 13.06092143794435], [80.25905594108302, 13.061562261520638], [80.25881000990977, 13.0622299316097], [80.25863201621155, 13.062918018394793], [80.25852367468215, 13.063619895391522], [80.25848602927907, 13.06432880325801], [80.25851944314776, 13.065037914886576], [80.25862359510131, 13.06574040115007], [80.25879748269037, 13.066429496669883], [80.25903943183441, 13.067098564972211], [80.25934711292304, 13.067741162405051], [80.25971756323226, 13.068351100200152], [80.2601472154414, 13.068922504082083], [80.26063193197602, 13.069449870849976], [80.2611670448469, 13.069928121386681], [80.26174740060156, 13.070352649584517], [80.26236740995584, 13.070719366715865], [80.263021101627, 13.071024740820997], [80.26370217985036, 13.07126583073327], [80.26440408502445, 13.071440314413714], [80.26512005690093, 13.071546511321637], [80.26584319970921, 13.071583398605627], [80.26656654858856, 13.07155062095865], [80.26728313668653, 13.071448494042272], [80.26798606227688, 13.071278001446846], [80.26866855524982, 13.071040785216997], [80.26932404233301, 13.070739130033653], [80.26994621041473, 13.070375941205237], [80.27052906735847, 13.069954716680057], [80.2710669997226, 13.069479513349908], [80.27155482682916, 13.068954907969573], [80.27198785066005, 13.068385953069162], [80.27236190110072, 13.067778128284194], [80.27267337609516, 13.067137287572583], [80.27291927632587, 13.066469602827375], [80.27309723408514, 13.065781504428525], [80.27320553606036, 13.06507961930675], [80.27324313981403, 13.064370707116153]]]}}, {"id": "26", "type": "Feature", "properties": {"railway": "station", "station": "subway", "subway": "yes", "construction": null, "construction:railway": null, "public_transport": "station", "network": "Chennai Metro", "operator": "Chennai Metro Rail Limited", "name": "Government Estate", "name:en": "Government Estate", "element": "node", "id": 5337407354.0, "category": "metro_operational", "city": "chennai", "index_right": 50.0, "n_osm_nodes": 1.0, "phase": "phase1", "position_source": "osm", "confidence": "high", "Line": "Blue Line", "Layout": "Underground", "snap_offset_m": null, "station_id": "MAA026", "radius_m": 800, "buffer_area_m2": 2007391.033949412, "prediction": 7801.0, "rank_phase2": null, "label_top15": 0}, "geometry": {"type": "Polygon", "coordinates": [[[80.28046399604669, 13.069609361667784], [80.28043051947746, 13.068900249787648], [80.28032630453554, 13.068197769158777], [80.28015235545838, 13.067508685000803], [80.27991034802221, 13.066839633462754], [80.27960261338217, 13.066197057717492], [80.27923211560315, 13.065587145916549], [80.27880242309841, 13.065015771602695], [80.27831767425174, 13.064488437153795], [80.27778253755433, 13.06401022080223], [80.27720216664122, 13.063585727739737], [80.27658215065975, 13.063219045778178], [80.27592846044858, 13.062913705992717], [80.27524739104497, 13.06267264872611], [80.27454550107382, 13.062498195281027], [80.27382954960173, 13.062392025572754], [80.27310643106323, 13.062355161957043], [80.27238310888563, 13.06238795938878], [80.27166654845027, 13.06249010200592], [80.27096365003551, 13.062660606171622], [80.27028118238587, 13.062897829945184], [80.26962571754648, 13.063199488890719], [80.26900356758964, 13.063562678071435], [80.26842072384188, 13.06398390001794], [80.2678827991965, 13.06445909840154], [80.26739497406633, 13.06498369708859], [80.26696194649732, 13.065552644200173], [80.26658788692282, 13.066160460753162], [80.2662763979947, 13.066801293414779], [80.26603047987811, 13.067468970862885], [80.26585250134445, 13.06815706320969], [80.26574417694191, 13.068858943916988], [80.2657065504634, 13.069567853606902], [80.26573998487245, 13.070276965153864], [80.26584415878453, 13.070979449431174], [80.26601806953894, 13.071668541078985], [80.26626004283223, 13.072337603660442], [80.2665677488213, 13.072980193578292], [80.26693822454234, 13.073590122136359], [80.26736790242971, 13.0741615151479], [80.26785264466143, 13.07468886951652], [80.26838778300045, 13.075167106244326], [80.26896816374868, 13.075591619356532], [80.26958819738081, 13.075958320270779], [80.2702419123799, 13.07626367718357], [80.27092301275607, 13.07650474909394], [80.27162493869419, 13.076679214136478], [80.27234092974545, 13.076785391950214], [80.27306408995432, 13.0768222598679], [80.27378745429213, 13.076789462769336], [80.27450405575733, 13.076687316503758], [80.27520699249482, 13.07651680484822], [80.27588949428737, 13.07627957003125], [80.27654498777773, 13.075977896913125], [80.27716715979255, 13.075614690975286], [80.27775001815765, 13.075193450331088], [80.27828794941802, 13.074718232027774], [80.27877577290656, 13.07419361296448], [80.27920879064045, 13.07362464580319], [80.27958283256427, 13.073016810297505], [80.27989429670447, 13.072375960508564], [80.28014018384852, 13.071708268416693], [80.2803181264152, 13.071020164472436], [80.28042641123857, 13.070318275659673], [80.28046399604669, 13.069609361667784]]]}}, {"id": "27", "type": "Feature", "properties": {"railway": "station", "station": "subway", "subway": "yes", "construction": null, "construction:railway": null, "public_transport": "station", "network": "Chennai Metro", "operator": "Chennai Metro Rail Limited", "name": "Egmore", "name:en": null, "element": "node", "id": 5329907499.0, "category": "metro_operational", "city": "chennai", "index_right": 51.0, "n_osm_nodes": 1.0, "phase": "phase1", "position_source": "osm", "confidence": "high", "Line": "Green Line", "Layout": "Underground", "snap_offset_m": null, "station_id": "MAA027", "radius_m": 800, "buffer_area_m2": 2007391.033949412, "prediction": 5899.0, "rank_phase2": null, "label_top15": 0}, "geometry": {"type": "Polygon", "coordinates": [[[80.2704318897028, 13.080309347398682], [80.27039844208242, 13.079600236224472], [80.27029425290517, 13.078897753375635], [80.27012032616108, 13.078208664093546], [80.26987833741195, 13.077539604576884], [80.2695706176337, 13.076897018075547], [80.26920013074884, 13.07628709284476], [80.26877044506642, 13.075715702556636], [80.2682856989051, 13.075188349742787], [80.26775056073083, 13.074710112812252], [80.26717018419328, 13.074285597154674], [80.26655015849431, 13.073918890799149], [80.26589645456633, 13.073613525055334], [80.26521536757875, 13.073372440515495], [80.26451345632574, 13.073197958744448], [80.2637974800786, 13.073091759929742], [80.26307433351012, 13.073054866706943], [80.26235098031702, 13.07308763431556], [80.26163438617883, 13.07318974718034], [80.26093145169776, 13.073360221950592], [80.26024894596497, 13.07359741696842], [80.25959344139166, 13.07389904807466], [80.25897125043203, 13.074262210600523], [80.2583883648068, 13.074683407333318], [80.25785039781194, 13.075158582187266], [80.25736253026757, 13.075683159255524], [80.25692946062767, 13.076252086867658], [80.25655535973044, 13.07685988622871], [80.25624383062551, 13.0775007041719], [80.25599787386487, 13.07816836951731], [80.25581985859225, 13.078856452494225], [80.25571149970986, 13.079558326655205], [80.25567384134301, 13.080267232685925], [80.25570724676282, 13.080976343496545], [80.25581139486455, 13.081678829967888], [80.25598528323673, 13.082367926719362], [80.2562272377921, 13.083036997265244], [80.25653492886885, 13.083679597931798], [80.25690539364746, 13.084289539919427], [80.25733506466835, 13.08486094891206], [80.25781980417632, 13.085388321659297], [80.25835494396114, 13.085866578986053], [80.2589353303112, 13.08629111471888], [80.25955537364759, 13.086657840057198], [80.26020910236007, 13.08696322296185], [80.26089022032679, 13.087204322181094], [80.26159216756305, 13.087378815585984], [80.26230818341477, 13.087485022541898], [80.26303137168718, 13.087521920100409], [80.26375476708084, 13.087489152855373], [80.26447140229456, 13.087387036368092], [80.26517437514755, 13.087216554128451], [80.26585691507408, 13.086979348081409], [80.26651244834889, 13.08667770280995], [80.26713466141479, 13.086314523527248], [80.26771756170153, 13.085893308089938], [80.26825553534974, 13.085418113302609], [80.26874340128356, 13.084893515838125], [80.26917646111094, 13.08432456815074], [80.26955054437077, 13.083716749806896], [80.2698620486912, 13.083075914702867], [80.2701079744727, 13.082408234678056], [80.27028595376204, 13.081720140067295], [80.27039427303987, 13.081018257765106], [80.2704318897028, 13.080309347398682]]]}}, {"id": "28", "type": "Feature", "properties": {"railway": "station", "station": "subway", "subway": "yes", "construction": null, "construction:railway": null, "public_transport": "station", "network": "Chennai Metro", "operator": "Chennai Metro Rail Limited", "name": "Puratchi Thalaivar Dr. M.G. Ramachandran Central", "name:en": "Central Metro", "element": "node", "id": 6285857253.0, "category": "metro_operational", "city": "chennai", "index_right": 52.0, "n_osm_nodes": 1.0, "phase": "phase1", "position_source": "osm", "confidence": "high", "Line": "Blue Line", "Layout": "Underground", "snap_offset_m": null, "station_id": "MAA028", "radius_m": 800, "buffer_area_m2": 2007391.033949412, "prediction": 10062.0, "rank_phase2": null, "label_top15": 0}, "geometry": {"type": "Polygon", "coordinates": [[[80.28129740433535, 13.081733228697491], [80.28126392561593, 13.081024117375845], [80.28115970506188, 13.0803216373492], [80.2809857469653, 13.079632553831262], [80.28074372718977, 13.078963502964726], [80.28043597700973, 13.07832092791579], [80.2800654606401, 13.077711016829033], [80.27963574667343, 13.077139643240088], [80.27915097370033, 13.076612309519552], [80.2786158104444, 13.076134093892511], [80.27803541079632, 13.075709601543453], [80.27741536417999, 13.07534292027711], [80.27676164172875, 13.075037581161716], [80.27608053878994, 13.074796524533387], [80.27537861431094, 13.074622071688491], [80.27466262769012, 13.074515902536438], [80.27393947369991, 13.074479039427578], [80.27321611610843, 13.074511837311919], [80.27249952063747, 13.074613980323127], [80.27179658790222, 13.074784484820677], [80.27111408697718, 13.075021708860845], [80.27045859022753, 13.07532336800538], [80.26983641003251, 13.075686557315805], [80.26925353800961, 13.076107779321752], [80.26871558732425, 13.076582977694232], [80.26822773864005, 13.077107576299996], [80.26779469022988, 13.077676523261172], [80.26742061272802, 13.078284339596348], [80.26710910895932, 13.078925171975074], [80.26686317923222, 13.079592849078121], [80.26668519243049, 13.080280941021186], [80.26657686318246, 13.080982821270043], [80.26653923532834, 13.081691730451272], [80.26657267184547, 13.082400841444198], [80.26667685132965, 13.083103325127393], [80.26685077106713, 13.083792416146617], [80.26709275666839, 13.084461478070901], [80.26740047817235, 13.085104067309116], [80.26777097246605, 13.085713995171389], [80.26820067180532, 13.086285387477416], [80.26868543816165, 13.086812741137312], [80.26922060306578, 13.087290977159732], [80.26980101256362, 13.087715489576407], [80.2704210768528, 13.088082189811416], [80.27107482412079, 13.088387546067569], [80.27175595806656, 13.088628617350048], [80.27245791855118, 13.08880308179932], [80.27317394479257, 13.08890925906004], [80.27389714049572, 13.088946126470237], [80.27462054028952, 13.08891332891461], [80.27533717683033, 13.08881118224685], [80.27604014792469, 13.088640670248015], [80.27672268302399, 13.088403435150099], [80.27737820844972, 13.088101761816288], [80.27800041072068, 13.087738555730342], [80.27858329737099, 13.087317315007311], [80.27912125467309, 13.086842096695474], [80.2796091017091, 13.086317477694333], [80.2800421402695, 13.08574851066554], [80.28041620009853, 13.0851406753617], [80.28072767905047, 13.084499825842208], [80.28097357777061, 13.083832134085014], [80.28115152856671, 13.083144030537577], [80.28125981819416, 13.082442142180055], [80.28129740433535, 13.081733228697491]]]}}, {"id": "29", "type": "Feature", "properties": {"railway": "station", "station": "subway", "subway": "yes", "construction": null, "construction:railway": null, "public_transport": "station", "network": "Chennai Metro", "operator": "Chennai Metro Rail Limited", "name": "High Court", "name:en": "High Court", "element": "node", "id": 5337658083.0, "category": "metro_operational", "city": "chennai", "index_right": 54.0, "n_osm_nodes": 1.0, "phase": "phase1", "position_source": "osm", "confidence": "high", "Line": "Blue Line", "Layout": "Underground", "snap_offset_m": null, "station_id": "MAA029", "radius_m": 800, "buffer_area_m2": 2007391.033949412, "prediction": 8270.0, "rank_phase2": null, "label_top15": 0}, "geometry": {"type": "Polygon", "coordinates": [[[80.29238360266353, 13.087284786985606], [80.29235009227628, 13.086575675735055], [80.29224583859903, 13.08587319874805], [80.29207184624298, 13.08518412120852], [80.29182979140164, 13.084515079201065], [80.29152200568704, 13.083872515806078], [80.29115145365607, 13.083262619055487], [80.29072170424438, 13.082691262346497], [80.29023689638349, 13.082163947886874], [80.28970169913245, 13.08168575371602], [80.2891212667088, 13.08126128481171], [80.28850118885146, 13.080894628752914], [80.28784743699403, 13.080589316365229], [80.28716630676644, 13.080348287727574], [80.2864643573783, 13.08017386386709], [80.28574834846738, 13.080067724414416], [80.28502517502032, 13.080030891434339], [80.28430180099231, 13.080063719587205], [80.28358519226316, 13.0801658927157], [80.28288224957568, 13.080336426889781], [80.28219974210019, 13.080573679880427], [80.28154424226507, 13.080875366971068], [80.28092206247953, 13.081238582954516], [80.28033919435745, 13.081659830103877], [80.27980125102714, 13.082135051848297], [80.27931341308191, 13.08265967182962], [80.27888037869174, 13.083228637964202], [80.27850631835653, 13.083836471085966], [80.2781948347364, 13.084477317702666], [80.27794892794635, 13.08514500635773], [80.27777096664985, 13.085833107055292], [80.27766266523011, 13.086534993176436], [80.27762506725973, 13.087243905290734], [80.2776585354286, 13.087953016248768], [80.27776274802798, 13.088655496928926], [80.27793670202526, 13.089344582005362], [80.278178722701, 13.090013635103821], [80.2784864797562, 13.090656212717699], [80.2788570097353, 13.091266126268643], [80.27928674455009, 13.091837501713815], [80.27977154582999, 13.092364836125443], [80.28030674476886, 13.092843050697363], [80.28088718708433, 13.093267539667801], [80.2815072826573, 13.093634214686668], [80.2821610593734, 13.093939544199738], [80.28284222064737, 13.094180587469962], [80.2835442060765, 13.094355022907894], [80.28426025463804, 13.094461170437967], [80.28498346982153, 13.094498007684992], [80.28570688606793, 13.094465179824642], [80.28642353587493, 13.094363003002993], [80.28712651692122, 13.09419246129201], [80.28780905856229, 13.09395519721036], [80.28846458705681, 13.093653495900826], [80.28908678889422, 13.093290263117028], [80.28966967161321, 13.092868997231475], [80.29020762152449, 13.09239375553506], [80.2906954577819, 13.091869115152669], [80.29112848228026, 13.091300128951953], [80.29150252489981, 13.090692276870122], [80.29181398366129, 13.090051413128041], [80.29205985940494, 13.089383709840401], [80.29223778466044, 13.088695597565396], [80.29234604642959, 13.08799370336685], [80.29238360266353, 13.087284786985606]]]}}, {"id": "30", "type": "Feature", "properties": {"railway": "station", "station": "subway", "subway": "yes", "construction": null, "construction:railway": null, "public_transport": "station", "network": "Chennai Metro", "operator": "Chennai Metro Rail Limited", "name": "Mannadi", "name:en": "Mannadi", "element": "node", "id": 5337658088.0, "category": "metro_operational", "city": "chennai", "index_right": 55.0, "n_osm_nodes": 1.0, "phase": "phase1", "position_source": "osm", "confidence": "high", "Line": "Blue Line", "Layout": "Underground", "snap_offset_m": null, "station_id": "MAA030", "radius_m": 800, "buffer_area_m2": 2007391.033949412, "prediction": 7703.0, "rank_phase2": null, "label_top15": 0}, "geometry": {"type": "Polygon", "coordinates": [[[80.29355001962718, 13.095461650687698], [80.29351650603145, 13.094752539807276], [80.29341224681568, 13.094050063388599], [80.29323824664473, 13.093360986609992], [80.29299618178777, 13.092691945548616], [80.29268838395352, 13.092049383275585], [80.29231781781583, 13.091439487811833], [80.29188805244635, 13.090868132541985], [80.29140322693036, 13.090340819659756], [80.29086801049692, 13.089862627189158], [80.29028755754821, 13.089438160091413], [80.28966745802066, 13.089071505927913], [80.2890136835563, 13.088766195505876], [80.28833253000249, 13.088525168885175], [80.28763055679316, 13.088350747073438], [80.28691452379502, 13.08824460968154], [80.28619132622636, 13.088207778754414], [80.28546792827417, 13.088240608932669], [80.28475129604836, 13.088342784039554], [80.28404833051755, 13.088513320126085], [80.28336580107177, 13.088750574944951], [80.2827102803507, 13.089052263762138], [80.28208808096444, 13.089415481354017], [80.28150519471552, 13.089836729978387], [80.28096723490673, 13.090311953050392], [80.28047938229008, 13.090836574199283], [80.28004633517698, 13.091405541330356], [80.27967226418998, 13.092013375268097], [80.27936077209206, 13.092654222512545], [80.27911485908018, 13.093321911601208], [80.27893689387804, 13.09401001253411], [80.27882859090685, 13.094711898690113], [80.2787909937546, 13.095420810638462], [80.27882446510374, 13.096129921231306], [80.27892868321524, 13.096832401350468], [80.27910264500382, 13.097521485675411], [80.27934467567533, 13.09819053783897], [80.27965244483482, 13.098833114343394], [80.28002298891037, 13.099443026620834], [80.28045273967813, 13.100014400640523], [80.28093755861403, 13.100541733488207], [80.2814727767418, 13.10101994637261], [80.28205323959418, 13.101444433548018], [80.28267335685419, 13.10181110668146], [80.28332715619828, 13.102116434236727], [80.28400834082302, 13.102357475495513], [80.28471035010045, 13.102531908887665], [80.28542642277775, 13.102638054357278], [80.28614966211178, 13.102674889548993], [80.28687310231057, 13.102642059658319], [80.28758977564067, 13.102539880850948], [80.28829277955383, 13.102369337218082], [80.28897534318504, 13.10213207129703], [80.28963089258089, 13.101830368248452], [80.2902531140293, 13.101467133842887], [80.29083601487993, 13.101045866468672], [80.29137398126882, 13.100570623431214], [80.29186183219113, 13.100045981868517], [80.29229486940055, 13.099476994659783], [80.2926689226551, 13.098869141752097], [80.29298038987326, 13.09822827737442], [80.29322627181422, 13.097560573647671], [80.29340420094829, 13.096872461134355], [80.2935124642403, 13.096170566900637], [80.29355001962718, 13.095461650687698]]]}}, {"id": "31", "type": "Feature", "properties": {"railway": "station", "station": "subway", "subway": "yes", "construction": null, "construction:railway": null, "public_transport": "station", "network": "Chennai Metro", "operator": "Chennai Metro Rail Limited", "name": "Washermanpet", "name:en": "Washermanpet", "element": "node", "id": 5337658099.0, "category": "metro_operational", "city": "chennai", "index_right": 56.0, "n_osm_nodes": 1.0, "phase": "phase1", "position_source": "osm", "confidence": "high", "Line": "Blue Line", "Layout": "Underground", "snap_offset_m": null, "station_id": "MAA031", "radius_m": 800, "buffer_area_m2": 2007391.033949412, "prediction": 7580.0, "rank_phase2": null, "label_top15": 0}, "geometry": {"type": "Polygon", "coordinates": [[[80.28836725917316, 13.10785614400692], [80.28833376065876, 13.10714703380034], [80.28822951290338, 13.106444556439303], [80.28805552046225, 13.10575547711137], [80.28781345953071, 13.105086431918323], [80.28750566178037, 13.10444386397107], [80.28713509188482, 13.103833961345131], [80.28670531895249, 13.103262597493968], [80.28622048214189, 13.102735274693725], [80.28568525079118, 13.102257071063683], [80.2851047794464, 13.10183259167222], [80.2844846582212, 13.101465924198795], [80.28383085896655, 13.101160599578426], [80.28314967776834, 13.100919558007362], [80.28244767432639, 13.100745120636839], [80.28173160879818, 13.100638967227232], [80.28100837671475, 13.10060211997741], [80.2802849425949, 13.100634933684923], [80.27956827289619, 13.100737092331423], [80.27886526894746, 13.1009076121263], [80.27818270050805, 13.10114485097907], [80.27752714059253, 13.101446524309472], [80.27690490218787, 13.10180972704308], [80.27632197747181, 13.102230961580947], [80.27578398011718, 13.10270617147406], [80.27529609123728, 13.103230780478858], [80.27486300949253, 13.103799736617896], [80.27448890583895, 13.104407560821862], [80.27417738335414, 13.105048399684904], [80.27393144252791, 13.10571608182561], [80.27375345235218, 13.106404177311296], [80.27364512748908, 13.107106059573622], [80.27360751173791, 13.10781496921965], [80.27364096796083, 13.10852407912396], [80.2737451745652, 13.109226560175227], [80.27391912857719, 13.109915647044076], [80.27416115527822, 13.110584703338933], [80.2744689243122, 13.111227285522252], [80.27483947210906, 13.111837204971433], [80.27526923040962, 13.1124085875865], [80.27575406061769, 13.11293593037023], [80.27628929364877, 13.113414154435382], [80.2768697748923, 13.113838653928273], [80.27748991385423, 13.11420534039695], [80.27814373800194, 13.11451068217643], [80.27882495029294, 13.114751738411035], [80.27952698983252, 13.114926187386024], [80.280243095076, 13.11503234889508], [80.2809663689661, 13.115069200428051], [80.28168984537741, 13.11503638702281], [80.28240655622714, 13.11493422468608], [80.28310959860504, 13.114763697350286], [80.28379220127493, 13.114526447395706], [80.28444778990682, 13.114224759829236], [80.28507005041018, 13.113861540272383], [80.285652989758, 13.113440286970613], [80.28619099371517, 13.112965057094014], [80.28667888091469, 13.1124404276541], [80.2871119527607, 13.11187145141364], [80.28748603867756, 13.11126360821442], [80.2877975362693, 13.110622752192272], [80.28804344600272, 13.109955055388019], [80.28822140008083, 13.109266948297865], [80.28832968522866, 13.108565057936097], [80.28836725917316, 13.10785614400692]]]}}, {"id": "32", "type": "Feature", "properties": {"railway": "station", "station": "subway", "subway": "yes", "construction": null, "construction:railway": null, "public_transport": "station", "network": "Chennai Metro", "operator": "Chennai Metro Rail Limited", "name": "Sir Theagaraya College", "name:en": "Sir Theagaraya College", "element": "node", "id": 8430632406.0, "category": "metro_operational", "city": "chennai", "index_right": 57.0, "n_osm_nodes": 1.0, "phase": "phase1", "position_source": "osm", "confidence": "high", "Line": "Blue Line", "Layout": "Underground", "snap_offset_m": null, "station_id": "MAA032", "radius_m": 800, "buffer_area_m2": 2007391.033949412, "prediction": 5571.0, "rank_phase2": null, "label_top15": 0}, "geometry": {"type": "Polygon", "coordinates": [[[80.29213331514661, 13.115770488097116], [80.29209980595175, 13.115061378205715], [80.29199554528934, 13.114358902079383], [80.29182153783923, 13.113669824893568], [80.29157945994157, 13.11300078272918], [80.29127164343159, 13.112358218667712], [80.29090105316364, 13.11174832074701], [80.29047125844235, 13.111176962374977], [80.28998639863603, 13.110649645774764], [80.28945114330419, 13.110171449005742], [80.28887064722358, 13.10974697707005], [80.28825050074575, 13.109380317575203], [80.28759667596455, 13.109075001379319], [80.2869154692113, 13.10883396859747], [80.2862134404315, 13.10865954029627], [80.28549735002622, 13.108553396148803], [80.28477409376563, 13.108516558264876], [80.28405063640095, 13.108549381351969], [80.28333394461322, 13.10865154930161], [80.28263091994367, 13.108822078233802], [80.28194833235095, 13.109059325970309], [80.28129275503387, 13.109361007845562], [80.28067050114687, 13.109724218703109], [80.28008756301678, 13.110145460865985], [80.27954955444568, 13.110620677811987], [80.27906165665502, 13.111145293229832], [80.27862856839121, 13.11171425508047], [80.27825446067342, 13.11232208423972], [80.27794293661873, 13.112962927254081], [80.2776969967324, 13.113630612702206], [80.27751900999779, 13.114318710619528], [80.27741069104428, 13.115020594414235], [80.27737308361475, 13.11572950467851], [80.2774065504916, 13.116438614280831], [80.27751076997997, 13.117141094112592], [80.27768473898229, 13.117830178855943], [80.27792678263589, 13.118499232139538], [80.27823457042159, 13.119141810454588], [80.27860513858886, 13.119751725215483], [80.27903491868238, 13.120323102367161], [80.279519771896, 13.120850438964784], [80.28005502892356, 13.121328656180488], [80.28063553492314, 13.121753148226386], [80.28125569916199, 13.122119826722125], [80.28190954886374, 13.122425160079409], [80.28259078673938, 13.12266620752365], [80.28329285164739, 13.122840647424782], [80.28400898179831, 13.122946799663923], [80.2847322798946, 13.122983641820323], [80.28545577957728, 13.122950819022305], [80.28617251253905, 13.122848647367242], [80.28687557565641, 13.122678110877516], [80.28755819749317, 13.122440852021795], [80.28821380353453, 13.122139155892961], [80.28883607952223, 13.121775928195223], [80.28941903228007, 13.1213546672527], [80.28995704744386, 13.120879430309287], [80.29044494353883, 13.120354794444763], [80.29087802188364, 13.11978581248392], [80.29125211184042, 13.119177964323777], [80.29156361097456, 13.118537104148015], [80.29180951973848, 13.117869404037494], [80.2919874703449, 13.117181294520245], [80.29209574955276, 13.116479402633862], [80.29213331514661, 13.115770488097116]]]}}, {"id": "33", "type": "Feature", "properties": {"railway": "station", "station": "subway", "subway": "yes", "construction": null, "construction:railway": null, "public_transport": "station", "network": "Chennai Metro", "operator": "Chennai Metro Rail Limited", "name": "Tondiarpet", "name:en": "Tondiarpet", "element": "node", "id": 8430632416.0, "category": "metro_operational", "city": "chennai", "index_right": 58.0, "n_osm_nodes": 1.0, "phase": "phase1", "position_source": "osm", "confidence": "high", "Line": "Blue Line", "Layout": "Underground", "snap_offset_m": null, "station_id": "MAA033", "radius_m": 800, "buffer_area_m2": 2007391.033949412, "prediction": 5200.0, "rank_phase2": null, "label_top15": 0}, "geometry": {"type": "Polygon", "coordinates": [[[80.29622123494805, 13.124554592814382], [80.2961877141471, 13.123845483278787], [80.29608343940491, 13.123143008504828], [80.29590941553734, 13.122453933654688], [80.29566731904296, 13.12178489478652], [80.29535948193626, 13.121142334949797], [80.29498886927011, 13.12053244214141], [80.29455905056493, 13.119961089719743], [80.29407416541987, 13.119433779850407], [80.29353888363835, 13.11895559052772], [80.29295836025157, 13.118531126681924], [80.29233818587383, 13.11816447584249], [80.29168433286718, 13.117859168784078], [80.29100309783439, 13.117618145533726], [80.29030104099282, 13.117443727066266], [80.2895849230133, 13.117337592960157], [80.28886163993106, 13.11730076522861], [80.28813815675518, 13.117333598481505], [80.28742144041486, 13.117435776512671], [80.28671839268742, 13.117606315345267], [80.28603578375323, 13.11784357270596], [80.28538018701644, 13.118145263836782], [80.28475791581839, 13.118508483492409], [80.28417496265259, 13.118929733911427], [80.28363694146594, 13.11940495849237], [80.28314903360157, 13.119929580850641], [80.28271593790318, 13.120498548880539], [80.28234182546177, 13.121106383398516], [80.28203029944036, 13.121747230899558], [80.2817843603636, 13.12241491991914], [80.28160637720745, 13.123103020458295], [80.2814980645674, 13.123804905899881], [80.28146046612595, 13.124513816820114], [80.28149394457944, 13.125222926080978], [80.28159817812191, 13.125925404576952], [80.28177216352084, 13.126614487002815], [80.28201422575596, 13.127283537009271], [80.28232203412932, 13.12792611111882], [80.28269262469229, 13.12853602078608], [80.28312242877386, 13.129107392004773], [80.28360730733685, 13.12963472188694], [80.28414259083078, 13.130112931669178], [80.28472312415865, 13.130537415635002], [80.28534331632414, 13.13090408548173], [80.28599719428159, 13.13120940970427], [80.28667846046943, 13.131450447615972], [80.28738055347301, 13.131624877678572], [80.28809671123182, 13.131731019868027], [80.2888200361819, 13.131767851860483], [80.28954356170524, 13.131735018882313], [80.29026031924528, 13.131632837129134], [80.29096340544137, 13.13146229072082], [80.29164604863483, 13.131225022221832], [80.29230167410495, 13.130923316818183], [80.29292396740617, 13.130560080303688], [80.29350693519561, 13.130138811087638], [80.2940449629643, 13.129663566493868], [80.29453286911627, 13.129138923676045], [80.29496595487358, 13.128569935526121], [80.29534004952723, 13.12796208200085], [80.29565155059782, 13.127321217335682], [80.29589745851955, 13.126653513654752], [80.29607540551368, 13.125965401520453], [80.29618367837446, 13.125263507995516], [80.29622123494805, 13.124554592814382]]]}}, {"id": "34", "type": "Feature", "properties": {"railway": "station", "station": "subway", "subway": "yes", "construction": null, "construction:railway": null, "public_transport": "station", "network": "Chennai Metro", "operator": "Chennai Metro Rail Limited", "name": "New Washermanpet", "name:en": "New Washermanpet", "element": "node", "id": 8430636817.0, "category": "metro_operational", "city": "chennai", "index_right": 59.0, "n_osm_nodes": 1.0, "phase": "phase1", "position_source": "osm", "confidence": "high", "Line": "Blue Line", "Layout": "Elevated", "snap_offset_m": null, "station_id": "MAA034", "radius_m": 800, "buffer_area_m2": 2007391.033949412, "prediction": 4171.0, "rank_phase2": null, "label_top15": 0}, "geometry": {"type": "Polygon", "coordinates": [[[80.30040123414193, 13.134532579838956], [80.30036770147036, 13.133823470719618], [80.30026341204025, 13.133120997367566], [80.30008937080932, 13.132431924931042], [80.2998472544437, 13.131762889444683], [80.29953939514955, 13.131120333925095], [80.29916875819357, 13.130510446327277], [80.29873891333013, 13.129939099959161], [80.29825400041028, 13.129411796927762], [80.29771868950479, 13.128933615161307], [80.29713813592508, 13.128509159517048], [80.29651793057586, 13.128142517445307], [80.29586404611706, 13.127837219636188], [80.29518277945385, 13.127596206027599], [80.29448069110772, 13.127421797501523], [80.29376454205234, 13.127315673540727], [80.29304122862172, 13.127278856060832], [80.29231771611663, 13.127311699573166], [80.29160097174825, 13.127413887772965], [80.29089789756343, 13.127584436585705], [80.29021526399698, 13.127821703642223], [80.28955964468999, 13.128123404091461], [80.288937353201, 13.128486632598666], [80.28835438221888, 13.128907891317468], [80.28781634586218, 13.129383123566745], [80.28732842562023, 13.129907752888302], [80.28689532045621, 13.130476727109595], [80.28652120155265, 13.131084566987614], [80.28620967213513, 13.131725418965832], [80.28596373276157, 13.132393111536672], [80.2857857524113, 13.133081214666964], [80.28567744565328, 13.133783101714554], [80.28563985611393, 13.13449201324007], [80.28567334640441, 13.135201122099508], [80.28577759460521, 13.13590359919099], [80.28595159734307, 13.13659267922257], [80.2861936794311, 13.137261725867747], [80.28650150998044, 13.13790429568108], [80.28687212482902, 13.138514200158264], [80.28730195507204, 13.139085565342711], [80.28778686142029, 13.139612888404304], [80.2883221740556, 13.140091090645068], [80.2889027376, 13.140515566420927], [80.28952296076591, 13.140882227507923], [80.29017687020865, 13.1411875424852], [80.29085816806298, 13.141428570755082], [80.29156029260875, 13.141602990872178], [80.29227648148112, 13.141709122908273], [80.292999836816, 13.141745944637412], [80.29372339170217, 13.141713101384976], [80.29444017729985, 13.141610909445754], [80.29514328997774, 13.141440353037952], [80.29582595782178, 13.141203074822618], [80.29648160587358, 13.14090136007964], [80.29710391946998, 13.140538114693063], [80.29768690507251, 13.14011683715793], [80.2982249480008, 13.13964158487846], [80.29871286651294, 13.139116935082596], [80.29914596171226, 13.138547940729698], [80.29952006279915, 13.137940081836431], [80.2998315672327, 13.137299212690051], [80.30007747541514, 13.136631505457911], [80.30025541956579, 13.135943390736609], [80.30036368650681, 13.135241495613721], [80.30040123414193, 13.134532579838956]]]}}, {"id": "35", "type": "Feature", "properties": {"railway": "station", "station": "subway", "subway": "yes", "construction": null, "construction:railway": null, "public_transport": "station", "network": "Chennai Metro", "operator": "Chennai Metro Rail Limited", "name": "Tollgate", "name:en": "Tollgate", "element": "node", "id": 8430636716.0, "category": "metro_operational", "city": "chennai", "index_right": 60.0, "n_osm_nodes": 1.0, "phase": "phase1", "position_source": "osm", "confidence": "high", "Line": "Blue Line", "Layout": "Elevated", "snap_offset_m": null, "station_id": "MAA035", "radius_m": 800, "buffer_area_m2": 2007391.033949412, "prediction": 3850.0, "rank_phase2": null, "label_top15": 0}, "geometry": {"type": "Polygon", "coordinates": [[[80.30372415420605, 13.143149216057624], [80.30369061209308, 13.14244010730555], [80.30358631078354, 13.141737635111255], [80.30341225534993, 13.141048564611632], [80.30317012259546, 13.140379531822424], [80.30286224488432, 13.139736979734025], [80.30249158766081, 13.139127096268139], [80.30206172087449, 13.138555754692653], [80.30157678458754, 13.138028457068193], [80.30104144909565, 13.137550281270695], [80.3004608699468, 13.137125832099752], [80.29984063829167, 13.136759196943188], [80.29918672704322, 13.136453906424405], [80.29850543336417, 13.136212900411051], [80.29780331803578, 13.136038499711939], [80.29708714229109, 13.135932383734508], [80.29636380272068, 13.135895574317585], [80.29564026487664, 13.135928425894974], [80.29492349621374, 13.136030622084403], [80.2942203990124, 13.136201178734623], [80.29353774392882, 13.136438453401212], [80.29288210481106, 13.136740161160072], [80.29225979540828, 13.137103396606301], [80.29167680858184, 13.137524661826951], [80.29113875860288, 13.137999900078526], [80.29065082709204, 13.138524534845235], [80.29021771312124, 13.139093513902278], [80.28984358795806, 13.13970135796022], [80.2895320548888, 13.140342213422397], [80.28928611450685, 13.141009908747725], [80.28910813580173, 13.141698013876516], [80.28899983332704, 13.142399902147337], [80.28896225066839, 13.143108814108945], [80.28899575037111, 13.143817922613003], [80.28910001042553, 13.144520398560891], [80.28927402734452, 13.145209476671461], [80.289516125805, 13.145878520636492], [80.28982397476062, 13.146521087036108], [80.29019460987223, 13.147130987398626], [80.29062446203994, 13.147702347806842], [80.29110939176338, 13.148229665476391], [80.29164472899912, 13.148707861761018], [80.29222531813211, 13.149132331073822], [80.29284556762804, 13.149498985252936], [80.2934995038883, 13.149804292943937], [80.29418082878898, 13.150045313619252], [80.29488298034902, 13.150219725906622], [80.29559919594298, 13.150325849953276], [80.29632257744896, 13.150362663610288], [80.29704615770322, 13.150329812280917], [80.29776296762127, 13.15022761233789], [80.29846610333722, 13.150057048076727], [80.29914879271482, 13.149819762234312], [80.29980446058806, 13.14951804016424], [80.30042679210275, 13.149154787821375], [80.3010097935478, 13.148733503767993], [80.30154785009027, 13.14825824547133], [80.30203577985728, 13.147733590217495], [80.30246888384393, 13.147164591018589], [80.30284299116632, 13.146556727938094], [80.30315449922378, 13.145915855303702], [80.30340040838408, 13.145248145316414], [80.30357835085753, 13.144560028599365], [80.30368661348295, 13.143858132259322], [80.30372415420605, 13.143149216057624]]]}}, {"id": "36", "type": "Feature", "properties": {"railway": "station", "station": "subway", "subway": "yes", "construction": null, "construction:railway": null, "public_transport": "station", "network": "Chennai Metro", "operator": "Chennai Metro Rail Limited", "name": "Kaladipet", "name:en": "Kaladipet", "element": "node", "id": 8430636715.0, "category": "metro_operational", "city": "chennai", "index_right": 61.0, "n_osm_nodes": 1.0, "phase": "phase1", "position_source": "osm", "confidence": "high", "Line": "Blue Line", "Layout": "Elevated", "snap_offset_m": null, "station_id": "MAA036", "radius_m": 800, "buffer_area_m2": 2007391.033949412, "prediction": 4598.0, "rank_phase2": null, "label_top15": 0}, "geometry": {"type": "Polygon", "coordinates": [[[80.30679126139592, 13.150680409858928], [80.30675771055088, 13.149971301428534], [80.3066533983793, 13.149268830292822], [80.30647933005855, 13.148579761578297], [80.30623718251631, 13.147910731283313], [80.30592928825934, 13.147268182374013], [80.30555861289139, 13.14665830274127], [80.30512872653684, 13.146086965615831], [80.3046437694463, 13.145559673015262], [80.30410841211565, 13.14508150276692], [80.3035278103031, 13.144657059616792], [80.30290755537723, 13.144290430894602], [80.30225362047489, 13.143985147161695], [80.30157230298619, 13.143744148220318], [80.3008701639213, 13.143569754811173], [80.3001539647415, 13.143463646271536], [80.29943060226259, 13.143426844368694], [80.29870704225692, 13.143459703464197], [80.29799025239231, 13.143561907103539], [80.29728713515307, 13.143732471063899], [80.29660446138809, 13.14396975283067], [80.29594880512511, 13.144271467411581], [80.29532648027833, 13.144634709336273], [80.29474347985774, 13.145055980629616], [80.29420541826549, 13.145531224489835], [80.29371747723415, 13.146055864347328], [80.29328435592747, 13.146624847928422], [80.292910225684, 13.147232695900234], [80.29259868983922, 13.147873554628504], [80.29235274901365, 13.148541252540733], [80.29217477220143, 13.14922935955233], [80.29206647393838, 13.14993124898368], [80.29202889776992, 13.150640161372287], [80.29206240617931, 13.151349269565573], [80.29216667707334, 13.152051744467757], [80.29234070686088, 13.152740820807582], [80.29258282009513, 13.153409862293659], [80.29289068558771, 13.154052425529779], [80.29326133884028, 13.154662322074497], [80.29369121057834, 13.155233678047152], [80.29417616111301, 13.155760990705891], [80.2947115202003, 13.156239181452525], [80.29529213201457, 13.15666364475333], [80.29591240480276, 13.15703029250421], [80.29656636474174, 13.157335593412554], [80.29724771347911, 13.157576607016072], [80.2979498888039, 13.1577510120106], [80.29866612786138, 13.15785712861365], [80.29938953230328, 13.157893934748063], [80.3001131347446, 13.157861075889667], [80.30082996588678, 13.157758868483855], [80.3015331216592, 13.157588296898199], [80.30221582973222, 13.157351003940335], [80.30287151475957, 13.157049275032596], [80.30349386172173, 13.156686016195929], [80.3040768767588, 13.156264726055372], [80.30461494490693, 13.155789462136983], [80.30510288418162, 13.1552648017812], [80.30553599548661, 13.154695798049424], [80.3059101078677, 13.154087931048924], [80.30622161867589, 13.15344705514522], [80.30646752825277, 13.15277934257085], [80.30664546880507, 13.15209122397387], [80.30675372719045, 13.151389326479102], [80.30679126139592, 13.150680409858928]]]}}, {"id": "37", "type": "Feature", "properties": {"railway": "station", "station": "subway", "subway": "yes", "construction": null, "construction:railway": null, "public_transport": "station", "network": "Chennai Metro", "operator": "Chennai Metro Rail Limited", "name": "Tiruvottriyur Theradi", "name:en": "Thiruvottiyur Theradi", "element": "node", "id": 9580013601.0, "category": "metro_operational", "city": "chennai", "index_right": 62.0, "n_osm_nodes": 1.0, "phase": "phase1", "position_source": "osm", "confidence": "high", "Line": "Blue Line", "Layout": "Elevated", "snap_offset_m": null, "station_id": "MAA037", "radius_m": 800, "buffer_area_m2": 2007391.033949412, "prediction": 5046.0, "rank_phase2": null, "label_top15": 0}, "geometry": {"type": "Polygon", "coordinates": [[[80.30984799774399, 13.160230811054948], [80.30981443821014, 13.159521703045982], [80.30971011463645, 13.158819233036947], [80.30953603231052, 13.1581301661433], [80.30929386829526, 13.15746113834563], [80.30898595525635, 13.156818592585784], [80.30861525897863, 13.156208716724043], [80.30818534978795, 13.155637383954568], [80.30770036815484, 13.155110096252724], [80.30716498481146, 13.15463193139846], [80.30658435576629, 13.15420749408561], [80.30596407264997, 13.153840871587503], [80.30531010887042, 13.153535594405422], [80.30462876209543, 13.153294602278432], [80.30392659361681, 13.153120215881584], [80.30321036517854, 13.153014114484641], [80.30248697387773, 13.152977319786158], [80.30176338576382, 13.153010186078436], [80.30104656877482, 13.153112396837818], [80.30034342565585, 13.153282967773103], [80.29966072750467, 13.15352025630275], [80.29900504858364, 13.153821977369601], [80.29838270302493, 13.154185225441095], [80.29779968403793, 13.154606502483169], [80.29726160620355, 13.155081751638939], [80.29677365141089, 13.155606396288027], [80.29634051895646, 13.156175384110835], [80.2959663802864, 13.156783235733801], [80.29565483881774, 13.15742409748762], [80.29540889522556, 13.158091797770751], [80.29523091853113, 13.158779906475798], [80.2951226232696, 13.159481796906825], [80.29508505295803, 13.16019070959162], [80.29511857002373, 13.160899817374657], [80.29522285229062, 13.161602291163934], [80.29539689605846, 13.162291365698715], [80.29563902574617, 13.162960404704771], [80.29594691000719, 13.16360296480952], [80.29631758416262, 13.164212857601417], [80.29674747873678, 13.164784209235686], [80.29723245382083, 13.165311517011997], [80.29776783893428, 13.165789702378946], [80.29834847800063, 13.166214159854414], [80.29896877900414, 13.16658080139023], [80.29962276784953, 13.166886095753512], [80.30030414590563, 13.167127102544915], [80.30100635067863, 13.167301500525852], [80.30172261902973, 13.167407609981392], [80.30244605232801, 13.167444408903288], [80.30316968291008, 13.167411542836938], [80.30388654120588, 13.16730932829732], [80.30458972288292, 13.167138749720895], [80.30527245536167, 13.166901449982868], [80.3059281630606, 13.166599714571106], [80.30655053074157, 13.166236449569457], [80.30713356434511, 13.165815153662592], [80.30767164872854, 13.165339884432353], [80.30815960175113, 13.164815219270578], [80.30859272418438, 13.16424621128515], [80.30896684496723, 13.163638340624477], [80.30927836137009, 13.162997461689464], [80.3095242736811, 13.162329746741916], [80.30970221408117, 13.161641626452779], [80.30981046942988, 13.160939727963159], [80.30984799774399, 13.160230811054948]]]}}, {"id": "38", "type": "Feature", "properties": {"railway": "station", "station": "subway", "subway": "yes", "construction": null, "construction:railway": null, "public_transport": "station", "network": "Chennai Metro", "operator": "Chennai Metro Rail Limited", "name": "Tiruvottriyur", "name:en": "Thiruvottriyur", "element": "node", "id": 8430636714.0, "category": "metro_operational", "city": "chennai", "index_right": 63.0, "n_osm_nodes": 1.0, "phase": "phase1", "position_source": "osm", "confidence": "high", "Line": "Blue Line", "Layout": "Elevated", "snap_offset_m": null, "station_id": "MAA038", "radius_m": 800, "buffer_area_m2": 2007391.033949412, "prediction": 4654.0, "rank_phase2": null, "label_top15": 0}, "geometry": {"type": "Polygon", "coordinates": [[[80.31263490155463, 13.171826574553716], [80.31260133411935, 13.171117467070383], [80.31249699933535, 13.170414998188672], [80.31232290259874, 13.169725933012982], [80.31208072111163, 13.16905690750712], [80.31177278770838, 13.168414364590591], [80.31140206837017, 13.167804492096], [80.31097213364514, 13.167233163184793], [80.31048712424973, 13.166705879794872], [80.30995171118344, 13.166227719664388], [80.30937105074078, 13.165803287441422], [80.30875073485447, 13.165436670350067], [80.30809673724762, 13.165131398839355], [80.30741535591338, 13.164890412593607], [80.30671315247577, 13.164716032231166], [80.30599688901489, 13.164609936963659], [80.30527346296456, 13.164573148430655], [80.30454984070823, 13.16460602086519], [80.30383299051219, 13.164708237684588], [80.30312981544085, 13.1648788145395], [80.30244708689919, 13.165116108791604], [80.3017913794419, 13.165417835328919], [80.30116900747569, 13.16578108856647], [80.30058596446409, 13.166202370420745], [80.30004786521937, 13.166677623988821], [80.2995598918369, 13.167202272608096], [80.29912674379237, 13.167771263920994], [80.29875259268242, 13.168379118520562], [80.29844104204419, 13.16901998270901], [80.29819509264162, 13.169687684861481], [80.29801711355243, 13.170375794852639], [80.29790881933543, 13.171077685974176], [80.29787125349822, 13.171786598747206], [80.29790477842563, 13.17249570601523], [80.2980090718664, 13.173198178691061], [80.29818313001326, 13.17388725152449], [80.29842527714706, 13.174556288257431], [80.29873318175362, 13.175198845538922], [80.29910387895838, 13.17580873498433], [80.29953379906381, 13.176380082780792], [80.30001880191526, 13.176907386264654], [80.30055421676475, 13.17738556692557], [80.30113488724922, 13.177810019326488], [80.30175522105004, 13.17817665546788], [80.30240924375569, 13.178481944168645], [80.30309065640846, 13.178722945083845], [80.30379289618077, 13.178897337031403], [80.3045091995962, 13.179003440354489], [80.30523266768553, 13.179040233103942], [80.30595633244974, 13.17900736088472], [80.306673223989, 13.178905140271198], [80.3073764376501, 13.17873455575855], [80.30805920054507, 13.178497250279362], [80.30871493679908, 13.178195509377082], [80.30933733089873, 13.17783223918872], [80.30992038852993, 13.177410938449187], [80.31045849431857, 13.176935664787171], [80.31094646591785, 13.176410995637463], [80.31137960392057, 13.175841984146615], [80.31175373711602, 13.175234110497003], [80.31206526265544, 13.174593229118507], [80.3123111807395, 13.173925512296586], [80.31248912349398, 13.173237390720313], [80.31259737775642, 13.1725354915432], [80.31263490155463, 13.171826574553716]]]}}, {"id": "39", "type": "Feature", "properties": {"railway": "station", "station": "subway", "subway": "yes", "construction": null, "construction:railway": null, "public_transport": "station", "network": "Chennai Metro", "operator": "Chennai Metro Rail Limited", "name": "Wimco Nagar", "name:en": "Wimco Nagar", "element": "node", "id": 8430636713.0, "category": "metro_operational", "city": "chennai", "index_right": 64.0, "n_osm_nodes": 1.0, "phase": "phase1", "position_source": "osm", "confidence": "high", "Line": "Blue Line", "Layout": "Elevated", "snap_offset_m": null, "station_id": "MAA039", "radius_m": 800, "buffer_area_m2": 2007391.033949412, "prediction": 4886.0, "rank_phase2": null, "label_top15": 0}, "geometry": {"type": "Polygon", "coordinates": [[[80.31474964849536, 13.179303687148838], [80.3147160750395, 13.178594580002684], [80.31461173210391, 13.177892111934923], [80.31443762516356, 13.177203048041966], [80.3141954315191, 13.176534024275101], [80.31388748412219, 13.175891483536901], [80.31351674908898, 13.1752816136388], [80.31308679711879, 13.174710287717028], [80.31260176909423, 13.174183007680522], [80.31206633619405, 13.173704851234936], [80.3114856549037, 13.173280422992711], [80.31086531735647, 13.172913810139462], [80.31021129748376, 13.172608543083298], [80.3095298934929, 13.172367561465572], [80.30882766722569, 13.172193185860012], [80.30811138098176, 13.172087095432444], [80.3073879324139, 13.172050311775868], [80.30666428812206, 13.172083189076425], [80.30594741658437, 13.17218541070471], [80.30524422107044, 13.172355992265189], [80.30456147318183, 13.172593291074396], [80.30390574765933, 13.172895021976645], [80.30328335908347, 13.173258279345122], [80.30270030107764, 13.173679565056734], [80.30216218859849, 13.174154822171591], [80.30167420386891, 13.174679473993134], [80.30124104647403, 13.175248468133095], [80.30086688810073, 13.175856325157445], [80.30055533235637, 13.176497191345145], [80.30030938005439, 13.177164895052146], [80.30013140030077, 13.177853006138198], [80.3000231076611, 13.178554897884434], [80.29998554562822, 13.179263810805903], [80.30001907655067, 13.179972917744614], [80.30012337811986, 13.180675389616423], [80.30029744645053, 13.181364461178731], [80.30053960572575, 13.18203349618552], [80.30084752431465, 13.182676051302272], [80.3012182372082, 13.183285938164998], [80.30164817455783, 13.183857282985517], [80.30213319604285, 13.184384583128638], [80.30266863073577, 13.184862760116006], [80.30324932208227, 13.185287208545782], [80.30386967756262, 13.18565384045655], [80.30452372255624, 13.185959124707834], [80.30520515789043, 13.186200120997478], [80.30590742051889, 13.186374508187923], [80.30662374674462, 13.186480606668145], [80.30734723737837, 13.186517394535679], [80.30807092420362, 13.186484517442562], [80.3087878371077, 13.186382292010231], [80.30949107123134, 13.186211702780403], [80.31017385348918, 13.185974392731271], [80.31082960781968, 13.185672647450469], [80.31145201853522, 13.185309373117372], [80.3120350911616, 13.184888068507009], [80.3125732101803, 13.18441279128554], [80.31306119311712, 13.183888118922216], [80.31349434045582, 13.1833191045947], [80.31386848089603, 13.182711228512831], [80.31418001151947, 13.182070345130017], [80.31442593247813, 13.18140262675109], [80.31460387587052, 13.180714504080157], [80.31471212852836, 13.180012604281268], [80.31474964849536, 13.179303687148838]]]}}, {"id": "40", "type": "Feature", "properties": {"railway": null, "station": null, "subway": null, "construction": null, "construction:railway": null, "public_transport": null, "network": null, "operator": null, "name": "Adambakkam", "name:en": null, "element": null, "id": null, "category": null, "city": "chennai", "index_right": null, "n_osm_nodes": null, "phase": "phase2", "position_source": "osm", "confidence": "low", "Line": "Red Line", "Layout": "Elevated", "snap_offset_m": null, "station_id": "MAA040", "radius_m": 800, "buffer_area_m2": 2007391.033949412, "prediction": 6094.0, "rank_phase2": 31.0, "label_top15": 0}, "geometry": {"type": "Polygon", "coordinates": [[[80.20358395142226, 12.982689834520551], [80.20355069167397, 12.981980720705348], [80.20344671749393, 12.981278218456032], [80.2032730307978, 12.980589093204413], [80.20303130483278, 12.979919981499366], [80.20272386804223, 12.979277327097213], [80.20235368162271, 12.978667318910814], [80.20192431099015, 12.978095831414645], [80.20143989143077, 12.97756836807956], [80.20090508826794, 12.977090008381552], [80.20032505192867, 12.976665358894556], [80.19970536834309, 12.976298508937804], [80.19905200515409, 12.975992991204484], [80.19837125425524, 12.975751747750415], [80.19766967120985, 12.975577101669929], [80.19695401213434, 12.975470734731324], [80.19623116865263, 12.975433671187016], [80.19550810154784, 12.975466267913982], [80.19479177374888, 12.97556821097937], [80.19408908329683, 12.975738518664143], [80.19340679693552, 12.975975550915754], [80.19275148496527, 12.97627702513875], [80.19212945798606, 12.976640038171498], [80.19154670613884, 12.97706109423754], [80.19100884142956, 12.977536138602725], [80.19052104369054, 12.978060596614322], [80.19008801069975, 12.9786294177465], [80.18971391293792, 12.979237124228465], [80.18940235341927, 12.979877863787348], [80.18915633298303, 12.9805454659983], [80.18897822138027, 12.98123350169955], [80.18886973443497, 12.981935344900576], [80.18883191750014, 12.982644236587488], [80.18886513536866, 12.983353349811424], [80.18896906873744, 12.98405585543323], [80.18914271725917, 12.984744987891498], [80.18938440915369, 12.985414110360404], [80.18969181728691, 12.986056778669983], [80.19006198156359, 12.986666803372918], [80.19049133741873, 12.987238309360013], [80.19097575013396, 12.98776579244981], [80.19151055464899, 12.988244172407162], [80.1920906004848, 12.988668841879576], [80.19271030134632, 12.98903571077979], [80.19336368892677, 12.989341245686635], [80.19404447039524, 12.989582503884312], [80.1947460890136, 12.989757161711916], [80.19546178729846, 12.989863536949699], [80.19618467211902, 12.989900605026323], [80.19690778110356, 12.989868008890628], [80.19762414971377, 12.98976606245275], [80.19832687834024, 12.989595747561324], [80.19900919877205, 12.989358704545852], [80.19966453939962, 12.98905721641543], [80.20028658852169, 12.988694186866152], [80.20086935514634, 12.988273112309185], [80.20140722669974, 12.987798048189285], [80.20189502308658, 12.987273569918342], [80.20232804658082, 12.986704728800753], [80.20270212706669, 12.98609700337532], [80.2030136621939, 12.985456246642913], [80.20325965206052, 12.984788629688351], [80.20343772809031, 12.984100582239984], [80.20354617582626, 12.98339873073978], [80.20358395142226, 12.982689834520551]]]}}, {"id": "41", "type": "Feature", "properties": {"railway": null, "station": null, "subway": null, "construction": null, "construction:railway": null, "public_transport": null, "network": null, "operator": null, "name": "Alwarpet", "name:en": null, "element": null, "id": null, "category": null, "city": "chennai", "index_right": null, "n_osm_nodes": null, "phase": "phase2", "position_source": "osm", "confidence": "high", "Line": "Yellow Line", "Layout": "Underground", "snap_offset_m": null, "station_id": "MAA041", "radius_m": 800, "buffer_area_m2": 2007391.033949412, "prediction": 6375.0, "rank_phase2": 21.0, "label_top15": 0}, "geometry": {"type": "Polygon", "coordinates": [[[80.26703413525628, 13.03834137082287], [80.26700069641284, 13.0376322577425], [80.266896527976, 13.036929772706545], [80.26672263373403, 13.036240680977883], [80.26648068893392, 13.035571618779347], [80.26617302412683, 13.034929029387385], [80.26580260270455, 13.03431910108592], [80.2653729923449, 13.03374770757756], [80.26488833064063, 13.033220351425898], [80.26435328524425, 13.032742111073105], [80.2637730089123, 13.03231759194274], [80.26315308988235, 13.031950882098212], [80.26249949806066, 13.03164551288358], [80.26181852753847, 13.031404424925185], [80.26111673599002, 13.031229939821264], [80.26040088153573, 13.031123737791791], [80.25967785767754, 13.03108684150342], [80.25895462693255, 13.031119606225142], [80.25823815380309, 13.031221716409247], [80.25753533772802, 13.03139218873044], [80.25685294665996, 13.031629381553817], [80.2561975519074, 13.031931010740621], [80.25557546486812, 13.032294171639702], [80.25499267626292, 13.03271536705309], [80.25445479845386, 13.033190540906757], [80.25396701140224, 13.033715117302512], [80.25353401278649, 13.03428404457544], [80.25315997276006, 13.034891843932964], [80.25284849378524, 13.035532662207554], [80.25260257592976, 13.036200328215445], [80.25242458796096, 13.036888412179042], [80.25231624451615, 13.037590287641079], [80.25227858956993, 13.038299195274565], [80.25231198635831, 13.039008307974278], [80.2524161138576, 13.039710796603096], [80.25258996985276, 13.040399895760073], [80.25283188056656, 13.04106896893692], [80.2531395167578, 13.041711572435279], [80.25350991613432, 13.04232151742914], [80.2539395118656, 13.042892929574416], [80.25442416692096, 13.043420305591296], [80.25495921390342, 13.043898566274212], [80.25553949999554, 13.044323105418329], [80.25615943658464, 13.044689834191113], [80.25681305308966, 13.044995220521105], [80.25749405447083, 13.045236323124234], [80.25819588186796, 13.045410819839473], [80.25891177578302, 13.04551703000063], [80.25963484119761, 13.045553930628557], [80.26035811399767, 13.045521166287493], [80.26107462806468, 13.045419052510521], [80.26177748238658, 13.045248572761011], [80.26245990754092, 13.045011368959328], [80.26311533090934, 13.044709725666122], [80.26373743999437, 13.044346548074648], [80.26432024322796, 13.043925334024344], [80.26485812768593, 13.043450140305454], [80.26534591315145, 13.042925543579576], [80.26577890200703, 13.042356596292901], [80.26615292447431, 13.041748778007124], [80.26646437876582, 13.041107942617172], [80.26671026576233, 13.040440261964546], [80.26688821788242, 13.039752166389627], [80.26699652186646, 13.039050282795909], [80.26703413525628, 13.03834137082287]]]}}, {"id": "42", "type": "Feature", "properties": {"railway": null, "station": null, "subway": null, "construction": null, "construction:railway": null, "public_transport": null, "network": null, "operator": null, "name": "Bharathidasan Road", "name:en": null, "element": null, "id": null, "category": null, "city": "chennai", "index_right": null, "n_osm_nodes": null, "phase": "phase2", "position_source": "osm", "confidence": "high", "Line": "Yellow Line", "Layout": "Underground", "snap_offset_m": null, "station_id": "MAA042", "radius_m": 800, "buffer_area_m2": 2007391.033949412, "prediction": 6337.0, "rank_phase2": 23.0, "label_top15": 0}, "geometry": {"type": "Polygon", "coordinates": [[[80.26234115404233, 13.03584489079628], [80.26230772853879, 13.035135777704802], [80.26220357409991, 13.034433291408826], [80.26202969437914, 13.03374419718358], [80.26178776448359, 13.033075131276162], [80.26148011482088, 13.032432536998948], [80.26110970863714, 13.031822602683084], [80.26068011346351, 13.031251202089257], [80.26019546674672, 13.030723837849422], [80.25966043599514, 13.030245588483718], [80.25908017382451, 13.029821059502538], [80.25846026833626, 13.029454339064166], [80.25780668930653, 13.029148958614625], [80.2571257307036, 13.028907858888365], [80.25642395008721, 13.02873336159683], [80.25570810547268, 13.028627147077202], [80.25498509026741, 13.028590238116228], [80.25426186690527, 13.028622990104743], [80.25354539981764, 13.028725087617438], [80.25284258838522, 13.02889554745083], [80.25216020051596, 13.029132728090053], [80.25150480748744, 13.029434345513494], [80.25088272068079, 13.029797495183097], [80.2502999308144, 13.030218680008902], [80.24976205026232, 13.03069384401871], [80.24927425901203, 13.031218411409052], [80.24884125478214, 13.031787330601713], [80.24846720777991, 13.032395122881926], [80.24815572053458, 13.033035935150371], [80.24790979319326, 13.033703596281223], [80.2477317946144, 13.034391676543988], [80.24762343953722, 13.035093549517189], [80.2475857720482, 13.035802455898004], [80.24761915550401, 13.036511568593482], [80.24772326900923, 13.037214058466764], [80.2478971104835, 13.037903160105143], [80.24813900628949, 13.038572236976645], [80.2484466273296, 13.039214845347544], [80.24881701145767, 13.03982479634508], [80.24924659199016, 13.040396215567508], [80.24973123204298, 13.040923599666982], [80.25026626436384, 13.041401869360165], [80.25084653627671, 13.041826418355495], [80.25146645930576, 13.04219315772555], [80.25212006300077, 13.04249855529678], [80.25280105244559, 13.042739669676747], [80.25350286889527, 13.042914178590886], [80.25421875295737, 13.04302040125536], [80.25494180970861, 13.043057314570417], [80.2556650751185, 13.043024562977902], [80.25638158313978, 13.042922461887901], [80.2570844328187, 13.042751994641376], [80.25776685477753, 13.042514803038072], [80.25842227642863, 13.042213171520945], [80.25904438529095, 13.041850005169664], [80.25962718979848, 13.041428801715261], [80.26016507701455, 13.040953617845815], [80.26065286669555, 13.040429030127992], [80.2610858611832, 13.039860090921186], [80.2614598906446, 13.03925227970929], [80.26177135322467, 13.03861145031916], [80.2620172497241, 13.037943774534595], [80.2621952124697, 13.037255682649228], [80.26230352809928, 13.036553801531179], [80.26234115404233, 13.03584489079628]]]}}, {"id": "43", "type": "Feature", "properties": {"railway": null, "station": null, "subway": null, "construction": null, "construction:railway": null, "public_transport": null, "network": null, "operator": null, "name": "Boat Club", "name:en": null, "element": null, "id": null, "category": null, "city": "chennai", "index_right": null, "n_osm_nodes": null, "phase": "phase2", "position_source": "osm", "confidence": "high", "Line": "Yellow Line", "Layout": "Underground", "snap_offset_m": null, "station_id": "MAA043", "radius_m": 800, "buffer_area_m2": 2007391.033949412, "prediction": 5469.0, "rank_phase2": 73.0, "label_top15": 0}, "geometry": {"type": "Polygon", "coordinates": [[[80.25507826757352, 13.029348240585124], [80.25504486263681, 13.028639127362903], [80.25494073053534, 13.027936639045928], [80.25476687470719, 13.027247540929254], [80.25452497002931, 13.026578469297819], [80.2542173466664, 13.025935867519488], [80.25384696761135, 13.025325923997968], [80.25341740013424, 13.024754512582899], [80.25293278141528, 13.02422713601069], [80.25239777869352, 13.023748872920436], [80.25181754431514, 13.023324328954827], [80.25119766611442, 13.0229575924165], [80.25054411360509, 13.022652194906506], [80.24986318050055, 13.022411077323504], [80.24916142411544, 13.022236561550745], [80.24844560223221, 13.02213032810318], [80.24772260803971, 13.022093399949563], [80.24699940376989, 13.022126132665242], [80.24628295367049, 13.022228211010178], [80.24558015695885, 13.02239865196511], [80.24489778140128, 13.022635814196626], [80.2442423981568, 13.022937413860026], [80.24362031851226, 13.023300546587967], [80.2430375331169, 13.023721715453346], [80.2424996543015, 13.024196864637437], [80.24201186203648, 13.024721418479366], [80.24157885404983, 13.025290325531271], [80.24120480058458, 13.025898107195262], [80.2408933042317, 13.026538910474281], [80.24064736522556, 13.027206564329171], [80.24046935253642, 13.027894639099664], [80.240360981039, 13.028596508417408], [80.24032329497746, 13.029305413015056], [80.24035665788693, 13.030014525817148], [80.24046074906963, 13.030717017686138], [80.24063456665995, 13.031406123190479], [80.2408764372504, 13.032075205761318], [80.24118403198625, 13.032717821610403], [80.2415543889747, 13.033327781793291], [80.24198394179375, 13.033899211820058], [80.24246855382643, 13.034426608239054], [80.24300355809063, 13.034904891648488], [80.24358380218094, 13.035329455624815], [80.24420369788984, 13.035696211096393], [80.24485727503075, 13.03600162573458], [80.24553823894371, 13.036242757982485], [80.24624003113013, 13.036417285393298], [80.24695589243174, 13.036523527004828], [80.24767892814484, 13.036560459534577], [80.24840217444189, 13.036527727239028], [80.24911866546007, 13.036425645342074], [80.24982150040954, 13.036255196999475], [80.25050391005455, 13.036018023828555], [80.25115932192608, 13.035716410094402], [80.2517814236372, 13.035353260705092], [80.25236422369063, 13.034932073228013], [80.25290210919233, 13.034456904197132], [80.2533898999149, 13.033932330036025], [80.25382289818961, 13.033363402973405], [80.25419693414669, 13.032755602376165], [80.254508405868, 13.032114781968952], [80.25475431406572, 13.031447113449158], [80.25493229095353, 13.030759027040611], [80.25504062303258, 13.030057149558901], [80.25507826757352, 13.029348240585124]]]}}, {"id": "44", "type": "Feature", "properties": {"railway": null, "station": null, "subway": null, "construction": null, "construction:railway": null, "public_transport": null, "network": null, "operator": null, "name": "Karayanchavadi", "name:en": null, "element": null, "id": null, "category": null, "city": "chennai", "index_right": null, "n_osm_nodes": null, "phase": "phase2", "position_source": "osm", "confidence": "high", "Line": "Yellow Line", "Layout": "Elevated", "snap_offset_m": null, "station_id": "MAA044", "radius_m": 800, "buffer_area_m2": 2007391.033949412, "prediction": 5478.0, "rank_phase2": 71.0, "label_top15": 0}, "geometry": {"type": "Polygon", "coordinates": [[[80.11828669212542, 13.046745056884852], [80.11825367859153, 13.046035949883326], [80.1181499315607, 13.045333429920552], [80.11797645076525, 13.044644262602308], [80.11773490747433, 13.043975084885368], [80.11742762837714, 13.043332341163923], [80.1170575731569, 13.042722221212415], [80.11662830597126, 13.042150600582268], [80.11614396111523, 13.041622984026246], [80.11560920319722, 13.041144452494907], [80.1150291822125, 13.040719614215197], [80.11440948394643, 13.040352560322017], [80.11375607618555, 13.040046825469432], [80.11307525125395, 13.039805353800634], [80.11237356542821, 13.03963047060382], [80.11165777581373, 13.03952385992669], [80.11093477528982, 13.039486548364811], [80.11021152614924, 13.039518895179638], [80.10949499307043, 13.039620588841325], [80.10879207606715, 13.039790650029383], [80.10810954406027, 13.040027441062358], [80.1074539697106, 13.040328681665736], [80.1068316661397, 13.04069147092638], [80.10624862614702, 13.041112315222298], [80.10571046450846, 13.04158716185903], [80.10522236391142, 13.042111438089133], [80.10478902504664, 13.042680095139243], [80.1044146213374, 13.043287656821292], [80.10410275874213, 13.04392827226005], [80.10385644101756, 13.044595772229622], [80.10367804077755, 13.045283728556832], [80.10356927662666, 13.045985516019739], [80.10353119658926, 13.04669437614543], [80.10356416799488, 13.047403482293051], [80.10366787391753, 13.048106005395399], [80.10384131620462, 13.04879517972605], [80.10408282506694, 13.049464368058738], [80.10439007513827, 13.050107125591325], [80.10476010785091, 13.050717262018608], [80.10518935991212, 13.051288901156012], [80.10567369760814, 13.051816537539546], [80.10620845660569, 13.052295089456699], [80.10678848686804, 13.052719947897097], [80.10740820225327, 13.053087020951088], [80.10806163431695, 13.05339277322826], [80.1087424898011, 13.053634259915809], [80.109444211255, 13.053809155148372], [80.11016004020405, 13.053915774415715], [80.11088308225737, 13.05395309079217], [80.11160637352623, 13.053920744831247], [80.11232294771322, 13.05381904802999], [80.11302590322482, 13.053648979829525], [80.11370846966034, 13.053412178180798], [80.11436407303583, 13.053110923766276], [80.11498639911434, 13.052748118029852], [80.11556945423145, 13.05232725522668], [80.11610762303003, 13.051852388762434], [80.11659572254753, 13.051328092146523], [80.11702905213468, 13.050759414935726], [80.11740343872478, 13.050151834092864], [80.11771527701721, 13.049511201229517], [80.11796156418926, 13.048843686241202], [80.11813992880111, 13.048155717878243], [80.11824865361743, 13.047453921825117], [80.11828669212542, 13.046745056884852]]]}}, {"id": "45", "type": "Feature", "properties": {"railway": null, "station": null, "subway": null, "construction": null, "construction:railway": null, "public_transport": null, "network": null, "operator": null, "name": "Kodambakkam", "name:en": null, "element": null, "id": null, "category": null, "city": "chennai", "index_right": null, "n_osm_nodes": null, "phase": "phase2", "position_source": "osm", "confidence": "high", "Line": "Yellow Line", "Layout": "Underground", "snap_offset_m": null, "station_id": "MAA045", "radius_m": 800, "buffer_area_m2": 2007391.033949412, "prediction": 5021.0, "rank_phase2": 85.0, "label_top15": 0}, "geometry": {"type": "Polygon", "coordinates": [[[80.23854073939548, 13.05213221657761], [80.23850738231916, 13.051423104861401], [80.23840329138417, 13.050720613145092], [80.23822946963347, 13.050031506757056], [80.23798759161721, 13.049362422062314], [80.23767998724476, 13.048719802554805], [80.23730961932749, 13.04810983680906], [80.23688005502943, 13.04753839888865], [80.23639543150134, 13.047010991784974], [80.23586041602954, 13.046532694430715], [80.23528016108371, 13.04610811279795], [80.23466025469662, 13.04574133555136], [80.23400666665371, 13.045435894683214], [80.23332569101046, 13.04519473150885], [80.23262388549087, 13.045020168349664], [80.2319080083499, 13.044913886176037], [80.23118495330782, 13.044876908425111], [80.23046168318143, 13.044909591149063], [80.22974516285154, 13.04501161958859], [80.22904229221054, 13.045182011204474], [80.22835983973526, 13.045419125138025], [80.22770437732413, 13.045720678009422], [80.22708221702501, 13.04608376590187], [80.22649935026267, 13.046504892320156], [80.22596139015032, 13.046980001854614], [80.22547351744039, 13.047504519226658], [80.2250404306349, 13.048073393340244], [80.22466630073546, 13.048681145915426], [80.22435473106897, 13.049321924236095], [80.2241087225759, 13.049989557504345], [80.22393064489611, 13.050677616259092], [80.2238222135308, 13.05137947428715], [80.2237844733015, 13.052088372430772], [80.22381778826615, 13.052797483677471], [80.22392183818982, 13.053499978905402], [80.22409562160567, 13.054189092651228], [80.22433746543666, 13.054858188267175], [80.22464504108721, 13.055500821839619], [80.22501538684969, 13.056110804253507], [80.22544493641144, 13.056682260804722], [80.22592955318804, 13.057209687785909], [80.22646457015261, 13.057688005500484], [80.22704483477813, 13.058112607193948], [80.22766475865981, 13.058479403430693], [80.22831837133994, 13.05878486148867], [80.2289993778162, 13.059026039391945], [80.22970121917973, 13.059200614253095], [80.23041713579808, 13.059306904652043], [80.23114023243392, 13.059343886835553], [80.23186354467201, 13.059311204581105], [80.23258010601319, 13.05920917262996], [80.23328301498907, 13.059038773656283], [80.23396550164959, 13.058801648801525], [80.23462099278262, 13.058500081865198], [80.23524317523653, 13.05813697730461], [80.23582605673518, 13.05771583225551], [80.23636402359901, 13.05724070284355], [80.23685189481616, 13.056716165111181], [80.23728497194197, 13.056147270936899], [80.23765908434682, 13.055539499371564], [80.23797062937611, 13.054898703861065], [80.23821660703615, 13.054231055863907], [80.23839464887202, 13.053542985407192], [80.23850304075995, 13.052841119153813], [80.23854073939548, 13.05213221657761]]]}}, {"id": "46", "type": "Feature", "properties": {"railway": null, "station": null, "subway": null, "construction": null, "construction:railway": null, "public_transport": null, "network": null, "operator": null, "name": "Kumananchavadi", "name:en": null, "element": null, "id": null, "category": null, "city": "chennai", "index_right": null, "n_osm_nodes": null, "phase": "phase2", "position_source": "osm", "confidence": "high", "Line": "Yellow Line", "Layout": "Elevated", "snap_offset_m": null, "station_id": "MAA046", "radius_m": 800, "buffer_area_m2": 2007391.033949412, "prediction": 5744.0, "rank_phase2": 51.0, "label_top15": 0}, "geometry": {"type": "Polygon", "coordinates": [[[80.12629047386817, 13.044719053595147], [80.12625743734297, 13.044009946072958], [80.12615366796895, 13.043307427827504], [80.12598016569339, 13.042618264447666], [80.125738601992, 13.041949092851997], [80.12543130375026, 13.041306357375475], [80.12506123083537, 13.040696247712935], [80.12463194757501, 13.040124639316579], [80.12414758841855, 13.039597036821288], [80.12361281811177, 13.039118521042205], [80.1230327867688, 13.03869370005467], [80.12241308027448, 13.038326664827183], [80.12175966649424, 13.038020949834271], [80.12107883780992, 13.037779499028126], [80.12037715053403, 13.037604637496338], [80.11966136178584, 13.037498049078321], [80.11893836443633, 13.03746076015563], [80.11821512074772, 13.03749312977206], [80.11749859534608, 13.037594846178541], [80.11679568817145, 13.037764929835886], [80.1161131680503, 13.038001742846548], [80.11545760752935, 13.038303004724613], [80.11483531959729, 13.038665814352266], [80.11425229690336, 13.039086677911495], [80.11371415405732, 13.039561542522401], [80.11322607356597, 13.040085835264419], [80.11279275592678, 13.040654507205101], [80.112418374359, 13.041262082012823], [80.1121065346081, 13.041902708685729], [80.11186024021109, 13.04257021788947], [80.11168186355735, 13.043258181361633], [80.11157312302434, 13.043959973811107], [80.11153506640906, 13.044668836716601], [80.11156806081537, 13.045377943410118], [80.11167178909567, 13.046080464818829], [80.11184525288184, 13.046769635232284], [80.11208678217731, 13.047438817461636], [80.1123940514188, 13.048081566763258], [80.11276410185359, 13.048691692911028], [80.11319337001788, 13.049263319819225], [80.11367772204242, 13.049790942141566], [80.11421249345554, 13.050269478300969], [80.11479253410057, 13.05069431943889], [80.11541225773522, 13.051061373812457], [80.11606569583532, 13.051367106211371], [80.11674655508449, 13.051608572014539], [80.11744827799558, 13.051783445558037], [80.1181641060799, 13.051890042540862], [80.11888714495483, 13.051927336252309], [80.11961043076232, 13.051894967464547], [80.12032699725769, 13.051793247894809], [80.12102994292171, 13.051623157203853], [80.12171249744877, 13.051386333559506], [80.12236808696997, 13.051085057856337], [80.12299039738214, 13.050722231743455], [80.12357343517213, 13.050301349672386], [80.12411158515008, 13.049826465234426], [80.1245996645351, 13.049302152112089], [80.12503297287222, 13.048733460021024], [80.12540733729969, 13.04812586606722], [80.1257191527307, 13.047485221988318], [80.12596541656288, 13.046817697787555], [80.12614375758142, 13.046129722303675], [80.12625245877828, 13.045427921289395], [80.12629047386817, 13.044719053595147]]]}}, {"id": "47", "type": "Feature", "properties": {"railway": null, "station": null, "subway": null, "construction": null, "construction:railway": null, "public_transport": null, "network": null, "operator": null, "name": "Kutchery Road", "name:en": null, "element": null, "id": null, "category": null, "city": "chennai", "index_right": null, "n_osm_nodes": null, "phase": "phase2", "position_source": "osm", "confidence": "high", "Line": "Yellow Line", "Layout": "Underground", "snap_offset_m": null, "station_id": "MAA047", "radius_m": 800, "buffer_area_m2": 2007391.033949412, "prediction": 6161.0, "rank_phase2": 28.0, "label_top15": 0}, "geometry": {"type": "Polygon", "coordinates": [[[80.2806152585663, 13.034408574597771], [80.28058178086688, 13.033699461051262], [80.28047757485757, 13.032996979336806], [80.28030364468808, 13.032307894684726], [80.28006166595095, 13.031638843249176], [80.27975396952357, 13.030996268202541], [80.27938351910164, 13.030386357690244], [80.27895388264153, 13.029814985243357], [80.27846919798671, 13.029287653222543], [80.27793413301, 13.028809439837605], [80.27735384065583, 13.028384950252523], [80.27673390931552, 13.028018272246449], [80.27608030901338, 13.027712936857174], [80.27539933392188, 13.027471884385758], [80.27469754175905, 13.027297436089212], [80.27398169065104, 13.027191271833631], [80.27325867406755, 13.027154413922508], [80.27253545445573, 13.027187217255877], [80.271818996211, 13.027289365914784], [80.2711161986292, 13.027459876203986], [80.27043382948537, 13.027697106123425], [80.26977845987739, 13.027998771177533], [80.26915640096156, 13.028361966370056], [80.26857364318852, 13.028783194172997], [80.2680357986241, 13.029258398200483], [80.26754804691011, 13.029783002263711], [80.26711508538531, 13.030351954431175], [80.26674108384654, 13.03095977567028], [80.26642964438594, 13.031600612602395], [80.2661837666911, 13.03226829386361], [80.26600581914288, 13.032956389528888], [80.26589751598944, 13.033658273027685], [80.26585990081736, 13.034367184954979], [80.26589333647952, 13.035076298163569], [80.26599750157757, 13.035778783510816], [80.26617139353401, 13.036467875626805], [80.26641333822477, 13.037136938070534], [80.26672100608089, 13.037779527246588], [80.26709143450461, 13.03838945446656], [80.26752105638494, 13.038960845557304], [80.26800573443873, 13.03948819744169], [80.26854080104683, 13.039966431146565], [80.26912110320208, 13.04039094072707], [80.26974105213655, 13.040757637635641], [80.27039467714981, 13.041062990108063], [80.27107568311969, 13.0413040571868], [80.27177751114158, 13.041478517053466], [80.27249340171127, 13.041584689397352], [80.27321645984254, 13.041621551604127], [80.27393972149163, 13.041588748608682], [80.27465622064763, 13.041486596316979], [80.2753590564425, 13.041316078563877], [80.27604145963267, 13.04107883763625], [80.27669685781193, 13.040777158452725], [80.27731893872595, 13.04041394655253], [80.27790171107875, 13.039992700105731], [80.27843956224423, 13.039517476214675], [80.27892731232683, 13.0389928518315], [80.27936026405054, 13.038423879668617], [80.27973424799514, 13.037816039527018], [80.28004566274464, 13.037175185511751], [80.28029150956108, 13.036507489643226], [80.28046942125026, 13.035819382407821], [80.28057768494203, 13.03511749082072], [80.2806152585663, 13.034408574597771]]]}}, {"id": "48", "type": "Feature", "properties": {"railway": null, "station": null, "subway": null, "construction": null, "construction:railway": null, "public_transport": null, "network": null, "operator": null, "name": "Lighthouse", "name:en": null, "element": null, "id": null, "category": null, "city": "chennai", "index_right": null, "n_osm_nodes": null, "phase": "phase2", "position_source": "osm", "confidence": "high", "Line": "Yellow Line", "Layout": "Underground", "snap_offset_m": null, "station_id": "MAA048", "radius_m": 800, "buffer_area_m2": 2007391.033949412, "prediction": 4791.0, "rank_phase2": 89.0, "label_top15": 0}, "geometry": {"type": "Polygon", "coordinates": [[[80.28737975842382, 13.043864498760142], [80.28734626159095, 13.043155385535632], [80.28724203383011, 13.042452905855518], [80.2870680795009, 13.04176382493015], [80.28682607442877, 13.04109477887743], [80.2865183497449, 13.04045221081751], [80.28614786941716, 13.039842308828161], [80.28571820168989, 13.039270946358041], [80.28523348470746, 13.03874362567142], [80.28469838665379, 13.038265424868696], [80.28411806079144, 13.037840948992493], [80.28349809583402, 13.037474285689814], [80.28284446212902, 13.037168965856802], [80.28216345417009, 13.03692792964472], [80.28146162999118, 13.036753498154104], [80.28074574802622, 13.03664735108936], [80.28002270204149, 13.036610510588666], [80.27929945476683, 13.036643331384653], [80.27858297086357, 13.03674549739055], [80.2778801498743, 13.03691602474439], [80.27719775979925, 13.037153271282172], [80.2765423719377, 13.037454952348646], [80.27592029762167, 13.037818162793732], [80.2753375274502, 13.038239404942878], [80.27479967360867, 13.03871462227235], [80.27431191582856, 13.0392392384655], [80.27387895150741, 13.039808201474177], [80.27350495046943, 13.040416032161511], [80.27319351480246, 13.041056877057926], [80.27294764415811, 13.041724564722784], [80.27276970684993, 13.042412665169289], [80.27266141702803, 13.04311455178066], [80.2726238181512, 13.043823465121685], [80.27265727291584, 13.044532578031252], [80.27276145974011, 13.045235061369272], [80.27293537583759, 13.045924149784813], [80.27317734685207, 13.046593206872142], [80.27348504296118, 13.047235789087043], [80.27385550129515, 13.04784570780778], [80.27428515445486, 13.048417088942715], [80.27476986485577, 13.048944429510307], [80.27530496456687, 13.049422650646136], [80.27588530026188, 13.04984714652619], [80.27650528284939, 13.050213828734734], [80.27715894130434, 13.050519165649074], [80.27783998018198, 13.050760216461528], [80.27854184026016, 13.050934659510471], [80.27925776172539, 13.051040814647326], [80.27998084929335, 13.051077659423703], [80.28070413863627, 13.05104483894265], [80.28142066347611, 13.05094266927885], [80.28212352269708, 13.050772134434833], [80.28280594682978, 13.050534876862448], [80.2834613632661, 13.050233181640989], [80.2840834595759, 13.04986995446452], [80.28466624431492, 13.049448693650554], [80.28520410473799, 13.048973456440109], [80.28569186086067, 13.048448819913858], [80.28612481534914, 13.047879836901329], [80.28649879875705, 13.04727198730813], [80.28681020967406, 13.04663112533039], [80.28705604939968, 13.045963423065158], [80.2872339508086, 13.045275311060323], [80.28734220113023, 13.044573416376839], [80.28737975842382, 13.043864498760142]]]}}, {"id": "49", "type": "Feature", "properties": {"railway": null, "station": null, "subway": null, "construction": null, "construction:railway": null, "public_transport": null, "network": null, "operator": null, "name": "Madhavaram Depot", "name:en": null, "element": null, "id": null, "category": null, "city": "chennai", "index_right": null, "n_osm_nodes": null, "phase": "phase2", "position_source": "osm", "confidence": "high", "Line": "Red Line", "Layout": "At-grade", "snap_offset_m": null, "station_id": "MAA049", "radius_m": 800, "buffer_area_m2": 2007391.033949412, "prediction": 4787.0, "rank_phase2": 90.0, "label_top15": 0}, "geometry": {"type": "Polygon", "coordinates": [[[80.24603288209954, 13.155764644045558], [80.24599950641172, 13.155055537005813], [80.24589536719387, 13.15435305036395], [80.24572146795886, 13.153663949398444], [80.24547948400755, 13.152994870420686], [80.24517174627334, 13.152352256867774], [80.24480121885505, 13.151742297254826], [80.24437147045498, 13.151170865584083], [80.24388663999812, 13.150643464784356], [80.24335139676383, 13.150165173725208], [80.24277089541444, 13.149740598315725], [80.24215072635391, 13.149373827158465], [80.24149686189462, 13.149068392185091], [80.24081559875053, 13.14882723465252], [80.24011349741016, 13.148652676826563], [80.23939731897268, 13.148546399625392], [80.23867396005484, 13.148509426437885], [80.23795038639471, 13.148542113272367], [80.23723356579114, 13.14864414533051], [80.23653040102337, 13.148814540039261], [80.23584766339637, 13.149051656511574], [80.23519192755086, 13.149353211344948], [80.234569508165, 13.14971630060576], [80.23398639915644, 13.150137427787895], [80.23344821597016, 13.150612537476716], [80.23296014150671, 13.151137054394585], [80.23252687621194, 13.151705927452165], [80.2321525928082, 13.15231367838189], [80.23184089610348, 13.152954454485466], [80.23159478826528, 13.153622084987967], [80.2314166398944, 13.154310140456221], [80.23130816717766, 13.155011994709524], [80.2312704153399, 13.15572088862687], [80.23130374855609, 13.156429995236367], [80.23140784642074, 13.157132485460272], [80.23158170701019, 13.157821593882424], [80.23182365650871, 13.158490683904898], [80.2321313653069, 13.159133311666153], [80.23250187041792, 13.159743288105043], [80.23293160399673, 13.16031473857272], [80.23341642768793, 13.160842159418017], [80.23395167247213, 13.161320471001034], [80.23453218362746, 13.161745066623954], [80.23515237037314, 13.162111856907444], [80.23580625971712, 13.162417309184818], [80.23648755398916, 13.16265848153418], [80.23718969150451, 13.162833051120318], [80.2379059097738, 13.162939336573125], [80.23862931064959, 13.162976314186617], [80.23935292678135, 13.162943627782376], [80.24006978873811, 13.162841592142197], [80.24077299215146, 13.162671189976795], [80.24145576423125, 13.162434062459765], [80.24211152901277, 13.162132493418053], [80.24273397070593, 13.161769387331299], [80.24331709453573, 13.16134824135223], [80.24385528448768, 13.160873111617832], [80.2443433574012, 13.160348574176103], [80.24477661289002, 13.159779680905078], [80.24515087860861, 13.159171910849127], [80.24546255042864, 13.158531117441553], [80.2457086271389, 13.157863472122257], [80.24588673933478, 13.157175404893822], [80.24599517221974, 13.156473542388882], [80.24603288209954, 13.155764644045558]]]}}, {"id": "50", "type": "Feature", "properties": {"railway": null, "station": null, "subway": null, "construction": null, "construction:railway": null, "public_transport": null, "network": null, "operator": null, "name": "Madhavaram Milk Colony", "name:en": null, "element": null, "id": null, "category": null, "city": "chennai", "index_right": null, "n_osm_nodes": null, "phase": "phase2", "position_source": "osm", "confidence": "high", "Line": "Purple Line", "Layout": "Underground", "snap_offset_m": null, "station_id": "MAA050", "radius_m": 800, "buffer_area_m2": 2007391.033949412, "prediction": 4999.0, "rank_phase2": 86.0, "label_top15": 0}, "geometry": {"type": "Polygon", "coordinates": [[[80.24882676324495, 13.149679787822008], [80.24879337934715, 13.148970680423966], [80.24868923370566, 13.148268194294642], [80.24851532989483, 13.147579094707513], [80.24827334325927, 13.146910017960632], [80.24796560475794, 13.146267407469592], [80.24759507849667, 13.145657451720071], [80.24716533316642, 13.145086024677155], [80.24668050766233, 13.14455862922518], [80.24614527121594, 13.144080344182333], [80.24556477842408, 13.143655775399925], [80.24494461960822, 13.143289011416838], [80.24429076698215, 13.14298358409585], [80.24360951714591, 13.142742434620365], [80.24290743046004, 13.142567885178783], [80.24219126788276, 13.142461616608717], [80.24146792587831, 13.142424652216082], [80.24074437002223, 13.142457347924651], [80.24002756794216, 13.142559388850744], [80.2393244222393, 13.142729792335997], [80.23864170403537, 13.142966917408877], [80.23798598778437, 13.143268480584078], [80.237363587976, 13.143631577847614], [80.2367804983397, 13.144052712616231], [80.23624233413409, 13.144527829402138], [80.23575427807708, 13.14505235285922], [80.23532103043738, 13.145621231835019], [80.23494676376738, 13.146228988004795], [80.23463508271385, 13.146869768619599], [80.2343889892935, 13.14753740286089], [80.23421085396816, 13.14822546125928], [80.23410239279875, 13.148927317605676], [80.2340646508987, 13.149636212758741], [80.23409799234696, 13.150345319734557], [80.23420209665848, 13.151047809451716], [80.23437596184714, 13.151736916498871], [80.23461791405258, 13.152406004291283], [80.234925623639, 13.153048628988877], [80.23529612761172, 13.15365860156004], [80.23572585813632, 13.154230047393225], [80.23621067688663, 13.154757462882003], [80.23674591489066, 13.155235768438184], [80.23732641749176, 13.155660357422144], [80.2379465939914, 13.15602714051866], [80.23860047149633, 13.156332585130443], [80.23928175245032, 13.156573749409606], [80.23998387529707, 13.156748310598855], [80.24070007768869, 13.156854587409123], [80.2414234616309, 13.156891556217824], [80.24214705993651, 13.156858860931486], [80.24286390334656, 13.15675681641755], [80.2435670876716, 13.156586405472273], [80.24424984030561, 13.156349269353862], [80.24490558547154, 13.156047691972104], [80.24552800756847, 13.155684577886932], [80.24611111201042, 13.155263424328043], [80.24664928296981, 13.15478828750533], [80.24713733746917, 13.154263743534916], [80.24757057529965, 13.153694844357565], [80.24794482428584, 13.153087069074362], [80.24825648046053, 13.152446271168762], [80.2485025427631, 13.151778622123796], [80.24868064192758, 13.15109055197774], [80.24878906328264, 13.15038868739114], [80.24882676324495, 13.149679787822008]]]}}, {"id": "51", "type": "Feature", "properties": {"railway": null, "station": null, "subway": null, "construction": null, "construction:railway": null, "public_transport": null, "network": null, "operator": null, "name": "Panagal Park", "name:en": null, "element": null, "id": null, "category": null, "city": "chennai", "index_right": null, "n_osm_nodes": null, "phase": "phase2", "position_source": "osm", "confidence": "high", "Line": "Yellow Line", "Layout": "Underground", "snap_offset_m": null, "station_id": "MAA051", "radius_m": 800, "buffer_area_m2": 2007391.033949412, "prediction": 6696.0, "rank_phase2": 18.0, "label_top15": 0}, "geometry": {"type": "Polygon", "coordinates": [[[80.240822108787, 13.041041865659539], [80.24078874486881, 13.040332753360305], [80.24068465028668, 13.03963026186685], [80.24051082811812, 13.03894115650538], [80.24026895291674, 13.038272073631054], [80.23996135456431, 13.037629456720355], [80.23959099581376, 13.037019494322939], [80.23916144374049, 13.036448060470308], [80.23867683537726, 13.035920658114895], [80.23814183786415, 13.035442366143903], [80.23756160349782, 13.035017790477823], [80.2369417201129, 13.034651019724151], [80.23628815727348, 13.034345585812904], [80.23560720879259, 13.034104429992688], [80.23490543213293, 13.033929874514316], [80.23418958527206, 13.033823600274411], [80.23346656163905, 13.03378663063389], [80.23274332374879, 13.033819321566947], [80.23202683617224, 13.03392135823531], [80.23132399848683, 13.03409175802053], [80.23064157885267, 13.034328879985228], [80.22998614885236, 13.03463044067215], [80.22936402022208, 13.03499353608911], [80.22878118408198, 13.035414669668244], [80.22824325325062, 13.035889785930719], [80.22775540819865, 13.036414309532917], [80.22732234716176, 13.036983189318518], [80.22694824089336, 13.037590946952676], [80.22663669249262, 13.038231729670292], [80.22639070269494, 13.038899366630849], [80.22621264095977, 13.039587428337457], [80.22610422263432, 13.040289288548289], [80.22606649241406, 13.0409981880844], [80.22609981425995, 13.041707299919764], [80.2262038678703, 13.042409794926778], [80.2263776517421, 13.04309890764421], [80.22661949279345, 13.043768001434223], [80.22692706245498, 13.044410632400846], [80.2272973990763, 13.045020611454255], [80.22772693643245, 13.045592063922873], [80.22821153805626, 13.04611948613887], [80.22874653706658, 13.046597798451808], [80.22932678110926, 13.047022394159463], [80.22994668197781, 13.047389183884158], [80.23060026943622, 13.047694634966822], [80.23128124872542, 13.047935805498973], [80.23198306119872, 13.048110372664418], [80.2326989475023, 13.048216655117406], [80.23342201269129, 13.048253629181403], [80.23414529265384, 13.048220938712214], [80.2348618212022, 13.048118898530292], [80.23556469718436, 13.047948491389107], [80.23624715096854, 13.047711358508726], [80.23690260965978, 13.047409783765884], [80.23752476041926, 13.047046671692932], [80.23810761127648, 13.046625519497802], [80.23864554884729, 13.046150383374744], [80.23913339240204, 13.045625839430603], [80.23956644376257, 13.045056939603425], [80.23994053254734, 13.044449162998248], [80.24025205632907, 13.043808363109209], [80.24049801531845, 13.043140711436719], [80.24067604123998, 13.042452638043036], [80.24078442012274, 13.041750769619119], [80.240822108787, 13.041041865659539]]]}}, {"id": "52", "type": "Feature", "properties": {"railway": null, "station": null, "subway": null, "construction": null, "construction:railway": null, "public_transport": null, "network": null, "operator": null, "name": "Poonamallee Bypass", "name:en": null, "element": null, "id": null, "category": null, "city": "chennai", "index_right": null, "n_osm_nodes": null, "phase": "phase2", "position_source": "osm", "confidence": "high", "Line": "Yellow Line", "Layout": "Elevated", "snap_offset_m": null, "station_id": "MAA052", "radius_m": 800, "buffer_area_m2": 2007391.033949412, "prediction": 6226.0, "rank_phase2": 26.0, "label_top15": 0}, "geometry": {"type": "Polygon", "coordinates": [[[80.08918888904691, 13.048055361206698], [80.08915595878284, 13.047346255938505], [80.08905229440896, 13.046643729682767], [80.08887889486205, 13.045954548107135], [80.08863743062943, 13.04528534830687], [80.08833022763996, 13.04464257488986], [80.08796024484501, 13.044032417917373], [80.08753104570602, 13.043460753297985], [80.08704676386405, 13.042933086208468], [80.08651206332213, 13.042454498086164], [80.08593209352436, 13.042029597702879], [80.08531243976455, 13.041662476791185], [80.08465906940182, 13.041356670649943], [80.0839782744012, 13.041115124108012], [80.0832766107519, 13.040940163173627], [80.08256083534637, 13.040833472641944], [80.08183784092746, 13.040796079876284], [80.08111458972925, 13.040828344918802], [80.08039804644977, 13.040929957025831], [80.0796951112006, 13.041099937661022], [80.07901255307758, 13.041336649917506], [80.07835694499208, 13.041637814278413], [80.07773460038942, 13.042000530564016], [80.07715151246292, 13.042421305854495], [80.07661329644871, 13.042896088119585], [80.07612513555642, 13.043420305231646], [80.07569173105605, 13.043988908986812], [80.07531725700161, 13.044596423710683], [80.07500532002774, 13.045236998980895], [80.07475892460643, 13.045904465959271], [80.07458044409887, 13.04659239679141], [80.07447159788204, 13.047294166502088], [80.07443343477027, 13.048003016790643], [80.07446632289302, 13.048712121112292], [80.07456994612659, 13.049414650418761], [80.07474330711517, 13.05010383892515], [80.07498473685321, 13.050773049269852], [80.07529191073746, 13.051415836439759], [80.07566187093511, 13.052026009845093], [80.07609105485301, 13.052597692945776], [80.07657532943512, 13.053125379854803], [80.07711003095736, 13.053603988373181], [80.07769000993798, 13.0540289089453], [80.07830968073029, 13.05439604906273], [80.07896307532059, 13.054701872688558], [80.0796439008128, 13.054943434321988], [80.08034560004597, 13.05511840737485], [80.08106141476014, 13.055225106586255], [80.08178445070189, 13.055262504259343], [80.08250774404141, 13.05523024016336], [80.0832243284612, 13.055128625005604], [80.0839273022687, 13.054958637439661], [80.08460989488631, 13.054721914638737], [80.085265532077, 13.054420736524929], [80.085887899277, 13.054058003806476], [80.08647100242459, 13.053637210034703], [80.08700922569865, 13.053162407950104], [80.08749738561059, 13.05263817044197], [80.08793078092812, 13.052069546497975], [80.08830523795007, 13.051462012568363], [80.08861715069635, 13.050821419813564], [80.08886351562609, 13.050153937743683], [80.08904196054976, 13.049465994793076], [80.08915076745797, 13.048764216402674], [80.08918888904691, 13.048055361206698]]]}}, {"id": "53", "type": "Feature", "properties": {"railway": null, "station": null, "subway": null, "construction": null, "construction:railway": null, "public_transport": null, "network": null, "operator": null, "name": "Porur Bypass", "name:en": null, "element": null, "id": null, "category": null, "city": "chennai", "index_right": null, "n_osm_nodes": null, "phase": "phase2", "position_source": "osm", "confidence": "high", "Line": "Yellow Line", "Layout": "Elevated", "snap_offset_m": null, "station_id": "MAA053", "radius_m": 800, "buffer_area_m2": 2007391.033949412, "prediction": 5831.0, "rank_phase2": 45.0, "label_top15": 0}, "geometry": {"type": "Polygon", "coordinates": [[[80.15734765005037, 13.036280094757942], [80.15731452435932, 13.035570985317703], [80.15721066851084, 13.034868473841007], [80.1570370832842, 13.034179325850237], [80.15679544095285, 13.033510178114561], [80.15648806915826, 13.032867474738174], [80.1561179284745, 13.032257405106003], [80.15568858388036, 13.03168584428422], [80.15520417041434, 13.031158296449291], [80.15466935334359, 13.030679841889997], [80.15408928323123, 13.030255088092405], [80.153469546334, 13.029888125378543], [80.15281611080901, 13.029582487525413], [80.15213526924659, 13.029341117743371], [80.15143357808256, 13.029166340340916], [80.15071779447334, 13.029059838348601], [80.14999481124028, 13.029022637317071], [80.14927159050995, 13.029055095445143], [80.1485550966879, 13.029156900132724], [80.1478522294108, 13.029327070991755], [80.14716975712206, 13.029563969286066], [80.14651425190894, 13.029865313709417], [80.145892026229, 13.030228202349793], [80.14530907213351, 13.030649140628777], [80.14477100357317, 13.031124074947103], [80.14428300234091, 13.031648431712867], [80.14384976817244, 13.032217161376698], [80.14347547348447, 13.032824787050492], [80.14316372318694, 13.033465457241684], [80.14291751995631, 13.03413300219577], [80.14273923530463, 13.034820993304821], [80.14263058672373, 13.035522805010222], [80.14259262112509, 13.036231678603807], [80.14262570473579, 13.036940787313199], [80.14272951954858, 13.037643302044756], [80.14290306636116, 13.03833245715101], [80.1431446743763, 13.03900161558935], [80.14345201727129, 13.039644332844283], [80.14382213558264, 13.040254418997533], [80.14425146519133, 13.040825998348039], [80.14473587163477, 13.041353566007283], [80.14527068991559, 13.041832040924646], [80.1458507694243, 13.042256814831715], [80.14647052354296, 13.042623796633665], [80.1471239834527, 13.042929451819944], [80.14780485562609, 13.043170836514104], [80.14850658245093, 13.043345625834569], [80.14922240540041, 13.043452136292794], [80.1499454301413, 13.043489342012784], [80.15066869295197, 13.04345688461556], [80.15138522780971, 13.043355076673116], [80.15208813350087, 13.0431848986986], [80.15277064010586, 13.042947989701624], [80.15342617421857, 13.04264663139973], [80.15404842227092, 13.042283726238272], [80.15463139135184, 13.041862769430567], [80.1551694669348, 13.041387815287923], [80.15565746695692, 13.040863438164092], [80.15609069172909, 13.04029468839078], [80.15646496919562, 13.039687043628902], [80.15677669510839, 13.03904635610456], [80.15702286772806, 13.038378796238359], [80.15720111671892, 13.037690793211297], [80.15730972595958, 13.036988973039989], [80.15734765005037, 13.036280094757942]]]}}, {"id": "54", "type": "Feature", "properties": {"railway": null, "station": null, "subway": null, "construction": null, "construction:railway": null, "public_transport": null, "network": null, "operator": null, "name": "Porur Junction", "name:en": null, "element": null, "id": null, "category": null, "city": "chennai", "index_right": null, "n_osm_nodes": null, "phase": "phase2", "position_source": "osm", "confidence": "high", "Line": "Yellow Line", "Layout": "Elevated", "snap_offset_m": null, "station_id": "MAA054", "radius_m": 800, "buffer_area_m2": 2007391.033949412, "prediction": 5873.0, "rank_phase2": 43.0, "label_top15": 0}, "geometry": {"type": "Polygon", "coordinates": [[[80.16414981668122, 13.035874600448118], [80.16411667154486, 13.035165490681429], [80.1640127964308, 13.034462980753625], [80.16383919230371, 13.03377383617187], [80.16359753161893, 13.033104693672229], [80.16329014219444, 13.032461997308237], [80.16291998477384, 13.031851936397084], [80.16249062449678, 13.031280385920818], [80.16200619655247, 13.030752849956189], [80.1614713663472, 13.030274408677627], [80.16089128457017, 13.02984966944335], [80.1602715375902, 13.029482722435214], [80.15961809366121, 13.029177101279135], [80.15893724545417, 13.028935749024859], [80.15823554946876, 13.028760989812335], [80.1575197629076, 13.028654506497215], [80.15679677862047, 13.028617324450579], [80.15607355874405, 13.028649801688715], [80.15535706767567, 13.028751625427807], [80.15465420502568, 13.028921815096615], [80.15397173919298, 13.029158731778098], [80.153316242203, 13.029460093989167], [80.15269402643433, 13.029822999646704], [80.1521110838431, 13.030243954008542], [80.15157302826951, 13.030718903320631], [80.1510850413818, 13.031243273846663], [80.15065182277785, 13.031812015904746], [80.15027754472479, 13.032419652487288], [80.14996581197265, 13.033060331996525], [80.14971962702917, 13.03372788458801], [80.14954136123049, 13.034415881580017], [80.149432731887, 13.035117697356993], [80.14939478572502, 13.035826573171256], [80.14942788878447, 13.036535682228738], [80.1495317228707, 13.037238195432124], [80.14970528859573, 13.03792734714837], [80.14994691498, 13.03859650036724], [80.15025427552366, 13.039239210623258], [80.15062441059301, 13.039849288065371], [80.15105375590731, 13.040420857076267], [80.1515381768524, 13.040948412866907], [80.15207300829094, 13.041426874500967], [80.15265309948634, 13.041851633837977], [80.15327286370784, 13.042218599923542], [80.15392633203895, 13.042524238398615], [80.15460721087092, 13.042765605547885], [80.15530894252718, 13.042940376658997], [80.15602476843428, 13.043046868419049], [80.15674779423043, 13.043084055132425], [80.15747105618378, 13.043051578603498], [80.15818758828, 13.042949751588822], [80.15889048933204, 13.042779554785525], [80.15957298946525, 13.042542627384819], [80.16022851533604, 13.04224125128172], [80.16085075345597, 13.041878329093219], [80.16143371100996, 13.041457356196753], [80.16197177358278, 13.040982387058653], [80.16245975923721, 13.040457996177116], [80.1628929684228, 13.039889234016307], [80.16326722923432, 13.039281578356334], [80.16357893758435, 13.038640881528105], [80.16382509190291, 13.037973314041627], [80.16400332203074, 13.037285305151032], [80.16411191202826, 13.036583480929123], [80.16414981668122, 13.035874600448118]]]}}, {"id": "55", "type": "Feature", "properties": {"railway": null, "station": null, "subway": null, "construction": null, "construction:railway": null, "public_transport": null, "network": null, "operator": null, "name": "Royapettah", "name:en": null, "element": null, "id": null, "category": null, "city": "chennai", "index_right": null, "n_osm_nodes": null, "phase": "phase2", "position_source": "osm", "confidence": "high", "Line": "Purple Line", "Layout": "Underground", "snap_offset_m": null, "station_id": "MAA055", "radius_m": 800, "buffer_area_m2": 2007391.033949412, "prediction": 5899.0, "rank_phase2": 42.0, "label_top15": 0}, "geometry": {"type": "Polygon", "coordinates": [[[80.27159386579429, 13.05453318671709], [80.27156041428618, 13.053824074301396], [80.27145622861221, 13.053121590930576], [80.27128231272732, 13.052432501851163], [80.27104034208763, 13.05176344326011], [80.27073264749357, 13.051120858398738], [80.27036219262422, 13.050510935506903], [80.26993254547962, 13.049939548234684], [80.26944784400689, 13.049412199085209], [80.26891275624136, 13.04893396643281], [80.26833243534733, 13.048509455626528], [80.26771246999105, 13.048142754649323], [80.26705883052438, 13.04783739475961], [80.2663778114967, 13.047596316493772], [80.26567597104864, 13.047421841356629], [80.2649600677707, 13.047315649472168], [80.26423699563419, 13.047278763409434], [80.2635137176203, 13.047311538339107], [80.26279719868582, 13.047413658615422], [80.26209433870999, 13.047584140816191], [80.26141190606762, 13.047821343211725], [80.26075647246704, 13.048122981571485], [80.26013434967986, 13.048486151156398], [80.25955152877093, 13.048907354685282], [80.25901362241338, 13.049382536006366], [80.25852581084362, 13.04990711914994], [80.25809279197642, 13.05047605238646], [80.2577187361608, 13.051083856866212], [80.25740724601161, 13.051724679372569], [80.25716132170494, 13.052392348681176], [80.256983332071, 13.053080434982725], [80.25687499176395, 13.053782311797429], [80.25683734472904, 13.054491219785168], [80.25687075412692, 13.05520033183716], [80.25697489881327, 13.055902818822263], [80.25714877640821, 13.056591915355055], [80.25739071292715, 13.057260984952153], [80.25769837888087, 13.057903583949285], [80.25806881169093, 13.058513523563361], [80.25849844420497, 13.059084929501672], [80.2589831390382, 13.059612298543776], [80.25951822841037, 13.06009055155087], [80.26009855909548, 13.060515082391687], [80.260718542051, 13.060881802313357], [80.26137220624872, 13.061187179329439], [80.2620532561889, 13.061428272245397], [80.26275513254294, 13.061602758993418], [80.26347107534048, 13.061708959003306], [80.26419418909151, 13.061745849393766], [80.2649175092156, 13.061713074827798], [80.26563406913773, 13.061610950937203], [80.26633696740349, 13.061440461283054], [80.26701943416661, 13.061203247881473], [80.26767489640754, 13.060901595385955], [80.26829704125403, 13.060538409078804], [80.26887987679348, 13.060117186883822], [80.26941778979054, 13.059641985670112], [80.26990559975366, 13.059117382171847], [80.27033860882976, 13.05854842890079], [80.27071264704617, 13.057940605476572], [80.27102411246429, 13.057299765843842], [80.27127000585847, 13.056632081885118], [80.27144795958644, 13.055943983972691], [80.27155626037388, 13.055242099032563], [80.27159386579429, 13.05453318671709]]]}}, {"id": "56", "type": "Feature", "properties": {"railway": null, "station": null, "subway": null, "construction": null, "construction:railway": null, "public_transport": null, "network": null, "operator": null, "name": "Sholinganallur", "name:en": null, "element": null, "id": null, "category": null, "city": "chennai", "index_right": null, "n_osm_nodes": null, "phase": "phase2", "position_source": "osm", "confidence": "high", "Line": "Red LinePurple Line", "Layout": "Elevated", "snap_offset_m": null, "station_id": "MAA056", "radius_m": 800, "buffer_area_m2": 2007391.033949412, "prediction": 5714.0, "rank_phase2": 53.0, "label_top15": 0}, "geometry": {"type": "Polygon", "coordinates": [[[80.23533080397654, 12.900980340070312], [80.23529745141511, 12.900271221418246], [80.23519340790533, 12.899568724340199], [80.23501967602616, 12.89887961421734], [80.23477792945555, 12.898210527452397], [80.23447049683112, 12.897567907561566], [80.23410033930547, 12.89695794312586], [80.2336710220129, 12.896386508199372], [80.2331866797232, 12.895859105748038], [80.2326519770136, 12.895380814663229], [80.23207206334247, 12.894956240860111], [80.23145252345822, 12.894589472931258], [80.23079932362033, 12.894284042782227], [80.23011875415055, 12.894042891627741], [80.22941736886709, 12.893868341675562], [80.22870192198462, 12.893762073770406], [80.22797930308704, 12.893725111212891], [80.22725647079847, 12.893757809909093], [80.22654038579066, 12.89385985494542], [80.22583794377086, 12.89403026362167], [80.22515590909475, 12.894267394913102], [80.22450084964296, 12.89456896527042], [80.22387907358743, 12.894932070605638], [80.22329656865595, 12.89535321425243], [80.22275894447925, 12.895828340631823], [80.2222713785752, 12.896352874299525], [80.2218385664903, 12.89692176399909], [80.22146467657818, 12.89752953129716], [80.22115330985083, 12.89817032333283], [80.22090746528949, 12.898837969173481], [80.22072951094928, 12.899526039234836], [80.22062116113683, 12.900227907193287], [80.22058345988101, 12.900936813794564], [80.22061677085675, 12.90164593194451], [80.22072077386005, 12.90234843245526], [80.2208944678686, 12.903037549813751], [80.22113618065978, 12.903706647339169], [80.22144358489409, 12.90434928110181], [80.22181372050996, 12.904959261987578], [80.22224302321507, 12.905530715310208], [80.2227273588002, 12.906058137396816], [80.2232620629458, 12.90653644860145], [80.22384198613828, 12.90696104223576], [80.22446154326337, 12.907327828945066], [80.22511476739902, 12.907633276102088], [80.22579536728973, 12.907874441838493], [80.22649678794822, 12.908049003386152], [80.22721227380038, 12.908155279454734], [80.22793493376473, 12.908192246429905], [80.228657807639, 12.908159548235828], [80.22937393315328, 12.908057499766795], [80.2300764130437, 12.90788708385492], [80.23075848149924, 12.907649941803008], [80.23141356934114, 12.90734835757388], [80.23203536730647, 12.906985235788598], [80.2326178868254, 12.906564073745665], [80.23315551770668, 12.906088927730998], [80.23364308217472, 12.905564373943465], [80.23407588473826, 12.904995464412714], [80.23444975740954, 12.904387678334192], [80.23476109983912, 12.903746869290533], [80.23500691397955, 12.903079208867963], [80.23518483294473, 12.902391127211125], [80.23529314378749, 12.90168925108925], [80.23533080397654, 12.900980340070312]]]}}, {"id": "57", "type": "Feature", "properties": {"railway": null, "station": null, "subway": null, "construction": null, "construction:railway": null, "public_transport": null, "network": null, "operator": null, "name": "Thelliyaragaram", "name:en": null, "element": null, "id": null, "category": null, "city": "chennai", "index_right": null, "n_osm_nodes": null, "phase": "phase2", "position_source": "osm", "confidence": "high", "Line": "Yellow Line", "Layout": "Elevated", "snap_offset_m": null, "station_id": "MAA057", "radius_m": 800, "buffer_area_m2": 2007391.033949412, "prediction": 6025.0, "rank_phase2": 37.0, "label_top15": 0}, "geometry": {"type": "Polygon", "coordinates": [[[80.14924476286959, 13.03692339083259], [80.14921166035242, 13.036214281801614], [80.14910782741921, 13.035511768497088], [80.1489342646287, 13.03482261645934], [80.14869264403848, 13.034153462496839], [80.14838529308089, 13.03351075077403], [80.14801517212969, 13.032900670756451], [80.14758584597399, 13.03232909761045], [80.14710144947509, 13.031801535631292], [80.14656664773719, 13.031323065243987], [80.14598659117605, 13.030898294086999], [80.14536686591838, 13.030531312649405], [80.1447134400095, 13.030225654888355], [80.14403260594737, 13.02998426420567], [80.1433309200959, 13.029809465110842], [80.14261513956046, 13.029702940843], [80.14189215713292, 13.02966571716696], [80.14116893493207, 13.029698152499227], [80.14045243737753, 13.029799934458891], [80.13974956414187, 13.029970082876414], [80.13906708372558, 13.03020695923143], [80.13841156829396, 13.030508282428697], [80.13778933040265, 13.030871150760392], [80.13720636222014, 13.031292069843518], [80.13666827783241, 13.031766986263584], [80.13618025918443, 13.032291326601015], [80.13574700617922, 13.032860041464719], [80.1353726914145, 13.03346765410923], [80.13506091999328, 13.034108313167657], [80.1348146947951, 13.03477584899295], [80.13463638754338, 13.035463833065398], [80.1345277159474, 13.036165639894485], [80.13448972714023, 13.036874510819361], [80.13452278757244, 13.037583619093738], [80.13462657946005, 13.038286135628518], [80.13480010382169, 13.038975294759226], [80.13504169007656, 13.039644459404824], [80.1353490121118, 13.040287184990316], [80.13571911066514, 13.040897281517427], [80.13614842180817, 13.041468873185357], [80.13663281125658, 13.04199645498706], [80.13716761417705, 13.042474945735757], [80.13774768010838, 13.042899737010499], [80.13836742256382, 13.043266737549096], [80.13902087283714, 13.04357241266037], [80.13970173749402, 13.043813818275728], [80.14040345899484, 13.043988629311817], [80.14111927886427, 13.044095162070628], [80.14184230279882, 13.04413239046104], [80.14256556708462, 13.044099955885365], [80.14328210568475, 13.04399817069545], [80.14398501734928, 13.043828015184967], [80.14466753210094, 13.043591128146858], [80.1453230764549, 13.043289791086911], [80.14594533674409, 13.042926906245679], [80.14652831993925, 13.042505968640622], [80.1470664113775, 13.042031032398011], [80.1475544288429, 13.041506671699189], [80.1479876724779, 13.04093793671773], [80.14836197004483, 13.040330304972212], [80.14867371710164, 13.03968962856357], [80.14891991170505, 13.039022077805607], [80.14909818330743, 13.038334081791888], [80.14920681556941, 13.037632266471837], [80.14924476286959, 13.03692339083259]]]}}, {"id": "58", "type": "Feature", "properties": {"railway": null, "station": null, "subway": null, "construction": null, "construction:railway": null, "public_transport": null, "network": null, "operator": null, "name": "Thirumayilai", "name:en": null, "element": null, "id": null, "category": null, "city": "chennai", "index_right": null, "n_osm_nodes": null, "phase": "phase2", "position_source": "osm", "confidence": "high", "Line": "Yellow Line", "Layout": "Underground", "snap_offset_m": null, "station_id": "MAA058", "radius_m": 800, "buffer_area_m2": 2007391.033949412, "prediction": 8299.0, "rank_phase2": 1.0, "label_top15": 1}, "geometry": {"type": "Polygon", "coordinates": [[[80.27503301224812, 13.036878432629326], [80.27499955053466, 13.036169319309911], [80.27489535973972, 13.035466836252866], [80.27472144386671, 13.034777748701655], [80.27447947837074, 13.034108692838576], [80.2741717940019, 13.033466111878806], [80.2738013543401, 13.032856194024832], [80.27337172723836, 13.032284812878508], [80.27288705045032, 13.031757470884305], [80.27235199177335, 13.03127924634803], [80.27177170409148, 13.03085474454099], [80.2711517757512, 13.030488053359909], [80.27049817674819, 13.030182703969299], [80.26981720124252, 13.029941636804839], [80.26911540695626, 13.029767173264824], [80.26839955203607, 13.029660993361887], [80.26767652998834, 13.029624119549958], [80.26695330331272, 13.02965690688193], [80.26623683647249, 13.029759039592719], [80.26553402884612, 13.029929534140429], [80.26485164830514, 13.030166748676406], [80.26419626605689, 13.03046839885306], [80.26357419337913, 13.030831579817301], [80.26299142085473, 13.031252794178082], [80.26245356069128, 13.031727985678966], [80.26196579268054, 13.032252578251812], [80.26153281431795, 13.032821520075862], [80.26115879556228, 13.033429332218248], [80.26084733867125, 13.034070161388124], [80.26060144350026, 13.034737836296536], [80.26042347859831, 13.035425927079874], [80.2603151583807, 13.036127807214847], [80.26027752659839, 13.036836717329098], [80.2603109462643, 13.037545830293153], [80.26041509613431, 13.03824831696697], [80.26058897377771, 13.038937411968096], [80.26083090520858, 13.039606478827938], [80.2611385609859, 13.040249073908727], [80.26150897862851, 13.040859008465299], [80.26193859112959, 13.041430408253932], [80.26242326129659, 13.041957770113752], [80.26295832158661, 13.042436014975515], [80.2635386190536, 13.042860536786822], [80.264158564975, 13.043227246882198], [80.26481218867958, 13.043532613370262], [80.26549319505796, 13.043773695158293], [80.26619502520164, 13.043948170286017], [80.26691091958597, 13.044054358295494], [80.26763398318802, 13.044091236421265], [80.26835725191118, 13.044058449444654], [80.26907375967636, 13.043956313117087], [80.26977660553231, 13.043785811119461], [80.27045902013842, 13.04354858558672], [80.27111443097819, 13.043246921289054], [80.27173652567512, 13.042883723622213], [80.27231931280018, 13.04246249061912], [80.27285717958466, 13.041987279252623], [80.27334494598236, 13.041462666354283], [80.27377791455984, 13.040893704525969], [80.27415191573436, 13.040285873469287], [80.27446334792383, 13.039645027201955], [80.27470921222213, 13.038977337669976], [80.27488714126666, 13.038289235298926], [80.27499542202011, 13.037587347057416], [80.27503301224812, 13.036878432629326]]]}}, {"id": "59", "type": "Feature", "properties": {"railway": null, "station": null, "subway": null, "construction": null, "construction:railway": null, "public_transport": null, "network": null, "operator": null, "name": "Kattupkkam", "name:en": null, "element": null, "id": null, "category": null, "city": "chennai", "index_right": null, "n_osm_nodes": null, "phase": "phase2", "position_source": "osm", "confidence": "high", "Line": "Yellow Line", "Layout": "Elevated", "snap_offset_m": null, "station_id": "MAA059", "radius_m": 800, "buffer_area_m2": 2007391.033949412, "prediction": 5612.0, "rank_phase2": 58.0, "label_top15": 0}, "geometry": {"type": "Polygon", "coordinates": [[[80.13274649426353, 13.041974432490306], [80.13271343913964, 13.04126532450732], [80.13260965200804, 13.040562807626065], [80.13243613298684, 13.039873647422027], [80.13219455371272, 13.039204480782935], [80.13188724122085, 13.038561751995836], [80.13151715551533, 13.037951650691005], [80.13108786104667, 13.037380052240067], [80.13060349237183, 13.036852461182091], [80.13006871432792, 13.03637395822211], [80.12948867710331, 13.03594915131209], [80.12886896663919, 13.035582131285105], [80.128215550839, 13.035276432469491], [80.12753472210386, 13.035034998661873], [80.12683303674667, 13.034860154786413], [80.12611725186825, 13.034753584512766], [80.12539426030227, 13.034716314048053], [80.12467102425538, 13.034748702258616], [80.12395450828024, 13.034850437216601], [80.12325161222628, 13.035020539204421], [80.12256910481322, 13.035257370148237], [80.12191355846562, 13.035558649389626], [80.12129128603605, 13.035921475643688], [80.12070828002481, 13.036342354932383], [80.12017015488131, 13.036817234224356], [80.11968209294221, 13.037341540457623], [80.11924879452663, 13.037910224569718], [80.11887443266893, 13.038517810111657], [80.11856261292503, 13.039158445978016], [80.11831633863936, 13.039825962745665], [80.11813798200774, 13.040513932079083], [80.11802926121487, 13.041215728630428], [80.11799122386756, 13.041924593838587], [80.11802423688405, 13.042633701013093], [80.11812798293732, 13.043336221076192], [80.11830146348787, 13.044025388330127], [80.11854300837742, 13.044694565616245], [80.11885029189219, 13.045337308238334], [80.11922035514168, 13.045947426034454], [80.11964963453832, 13.04651904299923], [80.12013399610436, 13.04704665388211], [80.12066877527587, 13.047525177216205], [80.12124882182117, 13.047950004266584], [80.12186854944089, 13.048317043426188], [80.12252198957229, 13.04862275963143], [80.12320284887922, 13.048864208417408], [80.12390456987389, 13.049039064284349], [80.12462039408601, 13.049145643101767], [80.1253434271703, 13.049182918334225], [80.1260667053246, 13.049150530932142], [80.12678326237808, 13.049048792792313], [80.12748619690267, 13.048878683754594], [80.12816873870031, 13.04864184216375], [80.128824314025, 13.048340549087369], [80.1294466089106, 13.047977706342019], [80.13002962999387, 13.047556808539486], [80.13056776224617, 13.047081909422609], [80.13105582305765, 13.046557582815227], [80.13148911215254, 13.045988878562774], [80.13186345685463, 13.045381273888214], [80.13217525226734, 13.044740620632231], [80.13242149598123, 13.044073088886222], [80.13259981697536, 13.043385107561326], [80.13270849843454, 13.042683302466209], [80.13274649426353, 13.041974432490306]]]}}, {"id": "60", "type": "Feature", "properties": {"railway": null, "station": null, "subway": null, "construction": null, "construction:railway": null, "public_transport": null, "network": null, "operator": null, "name": "Iyyapanthangal", "name:en": null, "element": null, "id": null, "category": null, "city": "chennai", "index_right": null, "n_osm_nodes": null, "phase": "phase2", "position_source": "osm", "confidence": "high", "Line": "Yellow Line", "Layout": "Elevated", "snap_offset_m": null, "station_id": "MAA060", "radius_m": 800, "buffer_area_m2": 2007391.033949412, "prediction": 5299.0, "rank_phase2": 81.0, "label_top15": 0}, "geometry": {"type": "Polygon", "coordinates": [[[80.14235161572728, 13.038174911175878], [80.14231853296266, 13.037465802536452], [80.14221471936182, 13.036763287707306], [80.14204117529749, 13.036074132243742], [80.14179957264712, 13.035404972987495], [80.14149223867058, 13.034762254154222], [80.14112213357836, 13.03415216527812], [80.14069282200717, 13.033580581610975], [80.14020843867821, 13.033053007549439], [80.1396736485692, 13.0325745236349], [80.13909360198424, 13.032149737636027], [80.13847388495424, 13.031782740184727], [80.13782046544557, 13.031477065392187], [80.13713963589481, 13.031235656824034], [80.13643795262257, 13.03106083916175], [80.13572217270948, 13.030954295822978], [80.13499918894149, 13.03091705275588], [80.13427596345024, 13.030949468563414], [80.133559460687, 13.031051231052363], [80.13285658037427, 13.031221360240416], [80.13217409108053, 13.031458217792126], [80.13151856505631, 13.03175952279311], [80.13089631495896, 13.032122373710614], [80.13031333307421, 13.032543276329202], [80.12977523361961, 13.033018177392892], [80.12928719868492, 13.03354250362999], [80.12885392832965, 13.034111205785253], [80.12847959531835, 13.034718807235722], [80.12816780492943, 13.035359456722482], [80.1279215602249, 13.036026984690888], [80.12774323311584, 13.036714962697154], [80.12763454150269, 13.03741676530948], [80.12759653271124, 13.03812563390794], [80.12762957338452, 13.038834741768962], [80.12773334592897, 13.039537259807748], [80.12790685154964, 13.04022642234564], [80.12814841984644, 13.040895592269045], [80.12845572487971, 13.041538324952368], [80.12882580755121, 13.042148430329176], [80.12925510408584, 13.042720032513552], [80.12973948034028, 13.04324762639725], [80.13027427160864, 13.043726130677127], [80.1308543275423, 13.044150936801875], [80.13147406175106, 13.044517953366174], [80.13212750560838, 13.04482364552433], [80.13280836574201, 13.04506506904336], [80.13351008465601, 13.045239898667234], [80.1342259039001, 13.045346450518633], [80.13494892917684, 13.045383698322246], [80.13567219675942, 13.045351283293122], [80.13638874057905, 13.045249517594533], [80.13709165933544, 13.045079381332155], [80.13777418298275, 13.044842513113286], [80.13842973795023, 13.04454119426224], [80.1390520104683, 13.04417832684404], [80.13963500738961, 13.043757405708217], [80.14017311391873, 13.043282484822361], [80.14066114769408, 13.042758138219932], [80.14109440870064, 13.042189415938791], [80.14146872453318, 13.041581795375325], [80.14178049057344, 13.040941128522956], [80.14202670469511, 13.04027358560367], [80.1422049961624, 13.03958559563581], [80.14231364844456, 13.03888378451086], [80.14235161572728, 13.038174911175878]]]}}, {"id": "61", "type": "Feature", "properties": {"railway": null, "station": null, "subway": null, "construction": null, "construction:railway": null, "public_transport": null, "network": null, "operator": null, "name": "Adyar Depot", "name:en": null, "element": null, "id": null, "category": null, "city": "chennai", "index_right": null, "n_osm_nodes": null, "phase": "phase2", "position_source": "nominatim", "confidence": "medium", "Line": "Purple Line", "Layout": "Underground", "snap_offset_m": 0.5879457041524967, "station_id": "MAA061", "radius_m": 800, "buffer_area_m2": 2007391.033949412, "prediction": 6028.0, "rank_phase2": 35.0, "label_top15": 0}, "geometry": {"type": "Polygon", "coordinates": [[[80.26355414153471, 12.998761095047904], [80.26352071167716, 12.99805198018757], [80.26341656346831, 12.997349493036674], [80.2632427004998, 12.996660398878879], [80.26300079771578, 12.99599133396097], [80.2626931852612, 12.995348741586296], [80.26232282602265, 12.994738810068304], [80.2618932870782, 12.99416741314147], [80.26140870533241, 12.99364005340322], [80.26087374766773, 12.993161809331193], [80.26029356599611, 12.992737286385669], [80.25967374764423, 12.99237057266763], [80.25902026154981, 12.992065199559166], [80.25833940078728, 12.991824107724732], [80.25763772197548, 12.991649618800357], [80.25692198215097, 12.991543413043095], [80.25619907371366, 12.991506513155624], [80.25547595807107, 12.991539274441527], [80.25475959861905, 12.991641381385943], [80.25405689370353, 12.99181185069436], [80.25337461020834, 12.99204904076032], [80.25271931840733, 12.992350667470921], [80.25209732870805, 12.992713826198049], [80.25151463089462, 12.99313501976378], [80.25097683645517, 12.993610192110953], [80.25048912454818, 12.994134767354957], [80.25005619212801, 12.994703693841075], [80.2496822087099, 12.995311492783475], [80.24937077620991, 12.995952311017891], [80.24912489424682, 12.996619977360336], [80.24894693124065, 12.997308062029534], [80.24883860158647, 12.998009938561124], [80.2488009491241, 12.998718847617699], [80.24883433706367, 12.9994279620804], [80.24893844446471, 13.000130452795366], [80.24911226930386, 13.000819554341984], [80.24935413810223, 13.001488630189506], [80.2496617220209, 13.002131236614565], [80.25003205926994, 13.002741184763773], [80.25046158361631, 13.003312600263525], [80.25094615871642, 13.003839979802638], [80.25148111794324, 13.004318244142548], [80.25206130932479, 13.004742787044089], [80.25268114516123, 13.00510951963938], [80.25333465584289, 13.005414909820884], [80.25401554735053, 13.005656016268048], [80.25471726188374, 13.005830516783275], [80.25543304103324, 13.005936730664086], [80.25615599088786, 13.005973634895616], [80.25687914844843, 13.00594087400735], [80.25759554870824, 13.005838763498858], [80.25829829175314, 13.00566828680162], [80.258980609234, 13.00543108580605], [80.25963592957089, 13.00512944504506], [80.2602579412597, 13.004766269686714], [80.26084065367122, 13.00434505754807], [80.26137845475633, 13.003869865400029], [80.26186616510118, 13.003345269888143], [80.26229908781144, 13.002776323446012], [80.26267305374498, 13.002168505626358], [80.26298446165771, 13.001527670318904], [80.2632303128757, 13.00085998936373], [80.26340824016046, 13.000171893103678], [80.26351653048965, 12.999470008448538], [80.26355414153471, 12.998761095047904]]]}}, {"id": "62", "type": "Feature", "properties": {"railway": null, "station": null, "subway": null, "construction": null, "construction:railway": null, "public_transport": null, "network": null, "operator": null, "name": "Alwarthirunagar", "name:en": null, "element": null, "id": null, "category": null, "city": "chennai", "index_right": null, "n_osm_nodes": null, "phase": "phase2", "position_source": "nominatim", "confidence": "medium", "Line": "Yellow Line", "Layout": "Elevated", "snap_offset_m": 177.1916323416633, "station_id": "MAA062", "radius_m": 800, "buffer_area_m2": 2007391.033949412, "prediction": 6196.0, "rank_phase2": 27.0, "label_top15": 0}, "geometry": {"type": "Polygon", "coordinates": [[[80.19435389296336, 13.045607958475063], [80.19432066195836, 13.04489884791381], [80.1942166984903, 13.044196345319001], [80.19404300437483, 13.043507216125787], [80.19380125293365, 13.042838096920685], [80.19349377285823, 13.042195431531661], [80.19312352576435, 13.041585408976546], [80.19269407765422, 13.041013903867125], [80.19220956456162, 13.040486419842608], [80.19167465271146, 13.040008036576843], [80.19109449357768, 13.03958336086925], [80.19047467427254, 13.039216482290067], [80.18982116374488, 13.038910933806644], [80.18914025530565, 13.038669657769553], [80.18843850603321, 13.03849497758565], [80.18772267364227, 13.038388575350618], [80.186999651423, 13.038351475655949], [80.18627640187674, 13.038384035726196], [80.18555988968623, 13.038485941981238], [80.18485701466514, 13.038656213056555], [80.1841745453318, 13.038893209252464], [80.18351905374588, 13.039194648321331], [80.18289685223478, 13.03955762744092], [80.18231393261834, 13.039978651162453], [80.18177590851683, 13.040453665064538], [80.18128796129682, 13.040978094789214], [80.18085479017564, 13.041546890084552], [80.18048056696479, 13.042154573430103], [80.18016889588765, 13.042795292777294], [80.17992277885945, 13.043462877897317], [80.17974458656364, 13.04415089979425], [80.17963603560389, 13.04485273261159], [80.17959817195255, 13.04556161743628], [80.17963136085555, 13.046270727386107], [80.1797352832919, 13.046973233353762], [80.17990893902282, 13.047662369774484], [80.18015065620169, 13.048331499783997], [80.18045810745372, 13.048974179139128], [80.18082833227078, 13.049584218285341], [80.18125776550677, 13.050155741973263], [80.1817422716995, 13.050683245849722], [80.18227718488923, 13.051161649477972], [80.18285735355052, 13.051586345276073], [80.183477190205, 13.051953242901723], [80.18413072523707, 13.052258808655619], [80.18481166439415, 13.052500099523506], [80.18551344941734, 13.052674791528577], [80.1862293212181, 13.05278120212088], [80.18695238499173, 13.052818306387747], [80.18767567664, 13.052785746928924], [80.1883922298622, 13.052683837301034], [80.18909514326783, 13.05251355899821], [80.18977764686349, 13.052276551997894], [80.1904331672728, 13.05197509896292], [80.19105539106073, 13.051612103252229], [80.1916383255513, 13.051191060952194], [80.1921763565527, 13.050716027198167], [80.19266430243314, 13.050191577111006], [80.19309746402678, 13.049622761725159], [80.19347166988831, 13.049015059333144], [80.19378331646102, 13.048374322715476], [80.19402940277138, 13.047706722764664], [80.19420755931644, 13.047018689046553], [80.19431607086638, 13.04631684787195], [80.19435389296336, 13.045607958475063]]]}}, {"id": "63", "type": "Feature", "properties": {"railway": null, "station": null, "subway": null, "construction": null, "construction:railway": null, "public_transport": null, "network": null, "operator": null, "name": "Anna Flyover", "name:en": null, "element": null, "id": null, "category": null, "city": "chennai", "index_right": null, "n_osm_nodes": null, "phase": "phase2", "position_source": "nominatim", "confidence": "medium", "Line": "Purple Line", "Layout": "Underground", "snap_offset_m": 97.58011021377555, "station_id": "MAA063", "radius_m": 800, "buffer_area_m2": 2007391.033949412, "prediction": 7145.0, "rank_phase2": 11.0, "label_top15": 1}, "geometry": {"type": "Polygon", "coordinates": [[[80.25869538618984, 13.053662214954574], [80.2586619715369, 13.052953102786496], [80.25855782281623, 13.052250616132472], [80.25838394362712, 13.051561520271218], [80.2581420090725, 13.050892451465534], [80.25783434960564, 13.050249853055593], [80.25746392856782, 13.04963991341213], [80.2570343136338, 13.049068506346854], [80.25654964244104, 13.0485411345537], [80.25601458273395, 13.04806287662516], [80.2554342874072, 13.047638338153668], [80.25481434488145, 13.047271607388463], [80.25416072528931, 13.046966215874576], [80.25347972298925, 13.046725104452593], [80.25277789596124, 13.046550594946192], [80.25206200266695, 13.046444367809855], [80.25133893698167, 13.046407445951557], [80.25061566182467, 13.046440184886116], [80.24989914212513, 13.046542269313823], [80.2491962777696, 13.04671271615716], [80.24851383717476, 13.046949884026416], [80.24785839212521, 13.047251489023079], [80.24723625450231, 13.047614626728977], [80.24665341551326, 13.048035800169657], [80.24611548800475, 13.048510953482902], [80.2456276524162, 13.049035510968652], [80.24519460689312, 13.049604421144492], [80.24482052204054, 13.050212205382948], [80.24450900075244, 13.050853010662593], [80.24426304350422, 13.051520665925315], [80.2440850194429, 13.052208741497536], [80.24397664355388, 13.052910611003295], [80.24393896012481, 13.053619515173445], [80.24397233266673, 13.054328626936531], [80.24407644039029, 13.055031117164814], [80.24425028127172, 13.055720220442195], [80.24449218168024, 13.056389300220886], [80.24479981247477, 13.057031912739028], [80.24517021141591, 13.05764186908372], [80.24559981167808, 13.058213294801428], [80.24608447618758, 13.058740686481416], [80.24661953745691, 13.059218964766952], [80.24719984253133, 13.059643523283297], [80.24781980261557, 13.060010273010896], [80.2484734469023, 13.060315681676006], [80.24915448008403, 13.060556807778932], [80.249856342994, 13.060731328931801], [80.25057227579167, 13.060837564232584], [80.25129538308357, 13.060874490459538], [80.25201870035163, 13.060841751929965], [80.25273526104824, 13.060739663928004], [80.25343816371146, 13.060569209668541], [80.25412063845239, 13.060332030826272], [80.25477611217428, 13.06003041172141], [80.25539827189387, 13.059667257314281], [80.25598112555478, 13.059246065221169], [80.25651905974654, 13.05877089202109], [80.25700689377285, 13.058246314178346], [80.25743992954826, 13.057677383957653], [80.25781399684232, 13.0570695807568], [80.25812549343586, 13.056428758325934], [80.25837141980242, 13.055761088382274], [80.25854940798176, 13.05507300116358], [80.25865774436743, 13.054371123493377], [80.25869538618984, 13.053662214954574]]]}}, {"id": "64", "type": "Feature", "properties": {"railway": null, "station": null, "subway": null, "construction": null, "construction:railway": null, "public_transport": null, "network": null, "operator": null, "name": "Anna Nagar KV", "name:en": null, "element": null, "id": null, "category": null, "city": "chennai", "index_right": null, "n_osm_nodes": null, "phase": "phase2", "position_source": "nominatim", "confidence": "medium", "Line": "Red Line", "Layout": "Elevated", "snap_offset_m": 918.9103129236747, "station_id": "MAA064", "radius_m": 800, "buffer_area_m2": 2007391.033949412, "prediction": 7212.0, "rank_phase2": 7.0, "label_top15": 1}, "geometry": {"type": "Polygon", "coordinates": [[[80.20624424967168, 13.08812536252578], [80.20621098623877, 13.087416253508863], [80.20610697829106, 13.086713755009082], [80.20593322807447, 13.086024632421344], [80.20569140945258, 13.085355522267607], [80.20538385176519, 13.084712868287628], [80.20501351737644, 13.084102859388247], [80.20458397312977, 13.083531370048613], [80.20409935598487, 13.083003903754959], [80.20356433316839, 13.082525540009346], [80.20298405722218, 13.082100885422262], [80.20236411638228, 13.08173402935977], [80.20171048076651, 13.081428504571756], [80.20102944488862, 13.081187253180154], [80.20032756705233, 13.08101259835429], [80.19961160620824, 13.080906221945625], [80.19888845688145, 13.08086914829717], [80.19816508279516, 13.080901734383085], [80.19744844982945, 13.08100366637334], [80.1967454589592, 13.081173962656374], [80.19606287981684, 13.08141098329068], [80.19540728551819, 13.081712445794325], [80.19478498937892, 13.08207544712048], [80.1942019841297, 13.08249649160764], [80.19366388421538, 13.082971524635528], [80.19317587173299, 13.083495971663027], [80.19274264652917, 13.084064782272499], [80.1923683809374, 13.084672478796808], [80.19205667959075, 13.085313209061065], [80.19181054469774, 13.085980802731754], [80.1916323471159, 13.086668830730817], [80.19152380350195, 13.08737066714296], [80.19148595975975, 13.088079553020275], [80.19151918094566, 13.088788661469984], [80.19162314772994, 13.08949116339857], [80.19179685944852, 13.090180293279372], [80.19203864371728, 13.090849414310153], [80.19234617251661, 13.091492082333163], [80.19271648459251, 13.092102107901898], [80.19314601395901, 13.092673615896611], [80.19363062422825, 13.093201102114165], [80.19416564843782, 13.093679486286836], [80.19474593399234, 13.094104161019134], [80.19536589228649, 13.094471036170827], [80.19601955253174, 13.09477657825845], [80.19670061926782, 13.095017844495242], [80.19740253300517, 13.095192511141395], [80.19811853341348, 13.095298895891192], [80.19884172444728, 13.095335974081078], [80.19956514078054, 13.095303388562376], [80.2002818149097, 13.095201453143316], [80.20098484427794, 13.095031149567218], [80.20166745777344, 13.094794118055864], [80.20232308096016, 13.094492641509193], [80.20294539941227, 13.094129623513682], [80.20352841954167, 13.093708560371443], [80.20406652633164, 13.093233507419658], [80.20455453742095, 13.0927090399651], [80.20498775301644, 13.092140209210408], [80.20536200115396, 13.091532493596901], [80.20567367787113, 13.090891746033039], [80.20591978190593, 13.090224137517154], [80.20609794358674, 13.08953609769781], [80.20620644763646, 13.088834252944535], [80.20624424967168, 13.08812536252578]]]}}, {"id": "65", "type": "Feature", "properties": {"railway": null, "station": null, "subway": null, "construction": null, "construction:railway": null, "public_transport": null, "network": null, "operator": null, "name": "Anna Nagar West", "name:en": null, "element": null, "id": null, "category": null, "city": "chennai", "index_right": null, "n_osm_nodes": null, "phase": "phase2", "position_source": "nominatim", "confidence": "medium", "Line": "Red Line", "Layout": "Elevated", "snap_offset_m": 683.4620494400993, "station_id": "MAA065", "radius_m": 800, "buffer_area_m2": 2007391.033949412, "prediction": 7283.0, "rank_phase2": 4.0, "label_top15": 1}, "geometry": {"type": "Polygon", "coordinates": [[[80.20598089577, 13.094015571846025], [80.20594763330584, 13.093306463112999], [80.2058436246342, 13.092603964725274], [80.20566987200826, 13.091914842076655], [80.2054280493151, 13.091245731689629], [80.20512048593395, 13.090603077306119], [80.20475014428398, 13.089993067836767], [80.20432059127872, 13.089421577766089], [80.20383596396233, 13.088894110587232], [80.20330092965945, 13.088415745810645], [80.20272064102252, 13.087991090056622], [80.20210068640974, 13.087624232702312], [80.20144703607146, 13.08731870650992], [80.20076598466302, 13.087077453614809], [80.20006409063748, 13.086902797200663], [80.19934811310115, 13.086796419134183], [80.19862494673954, 13.086759343774286], [80.19790155543967, 13.086791928111587], [80.19718490524704, 13.086893858332894], [80.19648189730219, 13.087064152843718], [80.19579930140169, 13.087301171719664], [80.19514369082253, 13.08760263249581], [80.19452137903696, 13.08796563214207], [80.19393835892618, 13.088386675013219], [80.19340024507804, 13.088861706504673], [80.19291221972377, 13.089386152090247], [80.19247898283395, 13.089954961366335], [80.19210470685464, 13.090562656678756], [80.19179299651911, 13.091203385864437], [80.19154685412265, 13.091870978600358], [80.19136865059521, 13.09255900581755], [80.19126010265107, 13.093260841608334], [80.19122225623606, 13.093969727030839], [80.19125547643257, 13.094678835196683], [80.19135944392069, 13.095381337015093], [80.19153315802986, 13.09607046696044], [80.1917749463532, 13.096739588229811], [80.19208248083231, 13.097382256663078], [80.19245280015866, 13.097992282809697], [80.19288233827666, 13.098563791544235], [80.19336695871424, 13.099091278656305], [80.19390199441108, 13.099569663869435], [80.19448229266119, 13.09999433977798], [80.19510226473695, 13.100361216230253], [80.19575593971692, 13.100666759730121], [80.19643702199878, 13.100908027477116], [80.19713895194302, 13.101082695716796], [80.197854969063, 13.101189082128014], [80.19857817715203, 13.101226162031166], [80.19930161071956, 13.10119357826105], [80.20001830209571, 13.101091644609049], [80.20072134855734, 13.100921342801508], [80.20140397882764, 13.100684313043214], [80.20205961830887, 13.100382838217305], [80.20268195241803, 13.100019821893785], [80.20326498741608, 13.099598760358774], [80.20380310814305, 13.099123708934108], [80.20429113210336, 13.098599242911982], [80.20472435938, 13.098030413481379], [80.20509861789631, 13.097422699070993], [80.20541030359016, 13.096781952577834], [80.20565641511321, 13.096114344990037], [80.20583458272193, 13.095426305947306], [80.2059430910824, 13.094724461811786], [80.20598089577, 13.094015571846025]]]}}, {"id": "66", "type": "Feature", "properties": {"railway": null, "station": null, "subway": null, "construction": null, "construction:railway": null, "public_transport": null, "network": null, "operator": null, "name": "Assisi Nagar", "name:en": null, "element": null, "id": null, "category": null, "city": "chennai", "index_right": null, "n_osm_nodes": null, "phase": "phase2", "position_source": "nominatim", "confidence": "medium", "Line": "Red Line", "Layout": "Elevated", "snap_offset_m": 410.48771737159683, "station_id": "MAA066", "radius_m": 800, "buffer_area_m2": 2007391.033949412, "prediction": 4450.0, "rank_phase2": 91.0, "label_top15": 0}, "geometry": {"type": "Polygon", "coordinates": [[[80.23808660582611, 13.161679022652573], [80.23805325320785, 13.160969916101536], [80.23794913526297, 13.16026742765205], [80.23777525529985, 13.159578322600337], [80.23753328843421, 13.15890923729738], [80.2372255654354, 13.158266615241399], [80.23685505026079, 13.15765664502953], [80.2364253114953, 13.157085200766144], [80.23594048797153, 13.156557785501308], [80.23540524890257, 13.156079478243784], [80.23482474891097, 13.155654885058503], [80.23420457838787, 13.15528809471897], [80.23355070966002, 13.15498263934129], [80.23286943948257, 13.154741460378556], [80.2321673284118, 13.154566880302593], [80.23145113764052, 13.154460580245463], [80.23072776390408, 13.154423583815769], [80.23000417308305, 13.154456247245294], [80.22928733314116, 13.15455825596076], [80.22858414704352, 13.154728627613602], [80.22790138630008, 13.154965721538554], [80.2272456257737, 13.155267254550065], [80.2266231803797, 13.15563032292453], [80.2260400442858, 13.156051430356936], [80.22550183319726, 13.156526521622862], [80.22501373028298, 13.157051021622179], [80.22458043626243, 13.157619879428673], [80.22420612413431, 13.158227616921879], [80.22389439898303, 13.158868381533185], [80.22364826324991, 13.159536002598701], [80.22347008780439, 13.160224050776488], [80.22336158909408, 13.160925899956453], [80.22332381259436, 13.161634791066826], [80.22335712271793, 13.16234389716314], [80.22346119928204, 13.163046389172935], [80.22363504056855, 13.163735501663167], [80.22387697294809, 13.164404597997002], [80.22418466697658, 13.16504723425231], [80.22455515980995, 13.165657221286272], [80.22498488372187, 13.166228684348061], [80.22546970045049, 13.1667561196652], [80.22600494104393, 13.16723444745832], [80.22658545082103, 13.167659060873321], [80.22720563901456, 13.168025870359294], [80.22785953261877, 13.16833134306433], [80.22854083392248, 13.168572536869458], [80.22924298117326, 13.16874712873248], [80.22995921178791, 13.168853437068353], [80.23068262749996, 13.16889043795033], [80.2314062608157, 13.168857774975532], [80.23212314213835, 13.168755762699755], [80.23282636691259, 13.168585383608386], [80.23350916214214, 13.168348278652552], [80.23416495163885, 13.16804673144172], [80.23478741937407, 13.167683646245157], [80.23537057032158, 13.167262520014352], [80.23590878820522, 13.166787408696127], [80.23639688959501, 13.16626288816121], [80.23683017383009, 13.165694010124989], [80.23720446828774, 13.165086253485354], [80.23751616856269, 13.164445471546687], [80.23776227316955, 13.163777835638774], [80.23794041243505, 13.16308977567393], [80.23804887130198, 13.162387918215227], [80.23808660582611, 13.161679022652573]]]}}, {"id": "67", "type": "Feature", "properties": {"railway": null, "station": null, "subway": null, "construction": null, "construction:railway": null, "public_transport": null, "network": null, "operator": null, "name": "Ayanavaram", "name:en": null, "element": null, "id": null, "category": null, "city": "chennai", "index_right": null, "n_osm_nodes": null, "phase": "phase2", "position_source": "nominatim", "confidence": "medium", "Line": "Purple Line", "Layout": "Underground", "snap_offset_m": 853.3608406838229, "station_id": "MAA067", "radius_m": 800, "buffer_area_m2": 2007391.033949412, "prediction": 4901.0, "rank_phase2": 87.0, "label_top15": 0}, "geometry": {"type": "Polygon", "coordinates": [[[80.25007669184524, 13.097555076620717], [80.25004330299386, 13.096845966730191], [80.24993916740331, 13.096143479285375], [80.24976528854863, 13.095454379572706], [80.24952334153168, 13.094785303891952], [80.24921565692777, 13.09414269564916], [80.248845198322, 13.093532743309238], [80.24841553375238, 13.09296132080547], [80.24793080133546, 13.092433930979617], [80.24739566940593, 13.091955652596875], [80.24681529155426, 13.09153109144561], [80.24619525699563, 13.091164335992403], [80.24554153674835, 13.090858918018952], [80.24486042613918, 13.090617778619638], [80.24415848418977, 13.090443239886614], [80.24344247046676, 13.090336982555002], [80.24271928000333, 13.09030002982289], [80.2419958769182, 13.090332737501935], [80.24127922737037, 13.09043479059313], [80.24057623249463, 13.090605206320655], [80.23989366196251, 13.09084234359457], [80.23923808880794, 13.091143918811358], [80.23861582614427, 13.091507027840168], [80.23803286638147, 13.09192817398341], [80.23749482352828, 13.092403301642621], [80.23700687913427, 13.092927835365764], [80.2365737323926, 13.093496723900321], [80.23619955488326, 13.09410448882832], [80.23588795039323, 13.09474527731537], [80.23564192020025, 13.095412918466144], [80.23546383415527, 13.096100982743904], [80.2353554078423, 13.096802843882303], [80.23531768603667, 13.097511742693447], [80.23535103262113, 13.098220852158006], [80.23545512705854, 13.098923343170656], [80.23562896745534, 13.099612450307863], [80.23587088018759, 13.100281536984525], [80.23617853599752, 13.100924159372036], [80.23654897240658, 13.101534128461916], [80.23697862222974, 13.102105569677187], [80.23746334791716, 13.102632979457013], [80.23799848139276, 13.10311127826938], [80.23857886900669, 13.103535859540818], [80.23919892116852, 13.103902634031556], [80.23985266618357, 13.10420806922827], [80.24053380777322, 13.104449223374722], [80.24123578572522, 13.104623773812017], [80.24195183908944, 13.104730039355257], [80.24267507130926, 13.104766996490772], [80.2433985166613, 13.104734289237696], [80.24411520736226, 13.104632232578663], [80.24481824069589, 13.104461809426606], [80.24550084551272, 13.104224661156776], [80.24615644746127, 13.10392307179527], [80.24677873232166, 13.103559946016505], [80.2473617068309, 13.103138781161757], [80.2478997564136, 13.102663633548575], [80.24838769926153, 13.102139079395808], [80.24882083624098, 13.101570170741072], [80.24919499614707, 13.100962386775551], [80.24950657586935, 13.100321581065229], [80.24975257508186, 13.099653925167324], [80.24993062512424, 13.098965849185292], [80.25003901179599, 13.098263979835268], [80.25007669184524, 13.097555076620717]]]}}, {"id": "68", "type": "Feature", "properties": {"railway": null, "station": null, "subway": null, "construction": null, "construction:railway": null, "public_transport": null, "network": null, "operator": null, "name": "Butt Road", "name:en": null, "element": null, "id": null, "category": null, "city": "chennai", "index_right": null, "n_osm_nodes": null, "phase": "phase2", "position_source": "nominatim", "confidence": "medium", "Line": "Red Line", "Layout": "Elevated", "snap_offset_m": 63.858478931174176, "station_id": "MAA068", "radius_m": 800, "buffer_area_m2": 2007391.033949412, "prediction": 7203.0, "rank_phase2": 9.0, "label_top15": 1}, "geometry": {"type": "Polygon", "coordinates": [[[80.20598547522711, 13.008604654181081], [80.20595220961624, 13.007895541477776], [80.20584822222189, 13.007193040560308], [80.20567451508815, 13.006503916847398], [80.20543276166016, 13.00583480687272], [80.20512529064675, 13.005192154375463], [80.20475506357475, 13.004582148249611], [80.20432564625216, 13.004010662949225], [80.20384117441513, 13.003483201923396], [80.20330631389052, 13.003004844625284], [80.20272621565752, 13.002580197605111], [80.20210646624187, 13.002213350157822], [80.2014530339197, 13.001907834951947], [80.20077221124949, 13.001666594018584], [80.20007055448467, 13.001491950427475], [80.19935482045041, 13.00138558592277], [80.19863190149124, 13.001348524733364], [80.19790875911585, 13.00138112371361], [80.19719235697677, 13.001483068909113], [80.1964895938298, 13.001653378580608], [80.19580723711775, 13.001890412656785], [80.1951518578175, 13.002191888525084], [80.19452976717672, 13.002554903008557], [80.19394695594893, 13.002975960317356], [80.19340903671164, 13.00345100570597], [80.19292118982233, 13.003975464512413], [80.1924881135325, 13.004544286203787], [80.19211397874037, 13.005151993004457], [80.19180238881748, 13.005792732638964], [80.19155634489678, 13.006460334682123], [80.19137821695661, 13.007148369974075], [80.19126972097946, 13.007850212528432], [80.19123190240659, 13.008559103337602], [80.19126512604801, 13.009268215461125], [80.19136907254628, 13.00997071977029], [80.19154274142892, 13.010659850716038], [80.19178446072073, 13.01132897148675], [80.19209190302475, 13.011971637928344], [80.19246210791741, 13.012581660610959], [80.19289151044305, 13.013153164444278], [80.19337597543417, 13.013680645266987], [80.193910837327, 13.014159022865156], [80.19449094508974, 13.014583689908434], [80.19511071183048, 13.014950556332403], [80.19576416860724, 13.01525608873927], [80.1964450219218, 13.01549734443691], [80.19714671434306, 13.0156719997882], [80.19786248767564, 13.015778372597051], [80.19858544806473, 13.015815438315448], [80.19930863240955, 13.015782839914987], [80.20002507544471, 13.01568089132779], [80.2007278768428, 13.01551057442345], [80.20141026769102, 13.01527352955124], [80.20206567570065, 13.014972039738604], [80.20268778852079, 13.014609008698365], [80.20327061454552, 13.014187932856636], [80.2038085406287, 13.013712867671137], [80.2042963861498, 13.01318838856464], [80.20472945290987, 13.012619546850159], [80.20510357037693, 13.012011821072809], [80.20541513584523, 13.011371064237315], [80.20566114912157, 13.01070344742988], [80.2058392414053, 13.010015400377744], [80.20594769808416, 13.009313549519245], [80.20598547522711, 13.008604654181081]]]}}, {"id": "69", "type": "Feature", "properties": {"railway": null, "station": null, "subway": null, "construction": null, "construction:railway": null, "public_transport": null, "network": null, "operator": null, "name": "Chennai Trade Centre", "name:en": null, "element": null, "id": null, "category": null, "city": "chennai", "index_right": null, "n_osm_nodes": null, "phase": "phase2", "position_source": "nominatim", "confidence": "medium", "Line": "Red Line", "Layout": "Elevated", "snap_offset_m": 314.25375493306115, "station_id": "MAA069", "radius_m": 800, "buffer_area_m2": 2007391.033949412, "prediction": 5931.0, "rank_phase2": 41.0, "label_top15": 0}, "geometry": {"type": "Polygon", "coordinates": [[[80.19815812269236, 13.015943109060416], [80.19812487966885, 13.01523399698264], [80.19802091268997, 13.014531494421247], [80.19784722360367, 13.013842366811083], [80.1976054856818, 13.013173250723588], [80.19729802748435, 13.012530589957006], [80.19692781041529, 13.011920573485058], [80.19649840018678, 13.011349075861462], [80.19601393246718, 13.01082160065394], [80.19547907304407, 13.010343227452095], [80.1948989728864, 13.009918562959115], [80.19427921853872, 13.009551696637951], [80.19362577832484, 13.009246161338579], [80.19294494487929, 13.009004899285253], [80.19224327455926, 13.008830233750729], [80.19152752432028, 13.008723846690081], [80.1908045866628, 13.00868676254904], [80.19008142327516, 13.008719338402615], [80.18936499801191, 13.008821260518797], [80.18866220985105, 13.00899154738028], [80.1879798264758, 13.00922855913519], [80.18732441911929, 13.009530013385765], [80.18670229929882, 13.009893007163134], [80.18611945804845, 13.01031404487685], [80.18558150823436, 13.010789071970153], [80.185093630508, 13.011313513957397], [80.18466052341758, 13.011882320467846], [80.1842863581576, 13.012490013872341], [80.1839747383929, 13.013130742024748], [80.18372866554377, 13.013798334610817], [80.1835505098671, 13.014486362562163], [80.18344198761271, 13.015188199963472], [80.18340414447513, 13.015897087857189], [80.18343734550128, 13.016606199331296], [80.18354127155192, 13.017308705263687], [80.18371492235191, 13.017997840089969], [80.18395662610075, 13.018666966961387], [80.1842640555517, 13.01930964166528], [80.18463425040548, 13.019919674692327], [80.18506364580365, 13.020491190852603], [80.18554810664781, 13.02101868586603], [80.18608296741459, 13.021497079381883], [80.18666307708337, 13.02192176391631], [80.1872828487441, 13.022288649236181], [80.18793631340766, 13.022594201761407], [80.18861717749994, 13.022835478605765], [80.18931888348598, 13.023010155928082], [80.19003467303962, 13.023116551320276], [80.19075765214964, 13.023153640016451], [80.19148085753463, 13.023121064766544], [80.19219732372612, 13.023019139279372], [80.1929001501733, 13.022848845201766], [80.19358256772158, 13.022611822662931], [80.1942380038246, 13.022310354475044], [80.19486014586033, 13.021947344142573], [80.19544300194102, 13.02152628789218], [80.19598095863056, 13.021051240992964], [80.19646883501326, 13.020526778691721], [80.19690193259258, 13.019957952139821], [80.19727608053948, 13.019350239736623], [80.19758767585449, 13.01870949435836], [80.19783371805693, 13.018041886981257], [80.19801183806759, 13.017353847242127], [80.19812032100728, 13.016652001509264], [80.19815812269236, 13.015943109060416]]]}}, {"id": "70", "type": "Feature", "properties": {"railway": null, "station": null, "subway": null, "construction": null, "construction:railway": null, "public_transport": null, "network": null, "operator": null, "name": "Chetpet", "name:en": null, "element": null, "id": null, "category": null, "city": "chennai", "index_right": null, "n_osm_nodes": null, "phase": "phase2", "position_source": "nominatim", "confidence": "medium", "Line": "Purple Line", "Layout": "Underground", "snap_offset_m": 213.07201624060858, "station_id": "MAA070", "radius_m": 800, "buffer_area_m2": 2007391.033949412, "prediction": 5114.0, "rank_phase2": 83.0, "label_top15": 0}, "geometry": {"type": "Polygon", "coordinates": [[[80.24928526638517, 13.071240910856822], [80.2492518791057, 13.070531799747947], [80.24914775262097, 13.069829311286549], [80.24897389031707, 13.069140210769064], [80.24873196713534, 13.068471134503334], [80.2484243134205, 13.067828525901453], [80.24805389245937, 13.067218573432264], [80.2476242719268, 13.066647151030866], [80.24713958951487, 13.066119761538616], [80.24660451307662, 13.065641483718107], [80.24602419566821, 13.0652169233529], [80.24540422592318, 13.064850168902565], [80.24475057423626, 13.064544752139675], [80.24406953527483, 13.064303614147388], [80.24336766737157, 13.064129077004692], [80.24265172938117, 13.064022821431626], [80.24192861560877, 13.063985870609503], [80.24120528943583, 13.0640185803316], [80.24048871628196, 13.064120635579155], [80.23978579654751, 13.064291053555356], [80.2391032991815, 13.064528193148314], [80.23844779651425, 13.064829770731745], [80.23782560098113, 13.065192882151525], [80.23724270434617, 13.065614030686486], [80.23670472001052, 13.066089160714533], [80.23621682896034, 13.066613696760212], [80.23578372987485, 13.067182587548036], [80.23540959387475, 13.06779035463776], [80.23509802434657, 13.068431145173653], [80.23485202223047, 13.069098788240202], [80.23467395710598, 13.069786854281862], [80.23456554435448, 13.070488717015044], [80.23452782861936, 13.071197617236347], [80.23456117372362, 13.07190672791283], [80.23466525914306, 13.0726092199276], [80.23483908306969, 13.073298327847668], [80.23508097203701, 13.07396741508072], [80.23538859701512, 13.074610037793198], [80.23575899582157, 13.07522000697398], [80.23618860163289, 13.075791448045768], [80.23667327732268, 13.076318857449705], [80.23720835529632, 13.076797155657998], [80.23778868243856, 13.07722173610361], [80.23840866974183, 13.077588509555271], [80.23906234613666, 13.077893943510214], [80.23974341600615, 13.078135096224587], [80.24044531982983, 13.078309645053661], [80.24116129737261, 13.078415908828276], [80.24188445280937, 13.078452864051952], [80.24260782115753, 13.078420154762247], [80.2433244353767, 13.078318095961324], [80.24402739348842, 13.078147670582531], [80.24470992506885, 13.077910520022252], [80.24536545647281, 13.07760892832823], [80.24598767416063, 13.077245800196854], [80.24657058551685, 13.076824632991503], [80.2471085765746, 13.076349483051773], [80.24759646608942, 13.0758249266183], [80.24802955544105, 13.075256015750078], [80.24840367388292, 13.074648229659031], [80.2487152187032, 13.074007421931082], [80.24896118991123, 13.07333976414244], [80.2491392191153, 13.07265168641441], [80.24924759231443, 13.071949815479677], [80.24928526638517, 13.071240910856822]]]}}, {"id": "71", "type": "Feature", "properties": {"railway": null, "station": null, "subway": null, "construction": null, "construction:railway": null, "public_transport": null, "network": null, "operator": null, "name": "Classical Tamil Institute", "name:en": null, "element": null, "id": null, "category": null, "city": "chennai", "index_right": null, "n_osm_nodes": null, "phase": "phase2", "position_source": "nominatim", "confidence": "medium", "Line": "Red Line", "Layout": "Elevated", "snap_offset_m": 121.94454427467052, "station_id": "MAA071", "radius_m": 800, "buffer_area_m2": 2007391.033949412, "prediction": 5780.0, "rank_phase2": 49.0, "label_top15": 0}, "geometry": {"type": "Polygon", "coordinates": [[[80.21838842454862, 12.904298597881477], [80.21835511996176, 12.903589479929119], [80.21825112331089, 12.902886978892012], [80.21807743672406, 12.902197860190167], [80.21783573344361, 12.901528760309613], [80.21752834169087, 12.900886122893404], [80.21715822222554, 12.90027613669177], [80.21672893981625, 12.899704675968728], [80.21624462889768, 12.899177243938816], [80.21570995374576, 12.89869891977827], [80.2151300635543, 12.898274309720637], [80.21451054284636, 12.89790750270736], [80.21385735769738, 12.897602031019966], [80.21317679828819, 12.89736083627267], [80.21247541834057, 12.897186241092394], [80.21175997201803, 12.89707992675872], [80.21103734889914, 12.897042917018624], [80.21031450764865, 12.897075568231791], [80.20959840902434, 12.89717756594114], [80.20889594886422, 12.897347927901544], [80.20821389169815, 12.897585013537489], [80.20755880562268, 12.897886539738808], [80.20693699906539, 12.898249602842325], [80.20635446004702, 12.898670706588122], [80.20581679852573, 12.89914579578133], [80.2053291923782, 12.899670295335776], [80.20489633753766, 12.900239154323685], [80.20452240276875, 12.900846894607765], [80.2042109895148, 12.901487663587698], [80.20396509720455, 12.902155290553463], [80.20378709435258, 12.9028433461032], [80.20367869573245, 12.903545204053774], [80.20364094584299, 12.90425410524807], [80.20367420882758, 12.904963222644781], [80.20377816494464, 12.905665727064076], [80.20395181362375, 12.90635485295597], [80.20419348307941, 12.907023963558125], [80.2045008463901, 12.907666614815463], [80.20487094388916, 12.908276617445848], [80.20530021165213, 12.908848096553912], [80.20578451580712, 12.909375548218591], [80.20631919233819, 12.909853892509101], [80.20689909199848, 12.9102785224183], [80.20751862990107, 12.910645348241877], [80.20817183930974, 12.910950836975422], [80.20885242911136, 12.911192046349658], [80.2095538444162, 12.911366653175545], [80.210269329702, 12.911472975725976], [80.21099199389283, 12.911509989938205], [80.21171487674557, 12.911477339280685], [80.2124310159037, 12.911375338189144], [80.21313351397153, 12.911204969038693], [80.2138156049624, 12.91096787268114], [80.21447071947993, 12.910666332638693], [80.21509254800348, 12.910303253106422], [80.21567510166818, 12.909882130975607], [80.21621276995303, 12.909407022147628], [80.21670037472143, 12.908882502463223], [80.21713322009312, 12.908313623623739], [80.2175071376674, 12.907705864529362], [80.21781852666166, 12.907065078503276], [80.21806438857948, 12.906397436910579], [80.21824235607421, 12.905709369715233], [80.21835071573109, 12.905007503547901], [80.21838842454862, 12.904298597881477]]]}}, {"id": "72", "type": "Feature", "properties": {"railway": null, "station": null, "subway": null, "construction": null, "construction:railway": null, "public_transport": null, "network": null, "operator": null, "name": "Dr. Radhakrishnan Salai", "name:en": null, "element": null, "id": null, "category": null, "city": "chennai", "index_right": null, "n_osm_nodes": null, "phase": "phase2", "position_source": "nominatim", "confidence": "medium", "Line": "Purple Line", "Layout": "Underground", "snap_offset_m": 107.21676587758381, "station_id": "MAA072", "radius_m": 800, "buffer_area_m2": 2007391.033949412, "prediction": 5945.0, "rank_phase2": 40.0, "label_top15": 0}, "geometry": {"type": "Polygon", "coordinates": [[[80.27413108451314, 13.044749816315074], [80.27409762554298, 13.044040703385265], [80.27399343523285, 13.043338220348698], [80.27381951758193, 13.042649132448629], [80.27357754806275, 13.04198007587066], [80.27326985746451, 13.041337493836767], [80.27289940942741, 13.040727574559687], [80.27246977188537, 13.04015619165483], [80.27198508269271, 13.03962884758343], [80.27145000976638, 13.039150620671139], [80.27086970612761, 13.038726116211954], [80.27024976027656, 13.038359422127957], [80.26959614237734, 13.038054069611428], [80.2689151467718, 13.037812999127993], [80.26821333137535, 13.037638532107755], [80.26749745453758, 13.037532348596745], [80.2667744099756, 13.037495471083547], [80.26605116040551, 13.037528254656639], [80.26533467051067, 13.037630383587116], [80.2646318398912, 13.037800874369488], [80.26394943663965, 13.038038085191419], [80.26329403218179, 13.038339731741177], [80.26267193800894, 13.038702909200703], [80.26208914491077, 13.039124120212847], [80.26155126529285, 13.039599308553582], [80.2610634791342, 13.040123898185382], [80.26063048410501, 13.040692837315984], [80.26025645032463, 13.041300647038662], [80.25994498019567, 13.041941474086045], [80.25969907370116, 13.042609147189788], [80.25952109949948, 13.043297236503808], [80.25941277209579, 13.043999115519089], [80.25937513531063, 13.044708024874154], [80.2594085522055, 13.04541713744689], [80.25951270156332, 13.046119624101063], [80.25968658095879, 13.046808719454381], [80.25992851638942, 13.04747778703483], [80.26023617837602, 13.048120383197602], [80.26060660437794, 13.048730319187008], [80.26103622730808, 13.049301720745385], [80.26152090987362, 13.049829084694656], [80.26205598441231, 13.050307331945271], [80.26263629784091, 13.050731856421649], [80.2632562612831, 13.05109856943246], [80.26390990389874, 13.051403939058066], [80.2645909303961, 13.051645024175356], [80.26529278167267, 13.051819502791853], [80.26600869799996, 13.051925694415893], [80.26673178414333, 13.05196257624711], [80.26745507578872, 13.051929793031086], [80.26817160663583, 13.05182766048301], [80.26887447551081, 13.051657162247384], [80.26955691285092, 13.051419940422972], [80.2702123459204, 13.051118279744335], [80.2708344621284, 13.050755085572483], [80.27141726983848, 13.05033385590682], [80.27195515608354, 13.049858647688216], [80.27244294062983, 13.049334037718085], [80.27287592586916, 13.048765078570291], [80.2732499420584, 13.048157249920806], [80.27356138747096, 13.047516405764346], [80.27380726307364, 13.046848718026745], [80.27398520139522, 13.046160617116465], [80.27409348930938, 13.045458729988153], [80.27413108451314, 13.044749816315074]]]}}, {"id": "73", "type": "Feature", "properties": {"railway": null, "station": null, "subway": null, "construction": null, "construction:railway": null, "public_transport": null, "network": null, "operator": null, "name": "Elcot", "name:en": null, "element": null, "id": null, "category": null, "city": "chennai", "index_right": null, "n_osm_nodes": null, "phase": "phase2", "position_source": "nominatim", "confidence": "low", "Line": "Red Line", "Layout": "Elevated", "snap_offset_m": 780.9471764899519, "station_id": "MAA073", "radius_m": 800, "buffer_area_m2": 2007391.033949412, "prediction": 6360.0, "rank_phase2": 22.0, "label_top15": 0}, "geometry": {"type": "Polygon", "coordinates": [[[80.22585116648074, 12.90171008534161], [80.22581784072062, 12.901000967021544], [80.22571382370543, 12.900298467687708], [80.22554011775912, 12.899609352743392], [80.22529839631017, 12.898940258638161], [80.22499098775457, 12.898297628959222], [80.22462085301346, 12.897687652382114], [80.22419155700221, 12.897116203078056], [80.22370723428611, 12.896588784151563], [80.22317254925429, 12.896110474652707], [80.2225926511954, 12.895685880673922], [80.2219731247079, 12.895319091001953], [80.22131993592268, 12.895013637751541], [80.22063937505536, 12.894772462359596], [80.21993799584159, 12.894597887266954], [80.21922255243778, 12.894491593560057], [80.21849993439443, 12.894454604787583], [80.21777710032744, 12.894487277107645], [80.21706101092563, 12.894589295860225], [80.21635856193839, 12.89475967859784], [80.21567651778825, 12.89499678454517], [80.21502144644678, 12.89529833039666], [80.2143996562, 12.895661412300072], [80.21381713491198, 12.896082533814539], [80.21327949237049, 12.896557639574132], [80.21279190626981, 12.897082154333095], [80.21235907235048, 12.897651027017142], [80.21198515917594, 12.898258779356928], [80.21167376798186, 12.898899558635815], [80.21142789798475, 12.899567194044335], [80.2112499174844, 12.900255256099026], [80.21114154103918, 12.900957118553766], [80.21110381293437, 12.901666022207719], [80.21113709710345, 12.902375139995552], [80.21124107360062, 12.903077642733317], [80.21141474165906, 12.903766764886914], [80.21165642930626, 12.904435869729731], [80.21196380944524, 12.905078513261929], [80.21233392224684, 12.905688506275586], [80.21276320363889, 12.90625997396784], [80.21324751961784, 12.906787412527528], [80.21378220605351, 12.907265742150086], [80.21436211360327, 12.907690355969736], [80.21498165730394, 12.908057164437254], [80.21563487036317, 12.908362634715608], [80.21631546163246, 12.908603824713506], [80.21701687620785, 12.908778411428822], [80.217732358574, 12.908884713328447], [80.21845501768308, 12.90892170654887], [80.21917789334111, 12.908889034761046], [80.21989402326092, 12.908787012604542], [80.22059651013603, 12.90861662265764], [80.22127858808791, 12.908379505972723], [80.22193368784603, 12.908077946267976], [80.2225555000323, 12.907714847928013], [80.22313803593954, 12.90729370802535], [80.22367568521818, 12.906818582632566], [80.22416326991501, 12.9062940477499], [80.22459609434347, 12.905725155224989], [80.22496999030483, 12.905117384089648], [80.22528135722489, 12.904476587782817], [80.22552719682005, 12.903808937768344], [80.22570514195878, 12.903120864090985], [80.22581347944167, 12.902418993443515], [80.22585116648074, 12.90171008534161]]]}}, {"id": "74", "type": "Feature", "properties": {"railway": null, "station": null, "subway": null, "construction": null, "construction:railway": null, "public_transport": null, "network": null, "operator": null, "name": "Gandhi Nagar", "name:en": null, "element": null, "id": null, "category": null, "city": "chennai", "index_right": null, "n_osm_nodes": null, "phase": "phase2", "position_source": "nominatim", "confidence": "low", "Line": "Purple Line", "Layout": "Elevated", "snap_offset_m": null, "station_id": "MAA074", "radius_m": 800, "buffer_area_m2": 2007391.033949412, "prediction": 6413.0, "rank_phase2": 20.0, "label_top15": 0}, "geometry": {"type": "Polygon", "coordinates": [[[80.25099840690895, 13.063781980530274], [80.25096501452842, 13.063072869027117], [80.25086088509725, 13.062370380761642], [80.25068702202955, 13.061681281028383], [80.25044510027362, 13.061012206127625], [80.25013745016012, 13.060369599458367], [80.24976703494085, 13.059759649470934], [80.24933742223512, 13.059188230076623], [80.24885274965948, 13.058660844087978], [80.24831768497204, 13.058182570234017], [80.2477373811158, 13.057758014260273], [80.2471174265938, 13.057391264584211], [80.24646379165424, 13.057085852932627], [80.2457827708034, 13.056844720339628], [80.24508092219976, 13.056670188832365], [80.24436500451249, 13.056563939076776], [80.24364191185146, 13.05652699419826], [80.24291860739521, 13.056559709932957], [80.24220205635461, 13.05666177120426], [80.2414991589174, 13.05683219515738], [80.24081668381827, 13.05706934062284], [80.24016120317341, 13.05737092391777], [80.23953902920641, 13.057734040832951], [80.23895615347392, 13.058155194594178], [80.23841818917593, 13.058630329528887], [80.23793031710575, 13.059154870114206], [80.2374972357599, 13.059723765030745], [80.23712311608816, 13.06033153579831], [80.23681156131973, 13.060972329525573], [80.2365655722525, 13.061639975266088], [80.23638751834004, 13.062328043438397], [80.2362791148555, 13.063029907738237], [80.23624140635269, 13.06373880894699], [80.23627475658458, 13.064447920022113], [80.23637884497718, 13.065150411842811], [80.23655266969354, 13.065839518977933], [80.23679455725915, 13.066508604842742], [80.23710217865725, 13.0671512256169], [80.23747257173959, 13.067761192308032], [80.23790216973755, 13.068332630362931], [80.2383868355998, 13.068860036251937], [80.23892190182619, 13.069338330481276], [80.23950221541462, 13.069762906522396], [80.24012218748803, 13.070129675186648], [80.24077584712373, 13.070435104017543], [80.24145689886637, 13.070676251320778], [80.24215878337034, 13.07085079450389], [80.24287474058686, 13.070957052452256], [80.24359787488689, 13.070994001725623], [80.2443212214918, 13.07096128641896], [80.24503781357095, 13.070859221592434], [80.2457407493595, 13.070688790237451], [80.24642325864896, 13.070451633807936], [80.2470787680092, 13.07015003640811], [80.24770096411314, 13.069786902789229], [80.24828385455342, 13.069365730367412], [80.24882182556482, 13.068890575532341], [80.24930969609603, 13.068366014571648], [80.2497427677097, 13.067797099587734], [80.25011686983002, 13.067189309831974], [80.2504283999023, 13.066548498925403], [80.25067435807773, 13.065880838474653], [80.25085237608985, 13.065192758626495], [80.25096074004516, 13.06449088613388], [80.25099840690895, 13.063781980530274]]]}}, {"id": "75", "type": "Feature", "properties": {"railway": null, "station": null, "subway": null, "construction": null, "construction:railway": null, "public_transport": null, "network": null, "operator": null, "name": "Greenways Road", "name:en": null, "element": null, "id": null, "category": null, "city": "chennai", "index_right": null, "n_osm_nodes": null, "phase": "phase2", "position_source": "nominatim", "confidence": "medium", "Line": "Purple Line", "Layout": "Underground", "snap_offset_m": 92.37676413031801, "station_id": "MAA075", "radius_m": 800, "buffer_area_m2": 2007391.033949412, "prediction": 6925.0, "rank_phase2": 14.0, "label_top15": 1}, "geometry": {"type": "Polygon", "coordinates": [[[80.26833488397776, 13.018229452570996], [80.26830144096103, 13.017520338515999], [80.26819727410366, 13.016817853175583], [80.2680233871777, 13.016128761815636], [80.2677814553588, 13.015459700655587], [80.26747380907221, 13.014817112962152], [80.26710341153073, 13.0142071870032], [80.26667383018157, 13.01363579645916], [80.2661892023378, 13.013108443865509], [80.26565419532562, 13.012630207630604], [80.26507396153195, 13.012205693138815], [80.26445408878489, 13.01183898840935], [80.26380054654541, 13.01153362473743], [80.26311962842779, 13.011292542696424], [80.26241789160237, 13.011118063827926], [80.2617020936634, 13.011011868292128], [80.2609791275695, 13.010974978693344], [80.26025595528243, 13.011007750236248], [80.25953954074261, 13.011109867307459], [80.25883678282561, 13.011280346515273], [80.2581544489249, 13.011517546158307], [80.25749910979923, 13.011819182031875], [80.25687707631137, 13.012182349420108], [80.25629433866693, 13.01260355106218], [80.25575650873758, 13.013078730823635], [80.25526876602366, 13.01360331274893], [80.25483580777662, 13.014172245119441], [80.25446180376085, 13.014780049093025], [80.25415035609147, 13.015420871457263], [80.25390446453414, 13.016088540988603], [80.2537264976022, 13.016776627875181], [80.25361816972949, 13.017478505631308], [80.25358052473969, 13.01818741490769], [80.25361392577193, 13.018896528583188], [80.25371805176066, 13.019599017511265], [80.25389190050434, 13.02028811628817], [80.25413379829469, 13.020957188409426], [80.25444141601412, 13.021599790187096], [80.25481179154767, 13.022209732812064], [80.25524135829389, 13.022781141963424], [80.25572597950087, 13.023308514390637], [80.25626098809747, 13.023786770923158], [80.2568412316359, 13.024211305396586], [80.25746112191354, 13.024578029023829], [80.25811468879576, 13.024883409783433], [80.25879563772124, 13.025124506445366], [80.25949741033573, 13.025298996906153], [80.26021324766964, 13.025405200560119], [80.26093625525041, 13.025442094490975], [80.26165946952194, 13.025409323327569], [80.26237592493042, 13.025307202668696], [80.2630787210297, 13.025136716043928], [80.26376108895896, 13.024899505439684], [80.26441645665179, 13.024597855481876], [80.26503851214757, 13.02423467142763], [80.26562126439495, 13.023813451178237], [80.26615910096108, 13.023338251583215], [80.26664684209057, 13.022813649360305], [80.26707979059289, 13.02224469700816], [80.26745377707806, 13.021636874136798], [80.2677652001047, 13.020996034684876], [80.26801106085415, 13.020328350532608], [80.26818899199702, 13.019640252053739], [80.26829728047481, 13.018938366179448], [80.26833488397776, 13.018229452570996]]]}}, {"id": "76", "type": "Feature", "properties": {"railway": null, "station": null, "subway": null, "construction": null, "construction:railway": null, "public_transport": null, "network": null, "operator": null, "name": "Indira Nagar", "name:en": null, "element": null, "id": null, "category": null, "city": "chennai", "index_right": null, "n_osm_nodes": null, "phase": "phase2", "position_source": "nominatim", "confidence": "medium", "Line": "Purple Line", "Layout": "Underground", "snap_offset_m": 202.7289820505714, "station_id": "MAA076", "radius_m": 800, "buffer_area_m2": 2007391.033949412, "prediction": 5320.0, "rank_phase2": 80.0, "label_top15": 0}, "geometry": {"type": "Polygon", "coordinates": [[[80.25804556784564, 12.9945065686164], [80.25801215355939, 12.993797453688556], [80.25790802206924, 12.993094965029783], [80.25773417680568, 12.992405867938535], [80.25749229254224, 12.991736798690118], [80.2571846992456, 12.991094200629854], [80.25681435961785, 12.990484262126177], [80.25638484054834, 12.989912856981038], [80.25590027875045, 12.989385487871195], [80.25536534091474, 12.988907233364658], [80.25478517876249, 12.98848269902227], [80.25416537943272, 12.988115973054802], [80.25351191168032, 12.987810586962274], [80.2528310684034, 12.987569481534104], [80.25212940605275, 12.987394978537102], [80.25141368150669, 12.987288758363674], [80.25069078701831, 12.98725184385512], [80.24996768386107, 12.987284590455596], [80.2492513353107, 12.987386682791401], [80.24854863960832, 12.98755713770844], [80.24786636354904, 12.987794313738583], [80.24721107733517, 12.988095926903839], [80.2465890913203, 12.988459072706307], [80.24600639525302, 12.988880254092324], [80.24546860060438, 12.98935541512186], [80.24498088653466, 12.989879980019174], [80.24454795001876, 12.990448897229113], [80.24417396061104, 12.991056688055163], [80.24386252028488, 12.99169749941125], [80.2436166287341, 12.992365160179714], [80.24343865447072, 12.993053240633092], [80.2433303119979, 12.9937551143478], [80.24329264527861, 12.994464022013773], [80.24332601766007, 12.995173136525782], [80.24343010835142, 12.99587562872976], [80.24360391549011, 12.996564733191017], [80.24384576576769, 12.997233813351011], [80.24415333052352, 12.997876425445106], [80.24452364815234, 12.998486380565552], [80.24495315261021, 12.999057804271821], [80.24543770774525, 12.999585193173862], [80.24597264712297, 13.00006346794306], [80.24655281896281, 13.000488022239901], [80.24717263575349, 13.000854767086768], [80.24782612806908, 13.001160170258109], [80.24850700206754, 13.001401290308191], [80.24920870011745, 13.001575804908278], [80.24992446396858, 13.00168203322007], [80.2506473998574, 13.001718952089517], [80.25137054491945, 13.001686205904877], [80.2520869342686, 13.001584110023865], [80.25278966809587, 13.00141364773682], [80.25347197814102, 13.001176460795094], [80.25412729289569, 13.000874833596006], [80.25474930090948, 13.000511671176774], [80.25533201158841, 13.000090471229623], [80.25586981289989, 12.999615290407888], [80.2563575254276, 12.999090705247909], [80.2567904522559, 12.998521768083517], [80.25716442420273, 12.997913958378074], [80.2574758399657, 12.997273129943174], [80.25772170079493, 12.996605454552801], [80.25789963935907, 12.995917362496336], [80.25800794252682, 12.995215480643264], [80.25804556784564, 12.9945065686164]]]}}, {"id": "77", "type": "Feature", "properties": {"railway": null, "station": null, "subway": null, "construction": null, "construction:railway": null, "public_transport": null, "network": null, "operator": null, "name": "Kandanchavadi", "name:en": null, "element": null, "id": null, "category": null, "city": "chennai", "index_right": null, "n_osm_nodes": null, "phase": "phase2", "position_source": "nominatim", "confidence": "low", "Line": "Purple Line", "Layout": "Elevated", "snap_offset_m": 10.539502776308922, "station_id": "MAA077", "radius_m": 800, "buffer_area_m2": 2007391.033949412, "prediction": 6131.0, "rank_phase2": 29.0, "label_top15": 0}, "geometry": {"type": "Polygon", "coordinates": [[[80.25526996962671, 12.966556237827634], [80.25523656250358, 12.965847121663042], [80.25513244608777, 12.965144631450896], [80.25495862366324, 12.964455532504903], [80.25471676978243, 12.96378646111866], [80.25440921411838, 12.963143860658576], [80.25403891900996, 12.962533919516774], [80.25360945091722, 12.961962511521248], [80.25312494606233, 12.961435139376857], [80.25259007058742, 12.960956881681497], [80.25200997561346, 12.960532344027337], [80.25139024763304, 12.960165614657637], [80.25073685471467, 12.959860225105698], [80.25005608903678, 12.959619116194661], [80.249354506304, 12.959444609725203], [80.24863886262919, 12.959338386123369], [80.24791604948798, 12.959301468263535], [80.24719302737182, 12.959334211622075], [80.24647675877738, 12.959436300856325], [80.24577414117707, 12.95960675284175], [80.245091940615, 12.95984392613804], [80.24443672656744, 12.96014553679303], [80.24381480869378, 12.960508680332405], [80.2432321760869, 12.960929859723683], [80.24269443960705, 12.961405019045376], [80.24220677785424, 12.96192958253754], [80.24177388729933, 12.962498498657927], [80.24139993705352, 12.963106288719922], [80.24108852871224, 12.963747099644308], [80.24084266166032, 12.964414760317158], [80.24066470417267, 12.96510284101162], [80.24055637058957, 12.965804715301584], [80.24051870478704, 12.966513623871384], [80.24055207010198, 12.967222739607143], [80.24065614581028, 12.967925233343195], [80.2408299301923, 12.968614339630408], [80.24107175015759, 12.969283421893065], [80.24137927733643, 12.969926036346786], [80.24174955048466, 12.970535994061677], [80.2421790039861, 12.971107420572846], [80.24266350217935, 12.971634812463897], [80.2431983791783, 12.972113090378079], [80.24377848380335, 12.972537647946218], [80.24439822919108, 12.972904396159775], [80.245051646604, 12.973209802761298], [80.24573244292237, 12.973450926272426], [80.24643406126408, 12.973625444331416], [80.24714974414783, 12.973731676066846], [80.2478725985912, 12.973768598291766], [80.24859566251554, 12.973735855362056], [80.2493119718175, 12.973633762603901], [80.25001462746033, 12.973463303277256], [80.25069686193791, 12.97322611910455], [80.25135210447068, 12.97292449445593], [80.25197404430453, 12.972561334343462], [80.2525566915027, 12.972140136436538], [80.25309443464421, 12.971664957368185], [80.253582094873, 12.971140373657203], [80.2540149757768, 12.97057143762284], [80.25438890861533, 12.96996362871698], [80.25470029246203, 12.969322800743015], [80.25494612887346, 12.968655125470072], [80.25512405075219, 12.967967033186081], [80.25523234512634, 12.96726515076252], [80.25526996962671, 12.966556237827634]]]}}, {"id": "78", "type": "Feature", "properties": {"railway": null, "station": null, "subway": null, "construction": null, "construction:railway": null, "public_transport": null, "network": null, "operator": null, "name": "Karambakkam", "name:en": null, "element": null, "id": null, "category": null, "city": "chennai", "index_right": null, "n_osm_nodes": null, "phase": "phase2", "position_source": "nominatim", "confidence": "medium", "Line": "Yellow Line", "Layout": "Elevated", "snap_offset_m": 304.5975050898215, "station_id": "MAA078", "radius_m": 800, "buffer_area_m2": 2007391.033949412, "prediction": 5726.0, "rank_phase2": 52.0, "label_top15": 0}, "geometry": {"type": "Polygon", "coordinates": [[[80.17198388980171, 13.038284960276945], [80.17195072240038, 13.037575850279248], [80.17184682440752, 13.036873342229507], [80.1716731970082, 13.036184201616447], [80.17143151288177, 13.035515065137561], [80.17112410007184, 13.034872376788085], [80.17075391954698, 13.034262325807752], [80.17032453666911, 13.033690787082747], [80.16984008684472, 13.03316326457649], [80.16930523569047, 13.032684838333704], [80.16872513409693, 13.032260115567775], [80.16810536862333, 13.031893186302021], [80.16745190770128, 13.031587583991595], [80.16677104416506, 13.031346251504935], [80.16606933466161, 13.031171512791865], [80.1653535365235, 13.031065050510898], [80.16463054271168, 13.031027889830877], [80.16390731545445, 13.031060388562667], [80.16319081922012, 13.031162233715827], [80.16248795366877, 13.031332444513243], [80.16180548722737, 13.031569381834746], [80.16114999192729, 13.031870763998786], [80.16052778013108, 13.032233688730365], [80.15994484375689, 13.032654661103841], [80.15940679658542, 13.033129627191862], [80.15891882020432, 13.033654013096664], [80.1584856141107, 13.034222768988254], [80.1581113504516, 13.034830417725782], [80.15779963383886, 13.035471107594303], [80.15755346662515, 13.036138668649421], [80.15737521997619, 13.036826672127662], [80.15726661101826, 13.037528492350708], [80.15722868628158, 13.038237370527744], [80.1572618115999, 13.038946479841584], [80.1573656685643, 13.039648991192081], [80.15753925756646, 13.040338138963671], [80.1577809074026, 13.041007286183763], [80.15808829134684, 13.041649988444345], [80.15845844953994, 13.042260055971076], [80.15888781747816, 13.042831613241912], [80.15937226032914, 13.043359155580731], [80.15990711274418, 13.043837602180647], [80.1604872237843, 13.044262345045967], [80.16110700652722, 13.04462929338096], [80.16176049187766, 13.044934912997654], [80.1624413860626, 13.045176260362542], [80.16314313125727, 13.04535101095404], [80.16385896875754, 13.045457481657143], [80.16458200408972, 13.045494646979368], [80.16530527343, 13.045462148931438], [80.16602181069277, 13.045360300477522], [80.16672471464128, 13.045190082521573], [80.16740721537299, 13.044953134458865], [80.16806273953874, 13.04465173838372], [80.16868497366671, 13.044288797105745], [80.16926792498055, 13.043867806186432], [80.16980597912544, 13.043392820265854], [80.17029395424572, 13.042868414003921], [80.17072715089277, 13.04229963801294], [80.17110139728257, 13.041691970206173], [80.17141308946691, 13.041051263031385], [80.17165922603192, 13.040383687098037], [80.17183743698963, 13.039695671741375], [80.17194600658543, 13.038993843096183], [80.17198388980171, 13.038284960276945]]]}}, {"id": "79", "type": "Feature", "properties": {"railway": null, "station": null, "subway": null, "construction": null, "construction:railway": null, "public_transport": null, "network": null, "operator": null, "name": "Karapakkam", "name:en": null, "element": null, "id": null, "category": null, "city": "chennai", "index_right": null, "n_osm_nodes": null, "phase": "phase2", "position_source": "nominatim", "confidence": "medium", "Line": "Purple Line", "Layout": "Elevated", "snap_offset_m": 137.24952644435848, "station_id": "MAA079", "radius_m": 800, "buffer_area_m2": 2007391.033949412, "prediction": 6788.0, "rank_phase2": 15.0, "label_top15": 1}, "geometry": {"type": "Polygon", "coordinates": [[[80.23634740187325, 12.911558499102936], [80.23631404677195, 12.910849380909019], [80.23620999774533, 12.910146884393649], [80.236036257426, 12.909457774932443], [80.2357944995736, 12.908788688921621], [80.23548705293483, 12.908146069869916], [80.23511687879751, 12.907536106350037], [80.23468754245616, 12.906964672407025], [80.23420317886415, 12.906437270997095], [80.23366845280383, 12.90595898100135], [80.23308851395838, 12.905534408324215], [80.23246894731845, 12.905167641547209], [80.2318157194009, 12.904862212564597], [80.23113512079752, 12.904621062579714], [80.23043370560669, 12.904446513788931], [80.22971822833058, 12.90434024702571], [80.22899557884527, 12.904303285579639], [80.22827271606894, 12.904335985346117], [80.22755660096644, 12.904438031401305], [80.22685412953432, 12.904608441035318], [80.22617206641108, 12.904845573214335], [80.22551697975094, 12.905147144380702], [80.22489517798755, 12.905510250438866], [80.22431264909608, 12.905931394715767], [80.22377500293787, 12.906406521626623], [80.22328741724252, 12.906931055722259], [80.2228545877472, 12.907499945742355], [80.22248068297338, 12.908107713250683], [80.22216930407654, 12.908748505384507], [80.22192345015543, 12.909416151210428], [80.22174548935578, 12.91010422114443], [80.2216371360469, 12.9108060888642], [80.22159943429185, 12.911514995117798], [80.22163274777094, 12.912224112814394], [80.22173675625655, 12.912926612770425], [80.22191045867407, 12.913615729478048], [80.22215218272036, 12.914284826262561], [80.22245960094791, 12.914927459201216], [80.22282975316072, 12.915537439187624], [80.22325907490679, 12.916108891543951], [80.22374343179365, 12.91663631260636], [80.22427815929665, 12.917114622738533], [80.22485810767714, 12.917539215262192], [80.22547769157804, 12.917906000833145], [80.2261309438192, 12.918211446834873], [80.22681157287404, 12.918452611410011], [80.22751302347399, 12.918627171801495], [80.22822853975609, 12.91873344673005], [80.2289512303453, 12.918770412592304], [80.22967413474383, 12.918737713323143], [80.23039029038735, 12.918635663827292], [80.2310927997213, 12.918465246946864], [80.23177489665062, 12.918228103994155], [80.23243001172199, 12.917926518940842], [80.2330518354099, 12.917563396416147], [80.23363437889664, 12.917142233725933], [80.23417203176, 12.916667087162594], [80.23465961601268, 12.91614253293053], [80.23509243597296, 12.915573623063908], [80.23546632348578, 12.914965836761638], [80.23577767805902, 12.914325027608697], [80.23602350152866, 12.913657367192522], [80.23620142691921, 12.912969285657818], [80.23630974122209, 12.912267409772712], [80.23634740187325, 12.911558499102936]]]}}, {"id": "80", "type": "Feature", "properties": {"railway": null, "station": null, "subway": null, "construction": null, "construction:railway": null, "public_transport": null, "network": null, "operator": null, "name": "Kellys", "name:en": null, "element": null, "id": null, "category": null, "city": "chennai", "index_right": null, "n_osm_nodes": null, "phase": "phase2", "position_source": "nominatim", "confidence": "medium", "Line": "Purple Line", "Layout": "Underground", "snap_offset_m": 54.630813847801186, "station_id": "MAA080", "radius_m": 800, "buffer_area_m2": 2007391.033949412, "prediction": 4431.0, "rank_phase2": 92.0, "label_top15": 0}, "geometry": {"type": "Polygon", "coordinates": [[[80.25116042370581, 13.08262456539438], [80.25112703135619, 13.0819154547734], [80.25102289656162, 13.081212967134654], [80.25084902278877, 13.080523867766498], [80.25060708508985, 13.079854792965493], [80.25029941394982, 13.079212186129402], [80.24992897282357, 13.078602235709809], [80.24949932958036, 13.078030815621792], [80.24901462213113, 13.077503428684157], [80.24847951856992, 13.07702515363462], [80.24789917221402, 13.076600596229806], [80.24727917197549, 13.076233844900548], [80.24662548854235, 13.07592843138917], [80.24594441688733, 13.075687296747358], [80.24524251565741, 13.07551276302173], [80.24452654402775, 13.07540651089938], [80.24380339662683, 13.07536956352838], [80.2430800371594, 13.075402276668846], [80.24236343136518, 13.075504335269184], [80.24166047995828, 13.075674756500474], [80.24097795219232, 13.075911899219658], [80.24032242069, 13.076213479770587], [80.23970019816406, 13.076576593970819], [80.23911727663834, 13.076997745072672], [80.23857926975357, 13.077472877429619], [80.23809135871309, 13.077997415544047], [80.23765824238883, 13.07856630812079], [80.23728409206771, 13.079174076702605], [80.23697251127456, 13.079814868419593], [80.23672650105846, 13.080482512345009], [80.23654843107742, 13.081170578915145], [80.23644001676016, 13.08187244184136], [80.23640230276571, 13.082581341918404], [80.23643565290091, 13.083290452114658], [80.23653974659365, 13.083992943317739], [80.2367135819568, 13.08468205010233], [80.23695548541421, 13.085351135886844], [80.23726312779678, 13.085993756851437], [80.2376335467548, 13.086603724001575], [80.23806317527087, 13.08717516277923], [80.23854787600003, 13.087702569647368], [80.23908298110648, 13.088180865102348], [80.23966333721357, 13.088605442603388], [80.24028335503448, 13.088972212947354], [80.24093706320551, 13.08927764366121], [80.24161816580332, 13.089518793032179], [80.24232010299173, 13.089693338447612], [80.24303611421378, 13.089799598771187], [80.24375930331944, 13.089836550539653], [80.2444827050013, 13.089803837823919], [80.24519935189736, 13.089701775659238], [80.24590234171394, 13.089531347011519], [80.24658490372141, 13.089294193308824], [80.24724046398119, 13.088992598629387], [80.24786270867538, 13.088629467698615], [80.24844564492824, 13.08820829790712], [80.24898365853309, 13.087733145619666], [80.2494715680283, 13.087208587099795], [80.24990467460138, 13.086639674426833], [80.25027880734012, 13.086031886830304], [80.25059036339537, 13.085391077910844], [80.25083634266872, 13.084723419256271], [80.25101437669124, 13.08403534099633], [80.25112275141612, 13.083333469868892], [80.25116042370581, 13.08262456539438]]]}}, {"id": "81", "type": "Feature", "properties": {"railway": null, "station": null, "subway": null, "construction": null, "construction:railway": null, "public_transport": null, "network": null, "operator": null, "name": "Kovilambakkam", "name:en": null, "element": null, "id": null, "category": null, "city": "chennai", "index_right": null, "n_osm_nodes": null, "phase": "phase2", "position_source": "nominatim", "confidence": "medium", "Line": "Red Line", "Layout": "Elevated", "snap_offset_m": 83.5925249809665, "station_id": "MAA081", "radius_m": 800, "buffer_area_m2": 2007391.033949412, "prediction": 5846.0, "rank_phase2": 44.0, "label_top15": 0}, "geometry": {"type": "Polygon", "coordinates": [[[80.18994634136384, 12.939603464108146], [80.18991311861593, 12.938894348830546], [80.18980919352934, 12.93819184212978], [80.18963556754503, 12.93750270948143], [80.18939391332388, 12.936833587506609], [80.18908655861708, 12.936190920061666], [80.18871646382976, 12.935580896186234], [80.18828719349496, 12.935009390507068], [80.18780288193295, 12.934481906671264], [80.18726819342746, 12.93400352435331], [80.18668827730214, 12.933578850345919], [80.18606871833066, 12.933211974205234], [80.18541548295738, 12.932906428877216], [80.18473486184682, 12.9326651566838], [80.1840334093145, 12.932490480996245], [80.18331788022208, 12.932384083867918], [80.18259516494402, 12.932346989841662], [80.18187222303094, 12.932379556087492], [80.1811560162082, 12.93248146896539], [80.18045344135375, 12.93265174704616], [80.17977126409973, 12.932888750561325], [80.17911605369697, 12.93319019719107], [80.17849411976819, 12.933553184038333], [80.17791145155869, 12.933974215577656], [80.1773736602689, 12.934449237309964], [80.1768859250237, 12.934973674799428], [80.17645294299832, 12.935542477716924], [80.17607888418142, 12.936150168466298], [80.17576735121055, 12.93679089492561], [80.17552134466742, 12.937458486795778], [80.17534323416717, 12.938146515014473], [80.17523473552099, 12.93884835366331], [80.17519689419223, 12.939557243772548], [80.17523007520651, 12.940266358409023], [80.17533395961355, 12.940968868420718], [80.1755075475357, 12.941658008204822], [80.17574916777474, 12.942327140865988], [80.17605649388543, 12.942969822137199], [80.17642656656155, 12.943579862447484], [80.1768558221198, 12.944151386538515], [80.17734012680775, 12.944678890055629], [80.17787481660585, 12.945157292568002], [80.17845474214076, 12.945581986506859], [80.17907431827723, 12.945948881550096], [80.17972757791121, 12.946254444025351], [80.18040822944592, 12.946495730951717], [80.18110971739661, 12.946670418391758], [80.18182528554051, 12.946776823840473], [80.18254804200248, 12.946813922435267], [80.18327102564918, 12.946781356830556], [80.18398727315143, 12.946679440641725], [80.18468988606809, 12.94650915542521], [80.18537209730421, 12.946272141223698], [80.18602733630307, 12.945970680767681], [80.18664929234306, 12.945607677485564], [80.18723197532911, 12.945186627534374], [80.18776977349295, 12.944711586120757], [80.18825750744554, 12.94418712843688], [80.18869048006133, 12.943618305587918], [80.18906452171325, 12.943010595935988], [80.18937603042339, 12.942369852329449], [80.1896220065424, 12.941702245726328], [80.18980008162427, 12.94101420575514], [80.18990854121897, 12.940312358785917], [80.18994634136384, 12.939603464108146]]]}}, {"id": "82", "type": "Feature", "properties": {"railway": null, "station": null, "subway": null, "construction": null, "construction:railway": null, "public_transport": null, "network": null, "operator": null, "name": "Koyambedu Market", "name:en": null, "element": null, "id": null, "category": null, "city": "chennai", "index_right": null, "n_osm_nodes": null, "phase": "phase2", "position_source": "nominatim", "confidence": "medium", "Line": "Red Line", "Layout": "Elevated", "snap_offset_m": 74.8316260440904, "station_id": "MAA082", "radius_m": 800, "buffer_area_m2": 2007391.033949412, "prediction": 6002.0, "rank_phase2": 39.0, "label_top15": 0}, "geometry": {"type": "Polygon", "coordinates": [[[80.20682027093997, 13.068234369122015], [80.2067870051351, 13.067525259158216], [80.20668300052209, 13.066822760205143], [80.20650925931379, 13.066133637662166], [80.20626745528614, 13.065464528051011], [80.20595991763754, 13.064821875106476], [80.20558960853852, 13.064211867725767], [80.20516009458844, 13.063640380373792], [80.20467551245487, 13.063112916518087], [80.2041405290272, 13.062634555637672], [80.20356029646794, 13.062209904315914], [80.20294040259557, 13.06184305188787], [80.20228681707603, 13.061537531068844], [80.20160583394122, 13.061296283942928], [80.20090401098763, 13.061121633638669], [80.20018810663824, 13.061015261964238], [80.19946501487496, 13.060978193217206], [80.19874169886766, 13.061010784324603], [80.19802512393808, 13.06111272140803], [80.19732219050314, 13.061283022806762], [80.19663966764305, 13.061520048529841], [80.1959841279324, 13.061821516046054], [80.19536188416183, 13.062184522259969], [80.19477892855815, 13.062605571462608], [80.19424087508845, 13.063080608987852], [80.1937529054026, 13.063605060250818], [80.19331971893507, 13.064173874792631], [80.19294548764596, 13.064781574907814], [80.1926338158376, 13.065422308386491], [80.19238770543343, 13.066089904863816], [80.19220952705436, 13.06677793523438], [80.19210099717137, 13.067479773559812], [80.19206316155505, 13.068188660873618], [80.19209638518261, 13.068897770269105], [80.1922003486997, 13.06960027264367], [80.1923740514728, 13.070289402466464], [80.19261582120302, 13.07095852293599], [80.19292333000995, 13.071601189900182], [80.19329361683147, 13.07221121392306], [80.19372311592431, 13.072782719900163], [80.19420769119183, 13.073310203648214], [80.19474267600857, 13.073788584923726], [80.1953229181586, 13.074213256359569], [80.19594282945485, 13.074580127847714], [80.19659643956182, 13.074885665940386], [80.19727745350274, 13.07512692788967], [80.19797931229719, 13.075301589997375], [80.19869525614493, 13.07540797000173], [80.19941838954611, 13.075445043285043], [80.20014174773071, 13.075412452745956], [80.20085836375623, 13.075310512241039], [80.20156133562635, 13.07514020356249], [80.20224389278391, 13.074903166981034], [80.20289946133622, 13.074601685445169], [80.2035217273843, 13.074238662589087], [80.2041046978452, 13.073817594761316], [80.20464275818092, 13.07334253734373], [80.2051307264777, 13.07281806568566], [80.2055639033545, 13.072249231029765], [80.20593811721972, 13.071641511854484], [80.20624976444064, 13.07100076110216], [80.20649584403873, 13.070333149801467], [80.2066739865769, 13.069645107627451], [80.20678247696156, 13.068943260972105], [80.20682027093997, 13.068234369122015]]]}}, {"id": "83", "type": "Feature", "properties": {"railway": null, "station": null, "subway": null, "construction": null, "construction:railway": null, "public_transport": null, "network": null, "operator": null, "name": "Madhavaram Bus Terminus", "name:en": null, "element": null, "id": null, "category": null, "city": "chennai", "index_right": null, "n_osm_nodes": null, "phase": "phase2", "position_source": "nominatim", "confidence": "medium", "Line": "Red Line", "Layout": "Elevated", "snap_offset_m": 66.20894190531547, "station_id": "MAA083", "radius_m": 800, "buffer_area_m2": 2007391.033949412, "prediction": 5670.0, "rank_phase2": 54.0, "label_top15": 0}, "geometry": {"type": "Polygon", "coordinates": [[[80.22851881940893, 13.146361032320188], [80.22848549391253, 13.145651925317049], [80.228381407399, 13.144949434015487], [80.22820756287341, 13.144260323739719], [80.22796563510968, 13.143591230891596], [80.22765795450034, 13.14294859904256], [80.22728748459438, 13.142338616884627], [80.22685779354076, 13.141767158637732], [80.22637301971288, 13.141239727487077], [80.22583783184555, 13.140761402594823], [80.22525738406877, 13.140336790196043], [80.22463726627154, 13.139969979249484], [80.22398345027355, 13.13966450206983], [80.22330223232304, 13.139423300320132], [80.22260017247416, 13.139248696691551], [80.22188403142736, 13.139142372542757], [80.22116070544003, 13.139105351714054], [80.22043715993364, 13.139137990671795], [80.21972036243632, 13.139239975077912], [80.21901721550496, 13.139410322817424], [80.21833449027284, 13.13964739345481], [80.2176787612611, 13.139948904028218], [80.21705634308171, 13.140311951029592], [80.21647322964023, 13.140733038359206], [80.21593503642359, 13.14120811098579], [80.21544694642817, 13.141732593988323], [80.21501366024847, 13.142301436603958], [80.21463935080702, 13.14290916085831], [80.21432762316155, 13.143549914310166], [80.2140814797766, 13.144217526403095], [80.21390329159438, 13.14490556788169], [80.21379477518423, 13.145607412700588], [80.21375697619112, 13.146316301830343], [80.21379025924357, 13.147025408345959], [80.21389430441879, 13.147727903171411], [80.21406811030035, 13.148417020847068], [80.21431000359934, 13.1490861246867], [80.21461765524776, 13.14972877069647], [80.21498810280954, 13.150338769640175], [80.21541777899438, 13.15091024665281], [80.21590254600032, 13.15143769782801], [80.21643773535467, 13.151916043234094], [80.21701819287031, 13.152340675847645], [80.21763832828397, 13.152707505933082], [80.21829216909899, 13.153013000440216], [80.2189734181134, 13.153254217040109], [80.21967551407928, 13.15342883247093], [80.22039169490826, 13.153535164920442], [80.22111506281412, 13.15357219022935], [80.22183865076445, 13.153539551759133], [80.2225554896001, 13.153437563829124], [80.22325867517549, 13.153267208689723], [80.22394143487234, 13.153030127060829], [80.224597192845, 13.152728602326688], [80.22521963336857, 13.152365538539543], [80.22580276167882, 13.15194443244419], [80.22634096171741, 13.151469339793053], [80.2268290502258, 13.150944836276693], [80.22726232666665, 13.150375973446284], [80.22763661849167, 13.14976823005306], [80.2279483213201, 13.149127459273721], [80.22819443364115, 13.148459832330596], [80.22837258570637, 13.147771779049764], [80.22848106233437, 13.147069925930149], [80.22851881940893, 13.146361032320188]]]}}, {"id": "84", "type": "Feature", "properties": {"railway": null, "station": null, "subway": null, "construction": null, "construction:railway": null, "public_transport": null, "network": null, "operator": null, "name": "Madhavaram High Road", "name:en": null, "element": null, "id": null, "category": null, "city": "chennai", "index_right": null, "n_osm_nodes": null, "phase": "phase2", "position_source": "nominatim", "confidence": "medium", "Line": "Purple Line", "Layout": "Underground", "snap_offset_m": 0.26008981897858097, "station_id": "MAA084", "radius_m": 800, "buffer_area_m2": 2007391.033949412, "prediction": 4857.0, "rank_phase2": 88.0, "label_top15": 0}, "geometry": {"type": "Polygon", "coordinates": [[[80.24915778355025, 13.125348521486103], [80.24912439806586, 13.124639412929728], [80.2490202578469, 13.123936926122058], [80.2488463664143, 13.123247826343249], [80.24860439899238, 13.12257874989344], [80.24829668635405, 13.121936140185722], [80.24792619235534, 13.12132618569864], [80.24749648537583, 13.120754760385612], [80.24701170394098, 13.120227367114849], [80.24647651685774, 13.11974908468409], [80.24589607824761, 13.119324518920047], [80.24527597791067, 13.118957758333089], [80.24462218749798, 13.118652334753776], [80.24394100301127, 13.118411189329937], [80.24323898418263, 13.118236644211315], [80.24252289131782, 13.11813038019418], [80.24179962021094, 13.118093420540774], [80.24107613575589, 13.118126121129302], [80.24035940489398, 13.118228167029061], [80.23965632954169, 13.11839857553363], [80.2389736801443, 13.118635705622895], [80.23831803049418, 13.118937273762892], [80.2376956944404, 13.119300375891402], [80.23711266509906, 13.11972151537783], [80.23657455714843, 13.120196636688421], [80.23608655276485, 13.120721164432917], [80.23565335171926, 13.12129004741702], [80.23527912611505, 13.121897807276834], [80.2349674802029, 13.122538591227379], [80.23472141566036, 13.123206228417525], [80.23454330267019, 13.123894289349133], [80.23443485707718, 13.12459614778842], [80.23439712384355, 13.125305044573725], [80.2344304669636, 13.126014152705318], [80.23453456593492, 13.126716643090717], [80.23470841882165, 13.127405750312267], [80.23495035188081, 13.128074837783808], [80.23525803566001, 13.128717461668693], [80.2356285074123, 13.129327432943564], [80.23605819961297, 13.129898877009852], [80.23654297430451, 13.13042629027866], [80.23707816293916, 13.130904593183743], [80.2376586113357, 13.131329179111582], [80.2382787293181, 13.131695958776907], [80.23893254455706, 13.132001399615998], [80.23961376009686, 13.132242559817742], [80.24031581501208, 13.132417116664477], [80.24103194761011, 13.132523388909249], [80.24175526056999, 13.132560352973616], [80.24247878738936, 13.132527652809864], [80.24319555949894, 13.13242560333238], [80.24389867339708, 13.132255187385075], [80.24458135715723, 13.132018046274073], [80.24523703566646, 13.1317164639569], [80.24585939396668, 13.131353345040605], [80.24644243808686, 13.13093218680092], [80.2469805527808, 13.130457045492278], [80.24746855561298, 13.129932497273455], [80.24790174687213, 13.129363594125564], [80.24827595483093, 13.128755815187379], [80.24858757591679, 13.128115013977059], [80.24883360940622, 13.127447362009011], [80.24901168630983, 13.126759289349284], [80.24912009216962, 13.126057422682363], [80.24915778355025, 13.125348521486103]]]}}, {"id": "85", "type": "Feature", "properties": {"railway": null, "station": null, "subway": null, "construction": null, "construction:railway": null, "public_transport": null, "network": null, "operator": null, "name": "Madipakkam", "name:en": null, "element": null, "id": null, "category": null, "city": "chennai", "index_right": null, "n_osm_nodes": null, "phase": "phase2", "position_source": "nominatim", "confidence": "medium", "Line": "Red Line", "Layout": "Elevated", "snap_offset_m": 1359.2421683213217, "station_id": "MAA085", "radius_m": 800, "buffer_area_m2": 2007391.033949412, "prediction": 7615.0, "rank_phase2": 3.0, "label_top15": 1}, "geometry": {"type": "Polygon", "coordinates": [[[80.19568974283548, 12.965253535927488], [80.1956565048394, 12.964544421603842], [80.19555255728613, 12.963841916984878], [80.19537890183415, 12.9631527875257], [80.19513721142916, 12.962483669816203], [80.19482981417163, 12.961841007671074], [80.19445967087711, 12.961230990078288], [80.19403034654613, 12.960659491603439], [80.19354597601915, 12.960132015823596], [80.19301122414757, 12.959653642335056], [80.19243124086492, 12.959228977844921], [80.191811611591, 12.958862111817202], [80.19115830344639, 12.958556577100039], [80.19047760779537, 12.958315315912913], [80.1897760796702, 12.958140651520896], [80.18906047465923, 12.958034265868523], [80.18833768386675, 12.957997183388198], [80.18761466756932, 12.95802976113894], [80.18689838820742, 12.958131685370253], [80.18619574335638, 12.958301974544025], [80.18551349932147, 12.95853898878546], [80.18485822599581, 12.958840445672017], [80.18423623360749, 12.959203442208482], [80.18365351196442, 12.959624482776732], [80.18311567278154, 12.96009951279139], [80.18262789564507, 12.960623957737473], [80.18219487813408, 12.961192767214609], [80.18182079057964, 12.961800463563975], [80.18150923589685, 12.962441194610093], [80.18126321487757, 12.963108790010011], [80.18108509727756, 12.963796820667572], [80.18097659897758, 12.964498660640958], [80.18093876543901, 12.965207550947587], [80.18097196161378, 12.965916664652209], [80.18107586840685, 12.966619172611454], [80.1812494857261, 12.967308309241846], [80.18149114209128, 12.96797743767791], [80.18179851071001, 12.968620113692737], [80.18216863186736, 12.96923014776536], [80.18259794141349, 12.96980166469686], [80.18308230507611, 12.970329160200889], [80.18361705826764, 12.970807553923173], [80.1841970510038, 12.97123223837903], [80.18481669750153, 12.971599123337178], [80.18547002997832, 12.97190467522199], [80.1861507561348, 12.972145951154252], [80.18685231976646, 12.972320627302231], [80.1875679639204, 12.972427021269628], [80.18829079598811, 12.972464108304486], [80.18901385410685, 12.972431531172765], [80.18973017422897, 12.972329603601173], [80.19043285721274, 12.972159307256184], [80.19111513528748, 12.971922282288187], [80.1917704372519, 12.971620811531924], [80.19239245177742, 12.971257798515628], [80.19297518820532, 12.970836739490723], [80.19351303425255, 12.97036168975188], [80.19400081006907, 12.969837224572055], [80.19443381812653, 12.969268395129195], [80.1948078884572, 12.968660679849398], [80.19511941880779, 12.968019931635629], [80.1953654093216, 12.967352321490582], [80.19554349141515, 12.966664279077056], [80.19565195057216, 12.965962430788652], [80.19568974283548, 12.965253535927488]]]}}, {"id": "86", "type": "Feature", "properties": {"railway": null, "station": null, "subway": null, "construction": null, "construction:railway": null, "public_transport": null, "network": null, "operator": null, "name": "Manapakkam", "name:en": null, "element": null, "id": null, "category": null, "city": "chennai", "index_right": null, "n_osm_nodes": null, "phase": "phase2", "position_source": "nominatim", "confidence": "medium", "Line": "Red Line", "Layout": "Elevated", "snap_offset_m": 1092.3394817068242, "station_id": "MAA086", "radius_m": 800, "buffer_area_m2": 2007391.033949412, "prediction": 7835.0, "rank_phase2": 2.0, "label_top15": 1}, "geometry": {"type": "Polygon", "coordinates": [[[80.18685525324703, 13.023359003377697], [80.18682204275477, 13.022649892078071], [80.1867181060783, 13.021947387068149], [80.1865444447743, 13.021258253806817], [80.1863027318476, 13.020589128920319], [80.18599529561816, 13.019946456291926], [80.18562509727903, 13.019336425009811], [80.18519570236268, 13.018764909770411], [80.18471124639062, 13.018237414311098], [80.1841763950379, 13.017759018416386], [80.1835962991963, 13.017334329007806], [80.1829765453692, 13.016967435787931], [80.18232310187575, 13.016661871865413], [80.18164226138225, 13.016420579739682], [80.18094058031384, 13.016245882972614], [80.18022481572953, 13.016139463819522], [80.17950186026766, 13.016102347034662], [80.17877867578784, 13.016134890006883], [80.17806222634724, 13.016236779320334], [80.1773594111562, 13.016407033773177], [80.1766769981577, 13.016644013825255], [80.1760215588695, 13.016945437383834], [80.17539940511574, 13.01730840177542], [80.17481652825661, 13.017729411692459], [80.17427854150058, 13.01820441284591], [80.1737906258543, 13.018728831000034], [80.17335748023058, 13.019297616013867], [80.17298327619466, 13.019905290465562], [80.17267161778445, 13.020546002391916], [80.17242550679218, 13.021213581635397], [80.17224731384208, 13.021901599256628], [80.17213875554295, 13.022603429440327], [80.17210087793664, 13.023312313298984], [80.17213404640233, 13.024021423959983], [80.17223794211479, 13.024723932309552], [80.17241156509156, 13.025413072760468], [80.1726532438007, 13.026082208410191], [80.17296065123722, 13.026724894961825], [80.17333082731454, 13.027334942792141], [80.17376020735574, 13.027906476568756], [80.1742446564109, 13.028433991841924], [80.17477950907083, 13.028912408065699], [80.1753596143935, 13.029337117537318], [80.17597938551117, 13.029704029783195], [80.17663285344024, 13.03000961096351], [80.17731372457534, 13.030250917915637], [80.1780154413138, 13.030425626507931], [80.17873124522585, 13.030532054030628], [80.17945424216177, 13.030569175407846], [80.18017746866815, 13.03053663307425], [80.18089395907278, 13.030434740421152], [80.18159681259104, 13.030264478778726], [80.1822792598071, 13.03002748796342], [80.18293472788824, 13.029726050481603], [80.18355690390379, 13.029363069541816], [80.18413979563807, 13.02894204108756], [80.184677789311, 13.028467020120251], [80.18516570365009, 13.027942581637063], [80.18559883979272, 13.027373776560196], [80.18597302653806, 13.0267660830825], [80.18628466051267, 13.026125353898347], [80.18653074086332, 13.025457759828466], [80.18670889814338, 13.024769730382015], [80.18681741711477, 13.024067891828711], [80.18685525324703, 13.023359003377697]]]}}, {"id": "87", "type": "Feature", "properties": {"railway": null, "station": null, "subway": null, "construction": null, "construction:railway": null, "public_transport": null, "network": null, "operator": null, "name": "Mandaveli", "name:en": null, "element": null, "id": null, "category": null, "city": "chennai", "index_right": null, "n_osm_nodes": null, "phase": "phase2", "position_source": "nominatim", "confidence": "medium", "Line": "Purple Line", "Layout": "Underground", "snap_offset_m": 255.78477960677267, "station_id": "MAA087", "radius_m": 800, "buffer_area_m2": 2007391.033949412, "prediction": 7054.0, "rank_phase2": 13.0, "label_top15": 1}, "geometry": {"type": "Polygon", "coordinates": [[[80.27209539437398, 13.024536101998617], [80.27206194077614, 13.02382698815894], [80.27195776158369, 13.023124503966695], [80.2717838606877, 13.022435414676496], [80.2715419133986, 13.021766356487634], [80.27123425029072, 13.021123772637972], [80.27086383473893, 13.020513851358144], [80.2704342343639, 13.019942466283302], [80.2699495866618, 13.019415119896063], [80.26941455914998, 13.018936890544852], [80.26883430441252, 13.018512383547607], [80.26821441047899, 13.018145686851273], [80.26756084701408, 13.017840331673664], [80.26687990783613, 13.017599258506333], [80.26617815031794, 13.017424788805465], [80.2654623322527, 13.017318602643035], [80.26473934679244, 13.017281722533216], [80.26401615608515, 13.01731450358945], [80.26329972424828, 13.017416630106922], [80.2625969503238, 13.017587118603178], [80.26191460185913, 13.017824327287585], [80.2612592497531, 13.018125971868622], [80.26063720499347, 13.018489147546783], [80.26005445789441, 13.018910356981612], [80.2595166204187, 13.0193855439638], [80.25902887213954, 13.01991013246843], [80.25859591036213, 13.02047907071364], [80.25822190488519, 13.021086879800805], [80.25791045783821, 13.021727706468301], [80.25766456898118, 13.022395379451149], [80.25748660680182, 13.023083468904197], [80.25737828568853, 13.02378534831695], [80.25734064940029, 13.024494258324056], [80.25737406099277, 13.025203371797172], [80.25747819929899, 13.025905859591518], [80.25765206199905, 13.02659495631406], [80.25789397525047, 13.02726402547988], [80.2582016097869, 13.027906623429285], [80.25857200333145, 13.028516561389791], [80.2590015891092, 13.029087965085216], [80.25948623018496, 13.029615331317366], [80.260021259296, 13.030093580975192], [80.26060152379678, 13.030518107960376], [80.26122143528254, 13.03088482355785], [80.26187502341408, 13.03119019582344], [80.26255599342512, 13.031431283608914], [80.26325778675796, 13.03160576489632], [80.26397364424311, 13.031711959168415], [80.26469667121358, 13.031748843599383], [80.26541990392624, 13.031716062909712], [80.26613637664933, 13.031613932790135], [80.26683918876972, 13.031443436861538], [80.26752157127211, 13.03120621720017], [80.26817695194958, 13.030904558519394], [80.26879901871645, 13.03054136616055], [80.26938178041279, 13.03012013810514], [80.26991962451484, 13.029644931278035], [80.27040737119479, 13.029120322466795], [80.27084032320887, 13.028551364233646], [80.27121431113356, 13.027943536245344], [80.27152573351393, 13.027302692489863], [80.27177159153786, 13.026635004888874], [80.27194951790257, 13.025946903849286], [80.27205779959597, 13.02524501632687], [80.27209539437398, 13.024536101998617]]]}}, {"id": "88", "type": "Feature", "properties": {"railway": null, "station": null, "subway": null, "construction": null, "construction:railway": null, "public_transport": null, "network": null, "operator": null, "name": "Medavakkam I", "name:en": null, "element": null, "id": null, "category": null, "city": "chennai", "index_right": null, "n_osm_nodes": null, "phase": "phase2", "position_source": "nominatim", "confidence": "medium", "Line": "Red Line", "Layout": "Elevated", "snap_offset_m": 81.32850240918742, "station_id": "MAA088", "radius_m": 800, "buffer_area_m2": 2007391.033949412, "prediction": 5803.0, "rank_phase2": 48.0, "label_top15": 0}, "geometry": {"type": "Polygon", "coordinates": [[[80.19409462019466, 12.919684805769684], [80.19406138488183, 12.918975689414527], [80.19395745291023, 12.918273183107585], [80.1937838257861, 12.917584052320594], [80.1935421761803, 12.916914933656797], [80.19323483179868, 12.916272270940777], [80.1928647529461, 12.915662253166877], [80.19243550400148, 12.91509075490339], [80.19195121907863, 12.914563279726382], [80.19141656220438, 12.914084907227384], [80.19083668239767, 12.913660244105024], [80.19021716408244, 12.91329337981112], [80.18956397331185, 12.912987847178023], [80.18888340032127, 12.912746588405895], [80.18818199896347, 12.912571926737183], [80.18746652360807, 12.912465544090624], [80.18674386411286, 12.912428464869919], [80.18602097949223, 12.912461046102731], [80.18530483092084, 12.912562974004857], [80.1846023147166, 12.912733267002462], [80.18392019594786, 12.912970285183373], [80.18326504330308, 12.913271746086389], [80.18264316584956, 12.913634746676758], [80.18206055228936, 12.914055791296363], [80.18152281329712, 12.914530825319767], [80.18103512749435, 12.915055274192335], [80.18060219158029, 12.915624087474853], [80.1802281750994, 12.91623178747084], [80.17991668028125, 12.916872521968815], [80.17967070733965, 12.917540120591811], [80.1794926255655, 12.91822815421201], [80.17938415049254, 12.918929996858626], [80.17934632735624, 12.919638889523096], [80.17937952100606, 12.920348005247423], [80.17948341236894, 12.921050514868952], [80.17965700149928, 12.92173965278858], [80.17989861718623, 12.922408782128958], [80.18020593302745, 12.923051458655197], [80.18057598981487, 12.923661492842253], [80.18100522401751, 12.92423300949107], [80.1814895020881, 12.924760504319053], [80.18202416026314, 12.925238896979488], [80.18260404947371, 12.92566357999896], [80.18322358493445, 12.926030463161013], [80.18387679993336, 12.926336012908207], [80.18455740330391, 12.926577286382694], [80.18525884002592, 12.926751959777016], [80.18597435437074, 12.92685835072184], [80.1866970549822, 12.92689543449456], [80.18741998126582, 12.926862853892576], [80.18813617044592, 12.926760922675864], [80.18883872464397, 12.926590622545621], [80.18952087733156, 12.92635359368813], [80.19017605851674, 12.92605211897489], [80.19079795803543, 12.925689101971367], [80.1913805863376, 12.925268038966431], [80.1919183321821, 12.924792985292056], [80.19240601668406, 12.924268516258044], [80.19283894319427, 12.92369968307842], [80.19321294252966, 12.92309196421428], [80.19352441311949, 12.922451212602207], [80.1937703556811, 12.921783599276859], [80.19394840209102, 12.921095553931048], [80.1940568381746, 12.920393702986166], [80.19409462019466, 12.919684805769684]]]}}, {"id": "89", "type": "Feature", "properties": {"railway": null, "station": null, "subway": null, "construction": null, "construction:railway": null, "public_transport": null, "network": null, "operator": null, "name": "Medavakkam II", "name:en": null, "element": null, "id": null, "category": null, "city": "chennai", "index_right": null, "n_osm_nodes": null, "phase": "phase2", "position_source": "nominatim", "confidence": "low", "Line": "Red Line", "Layout": "Elevated", "snap_offset_m": 497.9162820435863, "station_id": "MAA089", "radius_m": 800, "buffer_area_m2": 2007391.033949412, "prediction": 6302.0, "rank_phase2": 24.0, "label_top15": 0}, "geometry": {"type": "Polygon", "coordinates": [[[80.22526970794712, 12.901780428108252], [80.22523638383193, 12.901071309810357], [80.2251323684357, 12.900368810339529], [80.22495866406678, 12.899679695100406], [80.22471694413849, 12.899010600545402], [80.22440953703219, 12.898367970266087], [80.22403940365513, 12.89775799294379], [80.22361010890948, 12.897186542756922], [80.22312578734845, 12.896659122818509], [80.22259110335006, 12.896180812188364], [80.22201120619299, 12.895756216969815], [80.22139168046711, 12.89538942596154], [80.22073849229592, 12.895083971291127], [80.22005793188922, 12.894842794409152], [80.2193565529782, 12.894668217770777], [80.2186411097164, 12.894561922477305], [80.21791849165291, 12.894524932092667], [80.21719565740386, 12.894557602790472], [80.21647956765979, 12.894659619926307], [80.21577711817339, 12.894830001068222], [80.215095073372, 12.895067105456254], [80.21444000123338, 12.895368649799842], [80.21381821005129, 12.895731730261252], [80.21323568769868, 12.896152850413488], [80.21269804397363, 12.896627954903739], [80.21221045658176, 12.897152468498474], [80.211777621276, 12.897721340134622], [80.21140370663316, 12.898329091552933], [80.21109231390298, 12.898969870045667], [80.21084644231674, 12.899637504810936], [80.21066846018954, 12.900325566371494], [80.21056008209543, 12.901027428486014], [80.21052235233552, 12.90173633195695], [80.21055563485923, 12.902445449720762], [80.2106596097367, 12.903147952593764], [80.21083327621658, 12.90383707504058], [80.21107496234168, 12.904506180331788], [80.21138234102966, 12.905148824463256], [80.21175245246538, 12.90575881822131], [80.21218173258981, 12.906330286795926], [80.2126660474117, 12.906857726367447], [80.213200732812, 12.907336057121572], [80.21378063945807, 12.907760672181618], [80.21440018239548, 12.908127481986407], [80.21505339483926, 12.908432953686017], [80.21573398564685, 12.908674145175446], [80.21643539991872, 12.908848733438182], [80.21715088214249, 12.908955036926194], [80.21787354127177, 12.908992031760642], [80.21859641711227, 12.908959361596917], [80.21931254737513, 12.90885734105891], [80.22001503475055, 12.908686952709305], [80.22069711335513, 12.908449837585062], [80.22135221391206, 12.908148279389325], [80.22197402703551, 12.907785182492159], [80.22255656400931, 12.907364043952171], [80.2230942144735, 12.906888919828816], [80.2235818004635, 12.906364386110104], [80.22401462628022, 12.905795494632459], [80.22438852371155, 12.90518772441763], [80.22469989216914, 12.904546928895702], [80.2249457333545, 12.90387927952298], [80.22512368012082, 12.903191206338061], [80.22523201925297, 12.902489336029003], [80.22526970794712, 12.901780428108252]]]}}, {"id": "90", "type": "Feature", "properties": {"railway": null, "station": null, "subway": null, "construction": null, "construction:railway": null, "public_transport": null, "network": null, "operator": null, "name": "Mettukuppam", "name:en": null, "element": null, "id": null, "category": null, "city": "chennai", "index_right": null, "n_osm_nodes": null, "phase": "phase2", "position_source": "nominatim", "confidence": "low", "Line": "Purple Line", "Layout": "Elevated", "snap_offset_m": null, "station_id": "MAA090", "radius_m": 800, "buffer_area_m2": 2007391.033949412, "prediction": 5592.0, "rank_phase2": 59.0, "label_top15": 0}, "geometry": {"type": "Polygon", "coordinates": [[[80.24859088639569, 13.073329264695467], [80.24855750116022, 13.072620153702614], [80.24845337611356, 13.071917665132805], [80.24827951462807, 13.071228564283528], [80.2480375916373, 13.07055948746582], [80.24772993748424, 13.069916878097095], [80.24735951546002, 13.069306924653565], [80.2469298932498, 13.068735501079681], [80.24644520856194, 13.06820811022805], [80.24591012927137, 13.067729830874322], [80.24532980846176, 13.067305268816764], [80.24470983479947, 13.066938512531202], [80.24405617871685, 13.066633093807814], [80.24337513492361, 13.066391953748587], [80.24267326179893, 13.06621741445235], [80.24195731824769, 13.066111156659844], [80.24123419862848, 13.066074203573697], [80.24051086637897, 13.066106911008973], [80.23979428697722, 13.066208963968883], [80.23909136088359, 13.06637937967865], [80.23840885710825, 13.066616517048189], [80.23775334804316, 13.066918092472644], [80.23713114618518, 13.067281201818696], [80.23654824335921, 13.067702348385174], [80.23601025302592, 13.068177476568986], [80.2355223562292, 13.06870201091248], [80.2350892517036, 13.069270900156601], [80.23471511062218, 13.069878665876036], [80.23440353642042, 13.070519455228313], [80.23415753008358, 13.071187097309366], [80.23397946123185, 13.071875162573201], [80.23387104528261, 13.072577024743769], [80.2338333269101, 13.073285924623134], [80.23386666996285, 13.073995035181687], [80.23397075393653, 13.074697527303691], [80.23414457703716, 13.075386635555148], [80.23438646580631, 13.076055723340557], [80.23469409121611, 13.07669834682103], [80.23506449108004, 13.077308316978037], [80.2354940985645, 13.077879759224851], [80.23597877652709, 13.07840716999126], [80.23651385735128, 13.078885469736313], [80.23709418789447, 13.079310051878107], [80.23771417911628, 13.079676827169], [80.23836785990953, 13.079982263088436], [80.23904893461487, 13.080223417873606], [80.23975084366526, 13.080397968859765], [80.24046682677515, 13.080504234856939], [80.24118998806573, 13.080541192347187], [80.24191336249795, 13.080508485346215], [80.24262998297272, 13.080406428834113], [80.24333294745121, 13.080236005722169], [80.24401548544816, 13.079998857384929], [80.2446710232565, 13.079697267848726], [80.24529324727479, 13.079334141789191], [80.24587616482651, 13.078912976549782], [80.24641416188507, 13.078437828451193], [80.24690205714818, 13.077913273716375], [80.24733515194018, 13.077344364388015], [80.24770927546209, 13.076736579663251], [80.24802082495322, 13.076095773114927], [80.24826680037793, 13.075428116307933], [80.24844483330396, 13.074740039354175], [80.24855320969458, 13.074038168978943], [80.24859088639569, 13.073329264695467]]]}}, {"id": "91", "type": "Feature", "properties": {"railway": null, "station": null, "subway": null, "construction": null, "construction:railway": null, "public_transport": null, "network": null, "operator": null, "name": "Moolakadai", "name:en": null, "element": null, "id": null, "category": null, "city": "chennai", "index_right": null, "n_osm_nodes": null, "phase": "phase2", "position_source": "nominatim", "confidence": "medium", "Line": "Purple Line", "Layout": "Underground", "snap_offset_m": 42.35509681800983, "station_id": "MAA091", "radius_m": 800, "buffer_area_m2": 2007391.033949412, "prediction": 4219.0, "rank_phase2": 94.0, "label_top15": 0}, "geometry": {"type": "Polygon", "coordinates": [[[80.24870121243666, 13.12909427952021], [80.24866782836324, 13.12838517115221], [80.24856368847244, 13.127682684346942], [80.24838979628228, 13.126993584384538], [80.24814782702451, 13.126324507566883], [80.24784011148986, 13.125681897310574], [80.24746961356243, 13.125071942099375], [80.24703990165973, 13.124500515893622], [80.24655511435473, 13.123973121570046], [80.24601992051092, 13.123494837936443], [80.24543947431495, 13.123070270831011], [80.2448193656399, 13.122703508776956], [80.2441655662171, 13.122398083618881], [80.24348437213492, 13.122156936519737], [80.24278234321771, 13.121982389645334], [80.24206623986828, 13.121876123808782], [80.24134295798149, 13.121839162289806], [80.24061946255492, 13.12187186098455], [80.23990272063527, 13.121973904980528], [80.2391996342454, 13.122144311589663], [80.2385169739367, 13.122381439810114], [80.23786131360642, 13.12268300612596], [80.2372389672064, 13.123046106492597], [80.23665592795219, 13.123467244296465], [80.23611781061751, 13.123942364020087], [80.23562979746904, 13.124466890288577], [80.2351965883621, 13.125035771921931], [80.23482235547772, 13.125643530569363], [80.2345107031368, 13.126284313457644], [80.2342646330789, 13.126951949745962], [80.23408651554001, 13.127640009944932], [80.2339780664089, 13.128341867827888], [80.23394033068202, 13.129050764238563], [80.23397367237786, 13.129759872180886], [80.23407777100793, 13.130462362564186], [80.23425162463984, 13.131151469970842], [80.23449355952364, 13.131820557812881], [80.23480124618949, 13.132463182250055], [80.23517172186278, 13.133073154253628], [80.23560141898118, 13.133644599217945], [80.2360861995399, 13.134172013545397], [80.23662139493466, 13.134650317659455], [80.23720185091923, 13.135074904934852], [80.23782197724438, 13.135441686073273], [80.23847580150046, 13.135747128496718], [80.23915702664482, 13.135988290378727], [80.23985909165935, 13.1361628489854], [80.24057523475408, 13.136269123052756], [80.24129855850674, 13.136306088984773], [80.24202209631089, 13.13627339071571], [80.24273887949124, 13.136171343141697], [80.24344200443936, 13.136000929088311], [80.24412469912207, 13.135763789843473], [80.24478038832112, 13.135462209346763], [80.2454027569753, 13.135099092187753], [80.24598581101378, 13.134677935625321], [80.24652393509476, 13.134202795897819], [80.24701194669227, 13.133678249148883], [80.2474451460106, 13.13310934734556], [80.2478193612449, 13.13250156961376], [80.24813098875251, 13.131860769460115], [80.24837702774826, 13.131193118388927], [80.24855510918982, 13.13050504645769], [80.24866351857565, 13.129803180343929], [80.24870121243666, 13.12909427952021]]]}}, {"id": "92", "type": "Feature", "properties": {"railway": null, "station": null, "subway": null, "construction": null, "construction:railway": null, "public_transport": null, "network": null, "operator": null, "name": "Mugalivakkam", "name:en": null, "element": null, "id": null, "category": null, "city": "chennai", "index_right": null, "n_osm_nodes": null, "phase": "phase2", "position_source": "nominatim", "confidence": "medium", "Line": "Red Line", "Layout": "Elevated", "snap_offset_m": 853.0946069930777, "station_id": "MAA092", "radius_m": 800, "buffer_area_m2": 2007391.033949412, "prediction": 6431.0, "rank_phase2": 19.0, "label_top15": 0}, "geometry": {"type": "Polygon", "coordinates": [[[80.17978632247747, 13.027306220702], [80.17975313232061, 13.02659710987052], [80.17964921478337, 13.025894603320884], [80.17947557123836, 13.025205466527078], [80.17923387451975, 13.024536336149625], [80.17892645279176, 13.023893656124873], [80.17855626710822, 13.023283615612355], [80.17812688288008, 13.022712089397489], [80.17764243552634, 13.022184581323355], [80.17710759063937, 13.021706171295895], [80.17652749904907, 13.021281466372622], [80.17590774721815, 13.020914556405359], [80.17525430344672, 13.020608974663805], [80.17457346040392, 13.020367663818721], [80.17387177453953, 13.02019294761195], [80.17315600295873, 13.0200865084857], [80.17243303836716, 13.02004937138623], [80.17170984271218, 13.020081893897702], [80.17099338015836, 13.020183762800999], [80.17029055004207, 13.020353997090552], [80.16960812044964, 13.02059095742015], [80.1689526630583, 13.020892361886785], [80.16833048986614, 13.021255308000704], [80.16774759242014, 13.021676300630297], [80.16720958412662, 13.022151285652996], [80.16672164619929, 13.02267568898847], [80.16628847776524, 13.023244460638587], [80.16591425060906, 13.023852123310375], [80.16560256899112, 13.024492825154308], [80.16535643492702, 13.025160396110243], [80.1651782192631, 13.025848407318904], [80.16506963882689, 13.026550233027107], [80.16503173987356, 13.027259114390777], [80.16506488798798, 13.027968224561667], [80.16516876454119, 13.028670734431033], [80.16534236973551, 13.029359878397308], [80.16558403221059, 13.030029019524344], [80.16589142511816, 13.03067171346268], [80.16626158851197, 13.031281770518106], [80.16669095783763, 13.031853315269458], [80.16717539824886, 13.032380843161318], [80.16771024442001, 13.032859273526157], [80.1682903454719, 13.033283998524904], [80.16891011457822, 13.03365092753425], [80.16956358277494, 13.033956526552723], [80.1702444564543, 13.034197852245608], [80.17094617798915, 13.034372580300483], [80.17166198890354, 13.03447902781982], [80.17238499498022, 13.034516169534813], [80.17310823267762, 13.034483647683931], [80.17382473621548, 13.034381775460906], [80.17452760468247, 13.034211533998883], [80.17521006851841, 13.033974562919706], [80.17586555473017, 13.033673144539481], [80.17648775021206, 13.033310181882657], [80.17707066256055, 13.032889170716574], [80.1776086777966, 13.032414165876151], [80.17809661443972, 13.031889742203294], [80.17852977341217, 13.03132095047771], [80.17890398329295, 13.030713268763835], [80.1792156404856, 13.03007254964299], [80.17946174391315, 13.029404963839252], [80.17963992390662, 13.02871694078248], [80.17974846500924, 13.028015106681195], [80.17978632247747, 13.027306220702]]]}}, {"id": "93", "type": "Feature", "properties": {"railway": null, "station": null, "subway": null, "construction": null, "construction:railway": null, "public_transport": null, "network": null, "operator": null, "name": "Natesan Nagar", "name:en": null, "element": null, "id": null, "category": null, "city": "chennai", "index_right": null, "n_osm_nodes": null, "phase": "phase2", "position_source": "nominatim", "confidence": "medium", "Line": "Red Line", "Layout": "Elevated", "snap_offset_m": 2443.6614888722743, "station_id": "MAA093", "radius_m": 800, "buffer_area_m2": 2007391.033949412, "prediction": 6705.0, "rank_phase2": 17.0, "label_top15": 0}, "geometry": {"type": "Polygon", "coordinates": [[[80.19953151712566, 13.047191766717804], [80.1994982713852, 13.04648265603697], [80.19939429278172, 13.045780154718283], [80.19922058327666, 13.045091028184364], [80.19897881633989, 13.044421912995894], [80.19867132081197, 13.043779252941954], [80.1983010584574, 13.043169236988799], [80.19787159542514, 13.042597739684496], [80.19738706789249, 13.042070264592978], [80.19685214222315, 13.041591891302007], [80.1962719700239, 13.041167226514911], [80.19565213853254, 13.040800359696808], [80.19499861681506, 13.040494823701852], [80.19431769828984, 13.04025356076046], [80.19361594013222, 13.04007889415354], [80.19290010014224, 13.039972505846206], [80.19217707168312, 13.039935420296032], [80.19145381731619, 13.039967994591597], [80.19073730177054, 13.040069915016014], [80.19003442489218, 13.040240200068553], [80.18935195521735, 13.040477209915137], [80.18869646480911, 13.040778662176892], [80.18807426598363, 13.041141653904702], [80.18749135053513, 13.041562689528511], [80.18695333204393, 13.04203771451241], [80.18646539182281, 13.042562154391774], [80.18603222902198, 13.0431309588169], [80.18565801537304, 13.043738650179373], [80.1853463550076, 13.044379376353337], [80.18510024973796, 13.045046967044117], [80.18492207013452, 13.045734993201995], [80.18481353267896, 13.04643682892922], [80.18477568321367, 13.047145715284504], [80.18480888684813, 13.047854825370667], [80.18491282441956, 13.04855733007883], [80.18508649554333, 13.049246463856138], [80.18532822822458, 13.049915589863529], [80.18563569493912, 13.050558263896177], [80.1860059350298, 13.051168296450614], [80.18643538320318, 13.051739812340807], [80.18691990385304, 13.052267307288576], [80.18745483088014, 13.052745700943088], [80.18803501262555, 13.053170385818461], [80.18865486148458, 13.0535372716776], [80.18930840772386, 13.053842824934609], [80.1899893569826, 13.054084102695699], [80.1906911509044, 13.05425878111045], [80.19140703031486, 13.054365177759983], [80.1921301003358, 13.054402267866132], [80.19285339680874, 13.054369694165242], [80.19356995338644, 13.054267770351338], [80.19427286864611, 13.05409747805542], [80.19495537257646, 13.053860457389906], [80.19561089179807, 13.053558991149451], [80.19623311288746, 13.053195982820355], [80.19681604319481, 13.052774928610653], [80.19735406856881, 13.052299883770505], [80.19784200743219, 13.0517754235276], [80.19827516068685, 13.051206599014193], [80.1986493569681, 13.050598888610686], [80.19896099281178, 13.049958145174678], [80.1992070673479, 13.049290539664193], [80.19938521118712, 13.048602501698488], [80.19949370922222, 13.047900657629064], [80.19953151712566, 13.047191766717804]]]}}, {"id": "94", "type": "Feature", "properties": {"railway": null, "station": null, "subway": null, "construction": null, "construction:railway": null, "public_transport": null, "network": null, "operator": null, "name": "Nehru Nagar", "name:en": null, "element": null, "id": null, "category": null, "city": "chennai", "index_right": null, "n_osm_nodes": null, "phase": "phase2", "position_source": "nominatim", "confidence": "low", "Line": "Purple Line", "Layout": "Elevated", "snap_offset_m": null, "station_id": "MAA094", "radius_m": 800, "buffer_area_m2": 2007391.033949412, "prediction": 5810.0, "rank_phase2": 46.0, "label_top15": 0}, "geometry": {"type": "Polygon", "coordinates": [[[80.24883736367201, 13.14970728129449], [80.24880397974441, 13.148998173897484], [80.24869983406528, 13.148295687771693], [80.2485259302094, 13.147606588190555], [80.24828394352178, 13.146937511452068], [80.24797620496187, 13.146294900971748], [80.24760567863612, 13.145684945235157], [80.24717593323604, 13.145113518207259], [80.2466911076575, 13.144586122772253], [80.24615587113273, 13.144107837748157], [80.2455753782593, 13.143683268986095], [80.24495521935951, 13.143316505024766], [80.2443013666479, 13.143011077726722], [80.24362011672538, 13.14276992827516], [80.2429180299533, 13.142595378858237], [80.24220186729072, 13.14248911031334], [80.2414785252027, 13.142452145946141], [80.24075496926554, 13.142484841680153], [80.24003816710773, 13.142586882631472], [80.23933502133116, 13.142757286141483], [80.23865230305827, 13.142994411238412], [80.23799658674375, 13.143295974436727], [80.23737418687789, 13.143659071722217], [80.23679109719069, 13.144080206511417], [80.23625293294126, 13.144555323316345], [80.23576487684794, 13.145079846790695], [80.23533162917977, 13.14564872578185], [80.23495736248942, 13.146256481964913], [80.23464568142388, 13.146897262590823], [80.23439958799996, 13.147564896840917], [80.23422145267952, 13.148252955245733], [80.23411299152343, 13.148954811596107], [80.23407524964502, 13.149663706750674], [80.234108591123, 13.15037281372549], [80.23421269547205, 13.151075303439164], [80.23438656070572, 13.151764410480377], [80.23462851296317, 13.152433498264452], [80.23493622260813, 13.153076122951381], [80.2353067266453, 13.15368609550967], [80.23573645723974, 13.154257541327887], [80.23622127606453, 13.154784956799745], [80.236756514147, 13.155263262337217], [80.2373370168297, 13.155687851300863], [80.23795719341338, 13.156054634375643], [80.23861107100392, 13.156360078964493], [80.23929235204429, 13.15660124321974], [80.23999447497735, 13.156775804384317], [80.24071067745439, 13.156882081169394], [80.24143406148026, 13.156919049952636], [80.24215765986703, 13.15688635464081], [80.24287450335493, 13.156784310101605], [80.24357768775373, 13.156613899131523], [80.24426044045676, 13.156376762989009], [80.24491618568625, 13.156075185584077], [80.24553860784067, 13.1557120714769], [80.24612171233352, 13.155290917897375], [80.2466598833367, 13.154815781055591], [80.24714793787233, 13.154291237067866], [80.24758117573121, 13.153722337875134], [80.24795542473767, 13.15311456257861], [80.2482670809243, 13.152473764661899], [80.24851314323034, 13.151806115608128], [80.24869124238981, 13.151118045455656], [80.24879966373146, 13.150416180865097], [80.24883736367201, 13.14970728129449]]]}}, {"id": "95", "type": "Feature", "properties": {"railway": null, "station": null, "subway": null, "construction": null, "construction:railway": null, "public_transport": null, "network": null, "operator": null, "name": "Nungambakkam", "name:en": null, "element": null, "id": null, "category": null, "city": "chennai", "index_right": null, "n_osm_nodes": null, "phase": "phase2", "position_source": "nominatim", "confidence": "low", "Line": "Purple Line", "Layout": "Underground", "snap_offset_m": 388.1278238739213, "station_id": "MAA095", "radius_m": 800, "buffer_area_m2": 2007391.033949412, "prediction": 4389.0, "rank_phase2": 93.0, "label_top15": 0}, "geometry": {"type": "Polygon", "coordinates": [[[80.25099840690895, 13.063781980530274], [80.25096501452842, 13.063072869027117], [80.25086088509725, 13.062370380761642], [80.25068702202955, 13.061681281028383], [80.25044510027362, 13.061012206127625], [80.25013745016012, 13.060369599458367], [80.24976703494085, 13.059759649470934], [80.24933742223512, 13.059188230076623], [80.24885274965948, 13.058660844087978], [80.24831768497204, 13.058182570234017], [80.2477373811158, 13.057758014260273], [80.2471174265938, 13.057391264584211], [80.24646379165424, 13.057085852932627], [80.2457827708034, 13.056844720339628], [80.24508092219976, 13.056670188832365], [80.24436500451249, 13.056563939076776], [80.24364191185146, 13.05652699419826], [80.24291860739521, 13.056559709932957], [80.24220205635461, 13.05666177120426], [80.2414991589174, 13.05683219515738], [80.24081668381827, 13.05706934062284], [80.24016120317341, 13.05737092391777], [80.23953902920641, 13.057734040832951], [80.23895615347392, 13.058155194594178], [80.23841818917593, 13.058630329528887], [80.23793031710575, 13.059154870114206], [80.2374972357599, 13.059723765030745], [80.23712311608816, 13.06033153579831], [80.23681156131973, 13.060972329525573], [80.2365655722525, 13.061639975266088], [80.23638751834004, 13.062328043438397], [80.2362791148555, 13.063029907738237], [80.23624140635269, 13.06373880894699], [80.23627475658458, 13.064447920022113], [80.23637884497718, 13.065150411842811], [80.23655266969354, 13.065839518977933], [80.23679455725915, 13.066508604842742], [80.23710217865725, 13.0671512256169], [80.23747257173959, 13.067761192308032], [80.23790216973755, 13.068332630362931], [80.2383868355998, 13.068860036251937], [80.23892190182619, 13.069338330481276], [80.23950221541462, 13.069762906522396], [80.24012218748803, 13.070129675186648], [80.24077584712373, 13.070435104017543], [80.24145689886637, 13.070676251320778], [80.24215878337034, 13.07085079450389], [80.24287474058686, 13.070957052452256], [80.24359787488689, 13.070994001725623], [80.2443212214918, 13.07096128641896], [80.24503781357095, 13.070859221592434], [80.2457407493595, 13.070688790237451], [80.24642325864896, 13.070451633807936], [80.2470787680092, 13.07015003640811], [80.24770096411314, 13.069786902789229], [80.24828385455342, 13.069365730367412], [80.24882182556482, 13.068890575532341], [80.24930969609603, 13.068366014571648], [80.2497427677097, 13.067797099587734], [80.25011686983002, 13.067189309831974], [80.2504283999023, 13.066548498925403], [80.25067435807773, 13.065880838474653], [80.25085237608985, 13.065192758626495], [80.25096074004516, 13.06449088613388], [80.25099840690895, 13.063781980530274]]]}}, {"id": "96", "type": "Feature", "properties": {"railway": null, "station": null, "subway": null, "construction": null, "construction:railway": null, "public_transport": null, "network": null, "operator": null, "name": "Okkiyam Thoraipakkam", "name:en": null, "element": null, "id": null, "category": null, "city": "chennai", "index_right": null, "n_osm_nodes": null, "phase": "phase2", "position_source": "nominatim", "confidence": "medium", "Line": "Purple Line", "Layout": "Elevated", "snap_offset_m": 149.685218432909, "station_id": "MAA096", "radius_m": 800, "buffer_area_m2": 2007391.033949412, "prediction": 5756.0, "rank_phase2": 50.0, "label_top15": 0}, "geometry": {"type": "Polygon", "coordinates": [[[80.23981709970967, 12.932653732689975], [80.23978373544095, 12.93194461537012], [80.23967967131814, 12.931242120331401], [80.23950591012017, 12.930553012934922], [80.2392641258087, 12.929883929556652], [80.23895664738589, 12.929241313679537], [80.23858643644627, 12.928631353845244], [80.2381570586391, 12.928059924062806], [80.23767264931726, 12.92753252724786], [80.23713787370346, 12.927054242236755], [80.23655788195784, 12.92662967488544], [80.23593825958004, 12.926262913723724], [80.23528497362305, 12.925957490591436], [80.23460431523685, 12.925716346635289], [80.2339028390946, 12.925541803993408], [80.23318730028448, 12.925435543439944], [80.23246458927412, 12.925398588204697], [80.23174166557311, 12.925431294123351], [80.23102549073201, 12.925533346213031], [80.23032296132173, 12.925703761706021], [80.22964084253826, 12.925940899512451], [80.22898570307112, 12.926242476020896], [80.228363851862, 12.926605587084842], [80.22778127736186, 12.927026735983516], [80.22724358987115, 12.927501867088148], [80.22675596751756, 12.928026404909668], [80.22632310639158, 12.928595298152345], [80.22594917531977, 12.929203068349343], [80.22563777571148, 12.929843862612385], [80.22539190686572, 12.930511509987843], [80.2252139370729, 12.931199580876973], [80.22510558078996, 12.931901448948352], [80.22506788210964, 12.932610354946641], [80.22510120468372, 12.933319471783369], [80.22520522819805, 12.934021970283037], [80.22537895143425, 12.934711084951548], [80.22562070188954, 12.935380179133466], [80.2259281518628, 12.936022808930666], [80.22629834085284, 12.936632785266552], [80.22672770405384, 12.937204233497926], [80.2272121066743, 12.937731650000181], [80.22774688374903, 12.938209955180394], [80.22832688506172, 12.938634542407526], [80.22894652474507, 12.939001322387952], [80.22959983508107, 12.939306762558655], [80.23028052398286, 12.939547921118137], [80.23098203560458, 12.939722475367079], [80.23169761349459, 12.93982874408528], [80.23242036568347, 12.939865703729174], [80.2331433310791, 12.93983299829365], [80.2338595465287, 12.939730942743015], [80.23456211390075, 12.939560519977997], [80.2352442665404, 12.93932337136792], [80.2358994344571, 12.939021780939385], [80.23652130761583, 12.938658653373857], [80.23710389672209, 12.938237486026237], [80.23764159091418, 12.9377623352343], [80.23812921180685, 12.93723777724367], [80.23856206336576, 12.93666886412518], [80.23893597713203, 12.936061075109468], [80.2392473523613, 12.935420263808018], [80.23949319069146, 12.934752601829219], [80.23967112500482, 12.93406451933303], [80.23977944220786, 12.933362643096912], [80.23981709970967, 12.932653732689975]]]}}, {"id": "97", "type": "Feature", "properties": {"railway": null, "station": null, "subway": null, "construction": null, "construction:railway": null, "public_transport": null, "network": null, "operator": null, "name": "Otteri", "name:en": null, "element": null, "id": null, "category": null, "city": "chennai", "index_right": null, "n_osm_nodes": null, "phase": "phase2", "position_source": "nominatim", "confidence": "medium", "Line": "Purple Line", "Layout": "Underground", "snap_offset_m": 54.241345307576246, "station_id": "MAA097", "radius_m": 800, "buffer_area_m2": 2007391.033949412, "prediction": 5667.0, "rank_phase2": 55.0, "label_top15": 0}, "geometry": {"type": "Polygon", "coordinates": [[[80.255995187639, 13.09745834098088], [80.25596178180595, 13.09674923094043], [80.25585762932967, 13.096046744979029], [80.25568373384776, 13.095357648368566], [80.25544177062206, 13.094688577378696], [80.25513407038379, 13.094045975370076], [80.25476359686836, 13.093436030747403], [80.25433391825716, 13.092864617369512], [80.25384917280167, 13.092337237990195], [80.25331402896184, 13.09185897127402], [80.25273364044254, 13.09143442289702], [80.25211359656147, 13.091067681202826], [80.25145986842638, 13.090762277840772], [80.25077875143982, 13.090521153764684], [80.25007680468468, 13.090346630919367], [80.24936078777371, 13.090240389887162], [80.24863759577073, 13.090203453709458], [80.24791419280925, 13.090236178038747], [80.24719754504711, 13.09033824771595], [80.246494553602, 13.090508679805767], [80.24581198811254, 13.090745833060934], [80.24515642156427, 13.091047423724225], [80.2445341670072, 13.091410547516208], [80.24395121677344, 13.091831707597244], [80.24341318478022, 13.092306848234722], [80.24292525247287, 13.092831393851649], [80.24249211892841, 13.093400293080924], [80.24211795560002, 13.094008067401507], [80.24180636613836, 13.094648863888434], [80.2415603516767, 13.095316511569141], [80.24138228191461, 13.096004580843804], [80.24127387227949, 13.096706445397714], [80.24123616738608, 13.097415346009818], [80.24126953095431, 13.098124455643164], [80.24137364228346, 13.098826945190547], [80.24154749931719, 13.09951604924227], [80.24178942827119, 13.100185131242712], [80.24209709973128, 13.10082774740809], [80.24246755106797, 13.101437708789664], [80.24289721495222, 13.102009140884567], [80.24338195369849, 13.102536540219727], [80.24391709910465, 13.10301482736368], [80.24449749740562, 13.103439395855363], [80.24511755890782, 13.103806156578152], [80.24577131182633, 13.104111577151452], [80.24645245980618, 13.104352715960024], [80.24715444257343, 13.104527250492902], [80.2478704991314, 13.104633499718592], [80.24859373289266, 13.104670440280834], [80.24931717811896, 13.104637716358646], [80.25003386702821, 13.104535643095462], [80.25073689692151, 13.104365203564386], [80.25141949668267, 13.104128039298644], [80.25207509200912, 13.103826434478599], [80.25269736874493, 13.103463293927712], [80.25328033370565, 13.103042115129659], [80.25381837240809, 13.102566954536341], [80.25430630314911, 13.10204238849164], [80.25473942691191, 13.10147346914768], [80.25511357261915, 13.100865675798499], [80.25542513729738, 13.100224862100324], [80.25567112076577, 13.099557199687135], [80.25584915451574, 13.098869118724915], [80.25595752450386, 13.098167245977521], [80.255995187639, 13.09745834098088]]]}}, {"id": "98", "type": "Feature", "properties": {"railway": null, "station": null, "subway": null, "construction": null, "construction:railway": null, "public_transport": null, "network": null, "operator": null, "name": "PTC Colony", "name:en": null, "element": null, "id": null, "category": null, "city": "chennai", "index_right": null, "n_osm_nodes": null, "phase": "phase2", "position_source": "nominatim", "confidence": "medium", "Line": "Purple Line", "Layout": "Elevated", "snap_offset_m": 481.9900340782859, "station_id": "MAA098", "radius_m": 800, "buffer_area_m2": 2007391.033949412, "prediction": 6004.0, "rank_phase2": 38.0, "label_top15": 0}, "geometry": {"type": "Polygon", "coordinates": [[[80.25998699830997, 12.97847988792904], [80.25995357809612, 12.977770772204128], [80.25984944525706, 12.977068283531736], [80.25967560323546, 12.976379187210474], [80.2594337267729, 12.975710119508326], [80.25912614576019, 12.975067523755882], [80.25875582278057, 12.97445758829958], [80.25832632456259, 12.973886186912319], [80.25784178761846, 12.973358822234971], [80.25730687839922, 12.972880572793239], [80.25672674835052, 12.972456044099548], [80.25610698430233, 12.972089324310655], [80.25545355467007, 12.971783944867449], [80.25477275198513, 12.97154284649565], [80.25407113230798, 12.97136835089442], [80.2533554521066, 12.9712621383852], [80.25263260320777, 12.971225231735666], [80.25190954644668, 12.971257986314411], [80.25119324465307, 12.971360086670963], [80.25049059561853, 12.971530549573961], [80.24980836568956, 12.971767733478266], [80.24915312462483, 12.972069354329902], [80.24853118234377, 12.97243250755671], [80.2479485281742, 12.972853696033248], [80.24741077318409, 12.973328863750865], [80.24692309615189, 12.973853434869058], [80.24649019369586, 12.974422357772387], [80.24611623504224, 12.975030153709124], [80.2458048218679, 12.975670969543613], [80.2455589536048, 12.976338634114716], [80.24538099854006, 12.977026717658042], [80.24527267099133, 12.977728593720002], [80.24523501477712, 12.978437502967719], [80.24526839314264, 12.97914661828061], [80.24537248523863, 12.979849110496849], [80.24554628918818, 12.980538214181632], [80.24578813171281, 12.981207292784001], [80.24609568422588, 12.981849902554478], [80.24646598523941, 12.982459854607912], [80.24689546886898, 12.983031274533603], [80.24737999916302, 12.98355865897824], [80.24791490992602, 12.984036928656485], [80.24849504965303, 12.984461477278229], [80.24911483114215, 12.984828215920892], [80.2497682853077, 12.985133612419052], [80.25044911867548, 12.985374725391564], [80.25115077400594, 12.985549232578176], [80.25186649346091, 12.98565545321223], [80.25258938370513, 12.985692364213817], [80.25331248231457, 12.98565961004709], [80.25402882485125, 12.985557506146693], [80.25473151195781, 12.985387035880176], [80.25541377582475, 12.985149841075645], [80.25606904538911, 12.984848206205978], [80.25669100963626, 12.984485036382031], [80.25727367839423, 12.984063829367068], [80.25781144003444, 12.983588641882159], [80.25829911552287, 12.983064050527458], [80.25873200830058, 12.982495107696078], [80.2591059495133, 12.981887292905567], [80.25941733815432, 12.98124646001613], [80.25966317573459, 12.980578780844311], [80.25984109514603, 12.979890685715604], [80.25994938344117, 12.97918880152881], [80.25998699830997, 12.97847988792904]]]}}, {"id": "99", "type": "Feature", "properties": {"railway": null, "station": null, "subway": null, "construction": null, "construction:railway": null, "public_transport": null, "network": null, "operator": null, "name": "Pattalam", "name:en": null, "element": null, "id": null, "category": null, "city": "chennai", "index_right": null, "n_osm_nodes": null, "phase": "phase2", "position_source": "nominatim", "confidence": "medium", "Line": "Purple Line", "Layout": "Underground", "snap_offset_m": 164.08405984168584, "station_id": "MAA099", "radius_m": 800, "buffer_area_m2": 2007391.033949412, "prediction": 5298.0, "rank_phase2": 82.0, "label_top15": 0}, "geometry": {"type": "Polygon", "coordinates": [[[80.26641751488006, 13.096808692744208], [80.26638407913339, 13.096099582435556], [80.26627989705183, 13.095397099089478], [80.26610597255791, 13.094708007952216], [80.2658639811926, 13.094038945240294], [80.26555625395777, 13.093396354234285], [80.26518575484842, 13.09278642323263], [80.26475605229194, 13.09221502596277], [80.26427128476992, 13.091687665023237], [80.26373612095432, 13.091209418900972], [80.26315571474184, 13.090784893073744], [80.26253565562013, 13.090418175668168], [80.26188191484324, 13.090112798099893], [80.26120078793511, 13.089871701074653], [80.26049883407386, 13.089697206277124], [80.25978281294046, 13.089590994019954], [80.25905961963927, 13.089554087067876], [80.25833621831629, 13.089586840792407], [80.25761957511365, 13.089688939751849], [80.25691659110528, 13.089859400729356], [80.25623403585848, 13.090096582199878], [80.2555784822605, 13.090398200134828], [80.254956243237, 13.090761349992425], [80.25437331097102, 13.091182534682225], [80.25383529920722, 13.091657698234744], [80.25334738919665, 13.092182264852347], [80.25291427980206, 13.092751182965632], [80.25254014224461, 13.093358973871535], [80.25222857992718, 13.093999784485131], [80.25198259372196, 13.094667443697501], [80.25180455305679, 13.095355521797378], [80.25169617307901, 13.096057392384646], [80.25165849811789, 13.096766296179668], [80.25169189160512, 13.097475406114377], [80.25179603255175, 13.098177893078171], [80.25196991861606, 13.098866991685785], [80.25221187573386, 13.099536065433611], [80.25251957421942, 13.100178670616971], [80.25289005118255, 13.100788618392604], [80.25331973904694, 13.101360034388447], [80.25380449989561, 13.101887415286344], [80.25433966531304, 13.102365681832358], [80.25492008134094, 13.102790227763853], [80.25554015811454, 13.103156964181618], [80.25619392370136, 13.103462358939375], [80.25687508162407, 13.103703470670807], [80.2575770715127, 13.10387797712609], [80.2582931323017, 13.103984197544571], [80.25901636736282, 13.104021108847885], [80.25973981094523, 13.103988355497297], [80.2604564952828, 13.103886252920137], [80.26115951772078, 13.10371578447228], [80.26184210721509, 13.103478591965851], [80.26249768956234, 13.10317695985355], [80.26311995073205, 13.102813793221976], [80.26370289769012, 13.102392589806193], [80.26424091612728, 13.101917406295307], [80.26472882453604, 13.101392819253954], [80.26516192411518, 13.100823881036405], [80.26553604402076, 13.100216071118316], [80.26584758152825, 13.099575243315236], [80.26609353671887, 13.09890756939668], [80.2662715413567, 13.098219479639043], [80.26637988167886, 13.09751760089047], [80.26641751488006, 13.096808692744208]]]}}, {"id": "100", "type": "Feature", "properties": {"railway": null, "station": null, "subway": null, "construction": null, "construction:railway": null, "public_transport": null, "network": null, "operator": null, "name": "Perambur", "name:en": null, "element": null, "id": null, "category": null, "city": "chennai", "index_right": null, "n_osm_nodes": null, "phase": "phase2", "position_source": "nominatim", "confidence": "low", "Line": "Purple Line", "Layout": "Underground", "snap_offset_m": 156.9911578269286, "station_id": "MAA100", "radius_m": 800, "buffer_area_m2": 2007391.033949412, "prediction": 5449.0, "rank_phase2": 74.0, "label_top15": 0}, "geometry": {"type": "Polygon", "coordinates": [[[80.25095371739056, 13.112140486601733], [80.25092032640168, 13.111431377377013], [80.25081618449573, 13.110728890607536], [80.25064229520925, 13.110039791573096], [80.25040033374523, 13.109370716566739], [80.25009263081864, 13.108728108987783], [80.24972215019149, 13.108118157294438], [80.24929246011416, 13.107546735413461], [80.24880769894907, 13.107019346180278], [80.24827253530776, 13.106541068354032], [80.24769212308603, 13.106116507717406], [80.24707205182982, 13.105749752731695], [80.24641829291043, 13.105444335173843], [80.24573714202663, 13.105203196133962], [80.2450351585873, 13.105028657700588], [80.24431910255798, 13.10492240060581], [80.2435958693786, 13.104885448045387], [80.24287242357849, 13.104918155829324], [80.24215573172731, 13.10502020895767], [80.24145269536653, 13.105190624654387], [80.24077008456659, 13.10542776183003], [80.24011447274869, 13.105729336882257], [80.23949217339806, 13.106092445682103], [80.2389091792777, 13.106513591534492], [80.238371104727, 13.1069887188441], [80.2378831316008, 13.10751325216259], [80.23744995936906, 13.108082140241674], [80.2370757598575, 13.108689904668083], [80.23676413706539, 13.109330692612536], [80.2365180924472, 13.109998333185166], [80.23633999599339, 13.110686396854987], [80.23623156338893, 13.11138825736163], [80.23619383947037, 13.112097155523355], [80.23622718814163, 13.112806264327066], [80.23633128884615, 13.113508754673749], [80.23650513963075, 13.114197861146131], [80.23674706677203, 13.114866947165341], [80.23705474087403, 13.115509568908843], [80.2374251992825, 13.116119537374077], [80.23785487460083, 13.116690977989764], [80.23833962903385, 13.117218387200518], [80.23887479422865, 13.117696685479459], [80.23945521622983, 13.118121266257921], [80.24007530511555, 13.11848804030057], [80.24072908883704, 13.118793475098116], [80.24141027074243, 13.11903462889793], [80.24211229023068, 13.119209179044272], [80.24282838595089, 13.119315444354916], [80.24355166093785, 13.11935240131838], [80.2442751490556, 13.119319693955454], [80.24499188210821, 13.119217637249902], [80.24569495697087, 13.11904721411524], [80.24637760209353, 13.118810065926745], [80.24703324273602, 13.118508476709973], [80.24765556430536, 13.118145351138235], [80.24823857318472, 13.117724186551133], [80.2487766544675, 13.117249039263962], [80.24926462604017, 13.116724485492776], [80.2496977884925, 13.116155577271853], [80.25007197037453, 13.11554779378851], [80.25038356836453, 13.114906988604355], [80.25062958196114, 13.114239333271794], [80.25080764236603, 13.11355125788901], [80.2509160352796, 13.112849389166499], [80.25095371739056, 13.112140486601733]]]}}, {"id": "101", "type": "Feature", "properties": {"railway": null, "station": null, "subway": null, "construction": null, "construction:railway": null, "public_transport": null, "network": null, "operator": null, "name": "Perambur Barracks Road", "name:en": null, "element": null, "id": null, "category": null, "city": "chennai", "index_right": null, "n_osm_nodes": null, "phase": "phase2", "position_source": "nominatim", "confidence": "medium", "Line": "Purple Line", "Layout": "Underground", "snap_offset_m": 6.362479650254524, "station_id": "MAA101", "radius_m": 800, "buffer_area_m2": 2007391.033949412, "prediction": 5426.0, "rank_phase2": 76.0, "label_top15": 0}, "geometry": {"type": "Polygon", "coordinates": [[[80.26617582475167, 13.093300419039668], [80.26614238961896, 13.092591308570396], [80.26603820915491, 13.091888825051845], [80.26586428726633, 13.091199733731946], [80.26562229946892, 13.090530670829043], [80.26531457673008, 13.089888079625604], [80.26494408300138, 13.089278148422036], [80.26451438665835, 13.088706750947797], [80.26402962612268, 13.088179389803479], [80.26349446999903, 13.087701143478071], [80.26291407211009, 13.08727661745138], [80.26229402186337, 13.086909899852014], [80.26164029042756, 13.086604522097565], [80.26095917323677, 13.086363424895596], [80.26025722937563, 13.086188929932545], [80.25954121842904, 13.086082717522684], [80.25881803540337, 13.086045810432216], [80.25809464434585, 13.086078564033999], [80.25737801129993, 13.086180662887491], [80.25667503724192, 13.086351123776844], [80.2559924916434, 13.086588305177804], [80.25533694729884, 13.086889923062383], [80.25471471704492, 13.087253072889228], [80.25413179298026, 13.087674257568116], [80.2535937887706, 13.08814942112958], [80.25310588559424, 13.088673987775817], [80.25267278224811, 13.089242905937075], [80.25229864989501, 13.08985069690975], [80.25198709188764, 13.090491507608204], [80.25174110905657, 13.091159166922655], [80.25156307079699, 13.091847245140803], [80.25145469223291, 13.092549115861358], [80.2514170176798, 13.093258019803402], [80.25145041056527, 13.093967129897436], [80.25155454990596, 13.094669617031355], [80.25172843337548, 13.095358715818293], [80.25197038693445, 13.09602778975295], [80.25227808093129, 13.09667039512891], [80.25264855251896, 13.097280343101135], [80.25307823417282, 13.09785175929574], [80.25356298803564, 13.098379140392735], [80.25409814575922, 13.098857407136354], [80.25467855345936, 13.099281953262132], [80.25529862135154, 13.099648689869062], [80.25595237758894, 13.099954084809108], [80.25663352578437, 13.100195196714258], [80.25733550566166, 13.10036970333306], [80.2580515562519, 13.100475923903312], [80.25877478102517, 13.1005128353452], [80.25949821432992, 13.100480082118654], [80.26021488849919, 13.10037797964979], [80.26091790097631, 13.100207511293402], [80.26160048081326, 13.099970318860692], [80.26225605389979, 13.099668686803588], [80.26287830629474, 13.099305520208087], [80.26346124504857, 13.098884316808828], [80.26399925593107, 13.098409133294687], [80.26448715750752, 13.09788454623024], [80.26492025104244, 13.097315607969893], [80.26529436575008, 13.096707797989655], [80.26560589895585, 13.096066970105607], [80.26585185078228, 13.095399296087972], [80.26602985302571, 13.09471120621407], [80.26613819194615, 13.094009327333133], [80.26617582475167, 13.093300419039668]]]}}, {"id": "102", "type": "Feature", "properties": {"railway": null, "station": null, "subway": null, "construction": null, "construction:railway": null, "public_transport": null, "network": null, "operator": null, "name": "Perumbakkam", "name:en": null, "element": null, "id": null, "category": null, "city": "chennai", "index_right": null, "n_osm_nodes": null, "phase": "phase2", "position_source": "nominatim", "confidence": "medium", "Line": "Red Line", "Layout": "Elevated", "snap_offset_m": 362.04279876961874, "station_id": "MAA102", "radius_m": 800, "buffer_area_m2": 2007391.033949412, "prediction": 5644.0, "rank_phase2": 57.0, "label_top15": 0}, "geometry": {"type": "Polygon", "coordinates": [[[80.2059576276854, 12.907836698922251], [80.20592435835809, 12.907127581572903], [80.20582039584002, 12.90642507770018], [80.20564674193092, 12.905735952751925], [80.20540506955884, 12.905066843274795], [80.20509770664795, 12.904424193004653], [80.20472761368082, 12.903814190815831], [80.20429835517145, 12.903242711126518], [80.20381406532505, 12.902715257333984], [80.20327940821518, 12.902236908824047], [80.20269953286255, 12.901812272064618], [80.20208002364784, 12.901445436254043], [80.20142684653624, 12.901139933950853], [80.20074629163157, 12.900898707063684], [80.20004491261246, 12.900724078528496], [80.19932946363363, 12.900617729945548], [80.19860683429926, 12.900580685391088], [80.19788398333384, 12.900613301559503], [80.19716787158848, 12.900715264330655], [80.1964653950272, 12.900885591795353], [80.19578331833739, 12.901122643709838], [80.19512820980309, 12.901424137288297], [80.19450637806759, 12.901787169181429], [80.19392381139349, 12.902208243429676], [80.19338612000465, 12.902683305122169], [80.19289848206475, 12.903207779437595], [80.1924655938126, 12.903776615691372], [80.1920916243341, 12.904384335965398], [80.19178017540636, 12.905025087852392], [80.19153424680133, 12.905692700807377], [80.19135620738285, 12.906380745563911], [80.19124777227654, 12.907082596043354], [80.19120998633255, 12.907791493161099], [80.1912432140416, 12.908500609915693], [80.19134713600207, 12.909203117134036], [80.19152075197285, 12.909892249239723], [80.19176239048386, 12.910561369411045], [80.19206972491212, 12.91120403350116], [80.19243979586967, 12.911814052104642], [80.19286903968835, 12.912385550172507], [80.19335332272748, 12.912913023601188], [80.19388798117508, 12.913391392250274], [80.19446786595906, 12.913816048877921], [80.19508739233632, 12.91418290352225], [80.19574059368207, 12.91448842290096], [80.19642117896123, 12.914729664449224], [80.19712259332788, 12.914904304667646], [80.19783808126888, 12.915010661506999], [80.1985607516828, 12.915047710573738], [80.19928364426649, 12.915015095000083], [80.19999979656943, 12.914913128883308], [80.20070231106902, 12.914742794261175], [80.20138442161993, 12.914505731652499], [80.20203955863687, 12.914204224254068], [80.20266141238193, 12.913841175946276], [80.20324399374672, 12.913420083319478], [80.20378169194285, 12.912945001990833], [80.204269328545, 12.912420507536257], [80.20470220736578, 12.911851651414265], [80.20507615968177, 12.911243912306487], [80.20538758437533, 12.910603143343966], [80.20563348260588, 12.909935515727895], [80.20581148667682, 12.909247459288125], [80.20591988282095, 12.908545600552282], [80.2059576276854, 12.907836698922251]]]}}, {"id": "103", "type": "Feature", "properties": {"railway": null, "station": null, "subway": null, "construction": null, "construction:railway": null, "public_transport": null, "network": null, "operator": null, "name": "Perungudi", "name:en": null, "element": null, "id": null, "category": null, "city": "chennai", "index_right": null, "n_osm_nodes": null, "phase": "phase2", "position_source": "nominatim", "confidence": "low", "Line": "Purple Line", "Layout": "Elevated", "snap_offset_m": 804.4215128079913, "station_id": "MAA103", "radius_m": 800, "buffer_area_m2": 2007391.033949412, "prediction": 6061.0, "rank_phase2": 34.0, "label_top15": 0}, "geometry": {"type": "Polygon", "coordinates": [[[80.25617167041327, 12.968616415346263], [80.25613826078406, 12.967907299254984], [80.25603414128753, 12.967204809329726], [80.25586031523741, 12.966515710881396], [80.25561845722115, 12.965846640198725], [80.25531089695164, 12.96520404064129], [80.25494059681215, 12.964594100592459], [80.25451112331118, 12.964022693869635], [80.25402661272298, 12.963495323165358], [80.25349173124488, 12.963017067063614], [80.25291163005558, 12.962592531141174], [80.25229189570744, 12.962225803624595], [80.25163849633029, 12.961920416029288], [80.25095772416458, 12.961679309159562], [80.25025613497735, 12.96150480479643], [80.2495404849435, 12.961398583345655], [80.24881766559977, 12.961361667660936], [80.24809463749727, 12.961394413197732], [80.24737836319021, 12.961496504592445], [80.2466757402059, 12.961666958699789], [80.24599353464028, 12.961904134059079], [80.24533831601771, 12.962205746698338], [80.24471639404163, 12.962568892124215], [80.24413375784442, 12.962990073286113], [80.24359601832087, 12.963465234245552], [80.24310835410043, 12.963989799226868], [80.24267546167768, 12.964558716673514], [80.24230151018193, 12.965166507886144], [80.24199010122075, 12.965807319774475], [80.24174423418502, 12.966474981215306], [80.24156627734958, 12.967163062474388], [80.24145794504857, 12.967864937120167], [80.24142028114575, 12.968573845833514], [80.24145364895989, 12.969282961499145], [80.24155772774283, 12.969985454952015], [80.24173151574546, 12.970674560745664], [80.24197333984252, 12.971343642309078], [80.24228087162456, 12.971986255864543], [80.2426511498031, 12.972596212490748], [80.24308060871356, 12.973167637733242], [80.24356511264239, 12.97369502818777], [80.24409999564824, 12.974173304511364], [80.24468010649362, 12.974597860350137], [80.24529985825512, 12.974964606712163], [80.24595328213375, 12.975270011357802], [80.24663408494747, 12.975511132827513], [80.24733570975143, 12.975685648779224], [80.24805139900204, 12.975791878361813], [80.2487742596554, 12.975828798409088], [80.24949732957302, 12.975796053297945], [80.25021364459366, 12.975693958375615], [80.25091630562544, 12.97552349692295], [80.25159854511027, 12.975286310682915], [80.2522537922203, 12.974984684045626], [80.25287573615735, 12.974621522042373], [80.25345838694507, 12.974200322360812], [80.25399613312797, 12.97372514165112], [80.25448379582069, 12.973200556447953], [80.25491667858734, 12.97263161908497], [80.25529061266971, 12.972023809026899], [80.2556019971294, 12.971382980088237], [80.25584783351715, 12.970715304047415], [80.25602575473586, 12.97002721119976], [80.25613404782013, 12.969325328422167], [80.25617167041327, 12.968616415346263]]]}}, {"id": "104", "type": "Feature", "properties": {"railway": null, "station": null, "subway": null, "construction": null, "construction:railway": null, "public_transport": null, "network": null, "operator": null, "name": "Poonamallee", "name:en": null, "element": null, "id": null, "category": null, "city": "chennai", "index_right": null, "n_osm_nodes": null, "phase": "phase2", "position_source": "nominatim", "confidence": "medium", "Line": "Yellow Line", "Layout": "Elevated", "snap_offset_m": 2395.3548065946206, "station_id": "MAA104", "radius_m": 800, "buffer_area_m2": 2007391.033949412, "prediction": 5104.0, "rank_phase2": 84.0, "label_top15": 0}, "geometry": {"type": "Polygon", "coordinates": [[[80.23221497587204, 13.053585991694593], [80.23218163692422, 13.052876880228975], [80.2320775636322, 13.052174387001124], [80.23190375886915, 13.051485277354239], [80.23166189702188, 13.050816187684964], [80.23135430784423, 13.050173561535352], [80.23098395400156, 13.049563587544071], [80.23055440252266, 13.048992139854208], [80.23006979043515, 13.04846472155129], [80.2295347849155, 13.047986411675872], [80.22895453833785, 13.047561816320547], [80.22833463865463, 13.04719502428203], [80.227681055587, 13.046889567694892], [80.22700008314271, 13.04664838802564], [80.2262982790151, 13.046473807754277], [80.22558240144583, 13.046367508015718], [80.22485934415924, 13.046330512415969], [80.2241360699938, 13.04636317717881], [80.2234195438691, 13.046465187717628], [80.22271666573313, 13.046635561665322], [80.22203420413474, 13.046872658333127], [80.22137873105994, 13.047174194507281], [80.22075655865903, 13.047537266431632], [80.22017367847297, 13.047958377764648], [80.21963570374398, 13.048433473241879], [80.21914781536489, 13.048957977720129], [80.21871471198837, 13.049526840227578], [80.21834056477527, 13.050134582596165], [80.21802897721905, 13.050775352208257], [80.21778295043224, 13.05144297835001], [80.21760485423073, 13.052131031629225], [80.217496404294, 13.052832885885719], [80.21745864562246, 13.053541781998357], [80.21749194245162, 13.054250892974501], [80.21759597472139, 13.054953389695195], [80.21776974113502, 13.055642506683013], [80.21801156877949, 13.05631160725919], [80.21831912921532, 13.05695424746253], [80.21868946088168, 13.057564238114304], [80.21911899760201, 13.058135704431155], [80.21960360291587, 13.058663142611728], [80.2201386099071, 13.059141472851598], [80.22071886614499, 13.05956608827557], [80.22133878330584, 13.059932899315694], [80.2219923909969, 13.060238373107186], [80.22267339426412, 13.060479567522389], [80.22337523422968, 13.060654159514607], [80.22409115127465, 13.060760467498516], [80.22481425015768, 13.060797467551236], [80.22553756644176, 13.060764803277864], [80.22625413358874, 13.0606627892462], [80.22695705007412, 13.060492407957575], [80.22763954587532, 13.060255300382869], [80.22829504769194, 13.059953750154984], [80.22891724226916, 13.059590661570141], [80.22950013721376, 13.059169531610138], [80.23003811871642, 13.058694416255248], [80.23052600562393, 13.05816989141255], [80.23095909934024, 13.057601008836459], [80.23133322907564, 13.056993247466258], [80.23164479200845, 13.056352460649816], [80.23189078797232, 13.055684819762115], [80.23206884833591, 13.054996754762039], [80.23217725879692, 13.054294892260199], [80.23221497587204, 13.053585991694593]]]}}, {"id": "105", "type": "Feature", "properties": {"railway": null, "station": null, "subway": null, "construction": null, "construction:railway": null, "public_transport": null, "network": null, "operator": null, "name": "Ramapuram", "name:en": null, "element": null, "id": null, "category": null, "city": "chennai", "index_right": null, "n_osm_nodes": null, "phase": "phase2", "position_source": "nominatim", "confidence": "medium", "Line": "Red Line", "Layout": "Elevated", "snap_offset_m": 544.6962805957367, "station_id": "MAA105", "radius_m": 800, "buffer_area_m2": 2007391.033949412, "prediction": 7139.0, "rank_phase2": 12.0, "label_top15": 1}, "geometry": {"type": "Polygon", "coordinates": [[[80.18292615564164, 13.02560381031952], [80.18289295645289, 13.024894699281168], [80.18278903040046, 13.024192193415777], [80.18261537893888, 13.023503058190611], [80.18237367497842, 13.02283393025098], [80.18206624675285, 13.022191253509666], [80.18169605537841, 13.021581217094516], [80.1812666663207, 13.021009695751454], [80.180782215045, 13.020482193276633], [80.18024736718138, 13.0200037895221], [80.17966727358818, 13.019579091485006], [80.17904752074729, 13.019212188950931], [80.17839407696847, 13.018906615118093], [80.17771323492086, 13.018665312581213], [80.17701155104461, 13.018490605002247], [80.17629578242574, 13.01838417474047], [80.17557282174144, 13.01834704665692], [80.17484963090146, 13.018379578249071], [80.17413317402416, 13.018481456210498], [80.1734303503913, 13.018651699448528], [80.17274792802698, 13.018888668530874], [80.17209247853891, 13.019190081470333], [80.17147031384933, 13.01955303569561], [80.17088742542344, 13.019974035997011], [80.1703494265809, 13.020449028178094], [80.16986149844458, 13.02097343808957], [80.16942834004736, 13.021542215669909], [80.16905412307736, 13.022149883568966], [80.16874245169694, 13.022790589886766], [80.16849632782316, 13.023458164519955], [80.16831812220424, 13.02414617857371], [80.16820955157101, 13.024848006267302], [80.16817166208415, 13.025556888737386], [80.16820481923736, 13.026265999124908], [80.16830870431447, 13.0269685083189], [80.16848231743563, 13.027657650724173], [80.16872398716396, 13.028326789419495], [80.16903138658121, 13.02896948007875], [80.16940155567823, 13.029579533039227], [80.16983092984555, 13.03015107291918], [80.17031537419007, 13.030678595210087], [80.17085022334814, 13.031157019298385], [80.17143032641162, 13.03158173740551], [80.17205009653473, 13.031948658974596], [80.17270356474356, 13.032254250075923], [80.17338443743009, 13.032495567451155], [80.17408615697678, 13.032670286868091], [80.1748019649268, 13.032776725512552], [80.17552496709149, 13.032813858201347], [80.176248199967, 13.03278132726002], [80.17696469781964, 13.032679445969997], [80.17766755979292, 13.032509195551858], [80.17835001638939, 13.032272215713817], [80.17900549468575, 13.03197078885642], [80.17962768165276, 13.031607818085813], [80.18021058496905, 13.031186799247521], [80.18074859074275, 13.03071178725035], [80.18123651758464, 13.030187357005108], [80.18166966651155, 13.029618559354741], [80.18204386619932, 13.02901087242067], [80.18235551314976, 13.028370148834385], [80.18260160638461, 13.027702559362849], [80.18277977633309, 13.027014533471116], [80.18288830763518, 13.026312697394843], [80.18292615564164, 13.02560381031952]]]}}, {"id": "106", "type": "Feature", "properties": {"railway": null, "station": null, "subway": null, "construction": null, "construction:railway": null, "public_transport": null, "network": null, "operator": null, "name": "Retteri Junction", "name:en": null, "element": null, "id": null, "category": null, "city": "chennai", "index_right": null, "n_osm_nodes": null, "phase": "phase2", "position_source": "nominatim", "confidence": "medium", "Line": "Red Line", "Layout": "Elevated", "snap_offset_m": 9.591723504845994, "station_id": "MAA106", "radius_m": 800, "buffer_area_m2": 2007391.033949412, "prediction": 5374.0, "rank_phase2": 77.0, "label_top15": 0}, "geometry": {"type": "Polygon", "coordinates": [[[80.22123931072265, 13.130266096090287], [80.22120600567224, 13.129556988550624], [80.22110194415973, 13.128854494963896], [80.22092812894873, 13.128165380676748], [80.22068623453029, 13.127496282130139], [80.22037859097536, 13.126853642950884], [80.22000816147586, 13.126243651902103], [80.21957851379155, 13.125672183289833], [80.21909378587824, 13.125144740399561], [80.21855864602882, 13.124666402506909], [80.2179782479113, 13.124241775972493], [80.21735818093701, 13.123874949891457], [80.21670441643685, 13.123569456724416], [80.21602325016393, 13.123328238288462], [80.21532124167557, 13.123153617435433], [80.21460515117847, 13.123047275689766], [80.21388187444404, 13.123010237061019], [80.21315837642035, 13.123042858186674], [80.21244162417895, 13.12314482490003], [80.21173851984163, 13.12331515525607], [80.21105583413197, 13.123552208986203], [80.21040014119093, 13.123853703290925], [80.20977775528335, 13.124216734818337], [80.20919467000404, 13.124637807617262], [80.20865650056864, 13.125112866795906], [80.20816842974422, 13.12563733756235], [80.2077351579402, 13.126206169271253], [80.20736085794017, 13.126813884053004], [80.20704913471019, 13.12745462955744], [80.20680299067146, 13.128122235304588], [80.20662479677168, 13.128810272100173], [80.20651626963432, 13.129512113944061], [80.20647845500683, 13.130221001835652], [80.2065117176674, 13.13093010886218], [80.20661573788887, 13.131632605943064], [80.20678951449443, 13.132321727597382], [80.20703137447659, 13.132990837101058], [80.20733898908777, 13.1336334904062], [80.20770939624835, 13.134243498206851], [80.20813902905705, 13.134814985553195], [80.20862375012972, 13.135342448439815], [80.20915889143633, 13.135820806822629], [80.20973929925289, 13.136245453553602], [80.21035938379535, 13.13661229876145], [80.21101317305765, 13.136917809250528], [80.21169437033511, 13.137159042538059], [80.21239641487891, 13.13733367520147], [80.21311254509676, 13.13744002526246], [80.2138358636908, 13.137477068391917], [80.21455940410434, 13.137444447779398], [80.21527619763677, 13.137342477571885], [80.21597934057955, 13.13717213984868], [80.2166620607255, 13.136935075161476], [80.21731778261028, 13.136633566730863], [80.21794019085678, 13.136270518451584], [80.21852329101169, 13.135849426918583], [80.21906146728774, 13.135374347743594], [80.21954953665497, 13.134849856486982], [80.2199827987599, 13.134281004581524], [80.22035708119178, 13.133673270672961], [80.22066877965962, 13.133032507846496], [80.22091489269381, 13.13236488724777], [80.22109305053817, 13.131676838641795], [80.22120153795477, 13.130974988482588], [80.22123931072265, 13.130266096090287]]]}}, {"id": "107", "type": "Feature", "properties": {"railway": null, "station": null, "subway": null, "construction": null, "construction:railway": null, "public_transport": null, "network": null, "operator": null, "name": "Saligramam", "name:en": null, "element": null, "id": null, "category": null, "city": "chennai", "index_right": null, "n_osm_nodes": null, "phase": "phase2", "position_source": "nominatim", "confidence": "low", "Line": "Yellow Line", "Layout": "Elevated", "snap_offset_m": 963.5850631599033, "station_id": "MAA107", "radius_m": 800, "buffer_area_m2": 2007391.033949412, "prediction": 5574.0, "rank_phase2": 62.0, "label_top15": 0}, "geometry": {"type": "Polygon", "coordinates": [[[80.21375553785951, 13.048706077677702], [80.2137222515207, 13.04799696656719], [80.21361823203404, 13.04729446870193], [80.21344448175462, 13.046605349470626], [80.21320267454469, 13.045936245363054], [80.21289513963231, 13.045293600061031], [80.21252483916078, 13.044683602388305], [80.21209533964557, 13.044112126716543], [80.21161077761465, 13.043584676401121], [80.21107581976331, 13.04310633079108], [80.21049561800754, 13.0426816963232], [80.20987575986908, 13.042314862170743], [80.20922221466988, 13.042009360873562], [80.2085412760539, 13.041768134328295], [80.2078395013894, 13.041593505465823], [80.20712364863505, 13.041487155888305], [80.20640061127665, 13.041450109680957], [80.20567735196111, 13.041482723554099], [80.20496083546517, 13.041584683410358], [80.20425796164409, 13.041755007369883], [80.20357549900494, 13.041992055224512], [80.20292001954341, 13.042293544229855], [80.20229783547072, 13.042656571083388], [80.20171493843961, 13.043077639877117], [80.20117694185366, 13.043552695755919], [80.20068902681537, 13.044077163957738], [80.20025589223319, 13.044645993860094], [80.1998817095676, 13.045253707609053], [80.19957008265249, 13.045894452862894], [80.19932401297864, 13.046562059142817], [80.19914587077413, 13.047250097248476], [80.19903737216087, 13.04795194116651], [80.19899956260751, 13.048660831876123], [80.19903280683926, 13.04936994243756], [80.19913678530236, 13.050072443736713], [80.1993104972183, 13.050761570252895], [80.19955227019912, 13.051430685216404], [80.19985977633212, 13.052073344528223], [80.20023005458, 13.052683358826211], [80.20065953928135, 13.053254853099807], [80.20114409447744, 13.053782323278776], [80.20167905373569, 13.054260689250736], [80.20225926508603, 13.054685343796402], [80.20287914063798, 13.055052196970937], [80.20353271040042, 13.055357715503483], [80.20421367978545, 13.055598956835048], [80.20491549024233, 13.05577359746654], [80.20563138243696, 13.055879955343507], [80.20635446136785, 13.055917006061792], [80.20707776279046, 13.055884392737726], [80.20779432030994, 13.055782429447577], [80.2084972324945, 13.055612098203163], [80.20917972936277, 13.055375039492603], [80.20983523760367, 13.055073536477465], [80.2104574439, 13.054710492998671], [80.21104035574498, 13.054289405603104], [80.21157835916576, 13.053814329860757], [80.21206627279714, 13.053289841297016], [80.21249939778477, 13.052720991316876], [80.21287356303687, 13.05211325854584], [80.21318516538872, 13.051472496056633], [80.21343120429354, 13.050804874990407], [80.21360931070565, 13.050116825115735], [80.21371776987863, 13.049414972898257], [80.21375553785951, 13.048706077677702]]]}}, {"id": "108", "type": "Feature", "properties": {"railway": null, "station": null, "subway": null, "construction": null, "construction:railway": null, "public_transport": null, "network": null, "operator": null, "name": "Shastri Nagar Chennai", "name:en": null, "element": null, "id": null, "category": null, "city": "chennai", "index_right": null, "n_osm_nodes": null, "phase": "phase2", "position_source": "nominatim", "confidence": "low", "Line": "Red Line", "Layout": "Elevated", "snap_offset_m": null, "station_id": "MAA108", "radius_m": 800, "buffer_area_m2": 2007391.033949412, "prediction": 7207.0, "rank_phase2": 8.0, "label_top15": 1}, "geometry": {"type": "Polygon", "coordinates": [[[80.2116382633373, 13.007242607668761], [80.21160498157174, 13.006533494703927], [80.21150097846937, 13.005830995096453], [80.21132725622552, 13.005141874252203], [80.21108548843058, 13.004472768676997], [80.21077800393152, 13.003830122067484], [80.21040776438483, 13.0032201232608], [80.20997833571832, 13.002648646640417], [80.20949385377716, 13.002121195571787], [80.20895898448515, 13.001642849412177], [80.20837887890572, 13.001218214604602], [80.20775912363507, 13.00085138032649], [80.20710568700552, 13.000545879119699], [80.20642486161684, 13.000304652880684], [80.20572320374853, 13.000130024537908], [80.20500747023628, 13.000023675688904], [80.20428455341963, 12.999986630412058], [80.20356141478663, 13.000019245408732], [80.20284501795386, 13.000121206570546], [80.20214226162618, 13.000291532004711], [80.20145991318093, 13.000528581488329], [80.20080454351557, 13.000830072260642], [80.20018246378524, 13.001193101001313], [80.1995996646387, 13.001614171783286], [80.19906175853738, 13.00208922973134], [80.19857392571251, 13.002613700062536], [80.19814086428045, 13.003182532132927], [80.19776674499657, 13.003790248066826], [80.19745517108328, 13.004430995500655], [80.19720914351953, 13.005098603933945], [80.19703103212622, 13.005786644145068], [80.19692255272659, 13.006488490100018], [80.19688475060227, 13.007197382758202], [80.19691799040483, 13.007906495161075], [80.1970219526211, 13.008608998176992], [80.19719563662704, 13.009298126269108], [80.19743737030166, 13.009967242653065], [80.19774482610924, 13.010609903216844], [80.19811504349589, 13.011219918587054], [80.1985444573854, 13.011791413743694], [80.19902893250048, 13.01231888460897], [80.19956380317961, 13.012797251064848], [80.20014391830611, 13.013221905888342], [80.20076369091687, 13.01358875913281], [80.20141715201318, 13.013894277527541], [80.20209800805506, 13.01413551851555], [80.202799701585, 13.014310158601582], [80.20351547439684, 13.014416515736816], [80.20423843264082, 13.014453565524429], [80.20496161323683, 13.014420951089711], [80.20567805095567, 13.014318986519447], [80.20638084552128, 13.014148653837418], [80.20706322808687, 13.013911593545048], [80.2077186264437, 13.01361008881847], [80.20834072833405, 13.013247043514278], [80.2089235422576, 13.012825954196044], [80.20946145518501, 13.012350876451341], [80.20994928662273, 13.011826385823877], [80.21038233850773, 13.01125753373757], [80.2107564404515, 13.010649798837314], [80.21106798989804, 13.01000903421554], [80.2113139868086, 13.009341411033262], [80.21149206254029, 13.008653359078881], [80.21160050264031, 13.007951504837704], [80.2116382633373, 13.007242607668761]]]}}, {"id": "109", "type": "Feature", "properties": {"railway": null, "station": null, "subway": null, "construction": null, "construction:railway": null, "public_transport": null, "network": null, "operator": null, "name": "Siruseri", "name:en": null, "element": null, "id": null, "category": null, "city": "chennai", "index_right": null, "n_osm_nodes": null, "phase": "phase2", "position_source": "nominatim", "confidence": "low", "Line": "Purple Line", "Layout": "Elevated", "snap_offset_m": null, "station_id": "MAA109", "radius_m": 800, "buffer_area_m2": 2007391.033949412, "prediction": 6026.0, "rank_phase2": 36.0, "label_top15": 0}, "geometry": {"type": "Polygon", "coordinates": [[[80.22733603266774, 12.821087551435266], [80.22730269998361, 12.820378429362064], [80.22719869874848, 12.819675928002258], [80.22702503113044, 12.818986812779116], [80.22678337018517, 12.818317720145691], [80.22647604372284, 12.817675093676133], [80.22610601187128, 12.817065122016464], [80.22567683855297, 12.816493679292149], [80.22519265715032, 12.815966268546093], [80.224658130691, 12.815487968751423], [80.2240784069368, 12.815063385908987], [80.22345906880862, 12.814696608700071], [80.22280608062512, 12.814391169121075], [80.22212573067249, 12.814150008478723], [80.22142457065824, 12.813975449073054], [80.22070935263129, 12.813869171840386], [80.21998696397546, 12.813832200171355], [80.21926436110154, 12.813864890059602], [80.2185485024759, 12.813966926675828], [80.2178462816293, 12.814137327400054], [80.21716446079083, 12.81437445128293], [80.21650960578461, 12.814676014845046], [80.21588802281593, 12.815039114062223], [80.21530569775466, 12.815460252325243], [80.2147682385001, 12.815935374105123], [80.2142808209819, 12.816459903999986], [80.21384813931675, 12.817028790787917], [80.21347436060077, 12.817636556061943], [80.21316308477292, 12.818277346979182], [80.21291730993613, 12.818944992616593], [80.21273940347075, 12.819633063390963], [80.21263107921865, 12.820334932971257], [80.21259338095857, 12.82104384208739], [80.21262667233256, 12.821752963621167], [80.21273063332143, 12.822455468352668], [80.21290426330373, 12.823144590729063], [80.21314589067006, 12.823813694022395], [80.21345318890076, 12.824456334248858], [80.21382319895282, 12.82506632223377], [80.2142523577416, 12.825637783224284], [80.214736532443, 12.826165213475548], [80.21527106028685, 12.826643533264853], [80.21585079345819, 12.82706813582297], [80.21647014867423, 12.827434931710949], [80.21712316095963, 12.827740388214572], [80.21780354110196, 12.827981563376692], [80.21850473623354, 12.828156134339302], [80.21921999295593, 12.828262419721957], [80.21994242239826, 12.828299395820816], [80.22066506658231, 12.828266706471995], [80.22138096545424, 12.828164666484067], [80.22208322393658, 12.827994258606592], [80.22276507835396, 12.827757124063814], [80.22341996159183, 12.827455546744785], [80.22404156635999, 12.827092431202372], [80.2246239059508, 12.826671274673144], [80.22516137190664, 12.82619613338806], [80.22564878804029, 12.825671583498561], [80.22608146028828, 12.825102676994948], [80.2264552219164, 12.824494893041859], [80.22676647364236, 12.8238540852], [80.22701221828945, 12.823186425042811], [80.22719008963747, 12.822498342711498], [80.22729837519415, 12.821796464981224], [80.22733603266774, 12.821087551435266]]]}}, {"id": "110", "type": "Feature", "properties": {"railway": null, "station": null, "subway": null, "construction": null, "construction:railway": null, "public_transport": null, "network": null, "operator": null, "name": "Srinivasa Nagar", "name:en": null, "element": null, "id": null, "category": null, "city": "chennai", "index_right": null, "n_osm_nodes": null, "phase": "phase2", "position_source": "nominatim", "confidence": "low", "Line": "Red Line", "Layout": "Underground", "snap_offset_m": null, "station_id": "MAA110", "radius_m": 800, "buffer_area_m2": 2007391.033949412, "prediction": 5476.0, "rank_phase2": 72.0, "label_top15": 0}, "geometry": {"type": "Polygon", "coordinates": [[[80.23808707908313, 12.900826881289456], [80.2380537187316, 12.900117762547207], [80.23794966750468, 12.899415266130369], [80.2377759280556, 12.898726157413593], [80.23753417413515, 12.898057072785992], [80.23722673445167, 12.897414455743064], [80.23685657022557, 12.896804494838307], [80.23642724665562, 12.896233064091758], [80.2359428985719, 12.89570566642907], [80.2354081906073, 12.895227380695482], [80.23482827227068, 12.894802812754639], [80.23420872835524, 12.8944360511427], [80.23355552515916, 12.894130627704444], [80.23287495303644, 12.893889483590055], [80.23217356583078, 12.893714940939583], [80.23145811777528, 12.893608680527548], [80.23073549846508, 12.893571725582527], [80.23001266652831, 12.893604431937407], [80.22929658263332, 12.893706484604966], [80.22859414247671, 12.893876900811634], [80.22791211039628, 12.894114039460248], [80.22725705424774, 12.894415616930765], [80.22663528217134, 12.894778729066774], [80.22605278185667, 12.895199879136499], [80.22551516289012, 12.895675011499161], [80.22502760273954, 12.896199550652845], [80.22459479689614, 12.896768445288265], [80.22422091365355, 12.897376216924483], [80.22390955395973, 12.898017012658752], [80.22366371672817, 12.898684661522752], [80.22348576994355, 12.899372733903002], [80.22337742783978, 12.900074603453435], [80.22333973437152, 12.900783510904326], [80.22337305313873, 12.901492629153218], [80.22347706386232, 12.902195129011162], [80.22365076544561, 12.90288424497126], [80.22389248559294, 12.903553340366054], [80.2241998968939, 12.904195971286264], [80.22457003921875, 12.904805948645091], [80.22499934821042, 12.905377397790183], [80.22548368959902, 12.90590481508884], [80.22601839900898, 12.906383120941221], [80.22659832687589, 12.90680770871053], [80.2272178880403, 12.90717448909862], [80.22787111554116, 12.907479929539134], [80.22855171809047, 12.907721088228518], [80.22925314067525, 12.907895642466606], [80.22996862770277, 12.908001911033573], [80.23069128808025, 12.908038870387452], [80.23141416160135, 12.908006164525931], [80.23213028599966, 12.907904108417268], [80.23283276402206, 12.907733684967276], [80.2335148298756, 12.907496535551468], [80.23416991440668, 12.907194944203674], [80.23479170838432, 12.906831815613595], [80.23537422327728, 12.906410647145321], [80.23591184893894, 12.905935495146696], [80.23639940764416, 12.90541093587421], [80.23683220395726, 12.904842021410328], [80.23720606995087, 12.904234230997968], [80.23751740533993, 12.903593418261437], [80.23776321214488, 12.902925754822437], [80.2379411235504, 12.902237670854575], [80.23804942668214, 12.90153579314921], [80.23808707908313, 12.900826881289456]]]}}, {"id": "111", "type": "Feature", "properties": {"railway": null, "station": null, "subway": null, "construction": null, "construction:railway": null, "public_transport": null, "network": null, "operator": null, "name": "Sterling Road", "name:en": null, "element": null, "id": null, "category": null, "city": "chennai", "index_right": null, "n_osm_nodes": null, "phase": "phase2", "position_source": "nominatim", "confidence": "low", "Line": "Purple Line", "Layout": "Underground", "snap_offset_m": 409.1377387296343, "station_id": "MAA111", "radius_m": 800, "buffer_area_m2": 2007391.033949412, "prediction": 5483.0, "rank_phase2": 70.0, "label_top15": 0}, "geometry": {"type": "Polygon", "coordinates": [[[80.25095329208982, 13.065120123456703], [80.25091989987365, 13.06441101201758], [80.25081577022343, 13.063708523782427], [80.25064190655539, 13.063019424045462], [80.25039998382366, 13.062350349107009], [80.25009233236837, 13.0617077423664], [80.2497219154543, 13.061097792274635], [80.24929230071712, 13.060526372743984], [80.24880762579292, 13.059998986588276], [80.2482725584625, 13.059520712538106], [80.24769225169426, 13.059096156340868], [80.24707229401932, 13.058729406416152], [80.24641865571614, 13.058423994493111], [80.24573763132342, 13.058182861608445], [80.24503577903369, 13.058008329792097], [80.2443198575515, 13.057902079712965], [80.24359676102328, 13.057865134499545], [80.24287345266471, 13.057897849891209], [80.2421568977242, 13.057999910814639], [80.24145399642694, 13.058170334418413], [80.24077151754474, 13.05840747953643], [80.24011603323022, 13.05870906248919], [80.23949385574224, 13.059072179070778], [80.23891097667126, 13.059493332510238], [80.2383730092495, 13.059968467138129], [80.23788513430027, 13.060493007434564], [80.23745205034787, 13.06106190208297], [80.23707792836717, 13.061669672605763], [80.23676637160966, 13.062310466114], [80.23652038089237, 13.062978111663375], [80.2363423256849, 13.06366617967428], [80.23623392127287, 13.064368043844036], [80.23619621221907, 13.065076944955285], [80.23622956228189, 13.065786055966427], [80.23633365088901, 13.06648854775728], [80.2365074762015, 13.067177654896984], [80.23674936473913, 13.067846740800729], [80.23705698747588, 13.068489361647792], [80.23742738225063, 13.069099328445077], [80.23785698227847, 13.069670766638325], [80.23834165048858, 13.070198172696518], [80.23887671935823, 13.070676467124214], [80.23945703585981, 13.071101043390929], [80.2400770110882, 13.071467812305805], [80.24073067409032, 13.071773241409916], [80.24141172937836, 13.072014389006297], [80.24211361757247, 13.072188932499644], [80.24282957858829, 13.072295190772326], [80.24355271676018, 13.072332140380963], [80.24427606727208, 13.072299425417283], [80.2449926632557, 13.072197360938151], [80.24569560290855, 13.07202692993164], [80.24637811598481, 13.071789773848328], [80.24703362901788, 13.071488176789117], [80.24765582864521, 13.071125043502006], [80.2482387224255, 13.070703871399951], [80.24877669656134, 13.070228716869577], [80.24926456997134, 13.06970415619561], [80.2496976441904, 13.069135241477733], [80.25007174861766, 13.06852745196478], [80.25038328067622, 13.067886641275475], [80.25062924049818, 13.067218981014383], [80.2508072598013, 13.066530901326475], [80.25091562467968, 13.06582902896317], [80.25095329208982, 13.065120123456703]]]}}, {"id": "112", "type": "Feature", "properties": {"railway": null, "station": null, "subway": null, "construction": null, "construction:railway": null, "public_transport": null, "network": null, "operator": null, "name": "Taramani", "name:en": null, "element": null, "id": null, "category": null, "city": "chennai", "index_right": null, "n_osm_nodes": null, "phase": "phase2", "position_source": "nominatim", "confidence": "medium", "Line": "Purple Line", "Layout": "Underground", "snap_offset_m": 1242.9057061218036, "station_id": "MAA112", "radius_m": 800, "buffer_area_m2": 2007391.033949412, "prediction": 7234.0, "rank_phase2": 6.0, "label_top15": 1}, "geometry": {"type": "Polygon", "coordinates": [[[80.25881186701594, 12.987981928282965], [80.25877845038362, 12.98727281303107], [80.25867431841189, 12.986570324360772], [80.25850047453554, 12.985881227570635], [80.25825859351447, 12.985212158933118], [80.25795100528384, 12.984569561787714], [80.2575806724967, 12.983959624494146], [80.25715116197637, 12.983388220842832], [80.25666661035372, 12.98286085349627], [80.25613168422124, 12.982382601005636], [80.25555153518752, 12.98195806891251], [80.25493175026529, 12.981591345406159], [80.25427829807079, 12.981285961963051], [80.25359747135248, 12.981044859347227], [80.25289582640193, 12.980870359298537], [80.25218011993013, 12.980764142181094], [80.25145724401644, 12.980727230806846], [80.25073415975571, 12.980759980589813], [80.25001783024206, 12.98086207612567], [80.24931515353356, 12.98103253422949], [80.24863289624277, 12.981269713402416], [80.24797762839147, 12.981571329636125], [80.24735566015671, 12.981934478403069], [80.24677298111597, 12.982355662620927], [80.2462352025765, 12.982830826322251], [80.24574750354351, 12.983355393705429], [80.24531458084708, 12.983924313191217], [80.24494060390845, 12.984532106061028], [80.24462917458078, 12.985172919208946], [80.24438329245181, 12.98584058149993], [80.24420532594257, 12.986528663191727], [80.24409698948128, 12.987230537848719], [80.24405932697276, 12.987939446151689], [80.24409270172328, 12.988648560989226], [80.24419679291888, 12.989351053204103], [80.24437059869183, 12.990040157361536], [80.24461244574647, 12.990709236905953], [80.24492000545301, 12.991351848078706], [80.24529031625451, 12.99196180198101], [80.2457198121726, 12.992533224184188], [80.2462043571375, 12.993060611312803], [80.24673928481262, 12.993538884055459], [80.24731944353007, 12.993963436092308], [80.247939245905, 12.994330178467658], [80.24859272265046, 12.994635578979914], [80.2492735800745, 12.994876696209078], [80.24997526070555, 12.995051207853718], [80.25069100646144, 12.995157433104087], [80.25141392375316, 12.995194348835705], [80.25213704989571, 12.995161599467096], [80.25285342018547, 12.995059500386663], [80.25355613499737, 12.994889034915541], [80.25423842625459, 12.99465184483572], [80.25489372262997, 12.994350214574661], [80.25551571285038, 12.993987049198978], [80.25609840649338, 12.99356584642926], [80.25663619169057, 12.993090662945885], [80.25712388918093, 12.99256607531068], [80.25755680219362, 12.991997135881169], [80.25793076167957, 12.991389324142363], [80.25824216645628, 12.990748493925292], [80.25848801787953, 12.990080817020967], [80.25866594870826, 12.98939272373323], [80.25877424588545, 12.988690840943308], [80.25881186701594, 12.987981928282965]]]}}, {"id": "113", "type": "Feature", "properties": {"railway": null, "station": null, "subway": null, "construction": null, "construction:railway": null, "public_transport": null, "network": null, "operator": null, "name": "Thiruvanmiyur", "name:en": null, "element": null, "id": null, "category": null, "city": "chennai", "index_right": null, "n_osm_nodes": null, "phase": "phase2", "position_source": "nominatim", "confidence": "medium", "Line": "Purple Line", "Layout": "Underground", "snap_offset_m": 1286.1216982193887, "station_id": "MAA113", "radius_m": 800, "buffer_area_m2": 2007391.033949412, "prediction": 7243.0, "rank_phase2": 5.0, "label_top15": 1}, "geometry": {"type": "Polygon", "coordinates": [[[80.26033583022182, 12.982933585141936], [80.26030240912864, 12.982224469616853], [80.26019827414862, 12.981521981169532], [80.26002442874527, 12.98083288509636], [80.25978254769292, 12.980163817662875], [80.2594749609268, 12.979521222197], [80.25910463108562, 12.978911287042326], [80.25867512496413, 12.978339885968738], [80.2581905791507, 12.977812521614004], [80.25765566018181, 12.977334272500597], [80.25707551959695, 12.976909744137693], [80.25645574432751, 12.976543024678762], [80.25580230289681, 12.976237645561431], [80.25512148794976, 12.97599654750822], [80.25441985566471, 12.975822052215163], [80.25370416263085, 12.975715840000694], [80.25298130079835, 12.975678933629643], [80.2522582311267, 12.975711688467925], [80.25154191656978, 12.975813789062592], [80.25083925504188, 12.975984252180032], [80.25015701300961, 12.976221436273113], [80.24950176034808, 12.976523057286107], [80.24887980708823, 12.976886210645398], [80.24829714266356, 12.97730739922436], [80.24775937824069, 12.977782567013465], [80.24727169268895, 12.978307138171623], [80.2468387827087, 12.978876061083106], [80.24646481759868, 12.979483856996207], [80.24615339909808, 12.98012467277558], [80.24590752669029, 12.980792337260686], [80.24572956870254, 12.98148042068802], [80.24562123948085, 12.982182296605139], [80.24558358286004, 12.98289120568058], [80.24561696208947, 12.983600320795414], [80.2457210563118, 12.984302812789691], [80.24589486362983, 12.984991916230706], [80.24613671073281, 12.985660994569782], [80.2464442689902, 12.986303604059902], [80.24681457685884, 12.986913555818528], [80.24724406838838, 12.987484975437702], [80.24772860755118, 12.98801235956695], [80.2482635280664, 12.988490628923879], [80.24884367833508, 12.98891517722137], [80.2494634710537, 12.989281915539875], [80.25011693702838, 12.989587311716999], [80.25079778267099, 12.989828424374634], [80.25149945062357, 12.990002931255498], [80.25221518292626, 12.990109151595846], [80.25293808611978, 12.990146062318576], [80.25366119765519, 12.99011330789054], [80.25437755296981, 12.990011203748923], [80.25508025258303, 12.989840733263636], [80.25576252856466, 12.989603538264964], [80.25641780973493, 12.989301903227723], [80.25703978496732, 12.988938733264478], [80.25762246398394, 12.988517526139931], [80.25816023505742, 12.98804233857631], [80.25864791906282, 12.987517747174634], [80.25908081935927, 12.986948804328561], [80.25945476702012, 12.986340989555886], [80.25976616097674, 12.98570015671672], [80.26001200268897, 12.985032477627195], [80.26018992500917, 12.984344382612052], [80.26029821496205, 12.983642498569058], [80.26033583022182, 12.982933585141936]]]}}, {"id": "114", "type": "Feature", "properties": {"railway": null, "station": null, "subway": null, "construction": null, "construction:railway": null, "public_transport": null, "network": null, "operator": null, "name": "Thoraipakkam", "name:en": null, "element": null, "id": null, "category": null, "city": "chennai", "index_right": null, "n_osm_nodes": null, "phase": "phase2", "position_source": "nominatim", "confidence": "medium", "Line": "Purple Line", "Layout": "Elevated", "snap_offset_m": 8.994421130938166, "station_id": "MAA114", "radius_m": 800, "buffer_area_m2": 2007391.033949412, "prediction": 5508.0, "rank_phase2": 66.0, "label_top15": 0}, "geometry": {"type": "Polygon", "coordinates": [[[80.24814139423971, 12.949172199719463], [80.24810800686716, 12.948463082932422], [80.248003915053, 12.947760590429484], [80.24783012184355, 12.947071487546847], [80.24758830150927, 12.946402410616496], [80.24728078339966, 12.945759803058744], [80.24691052949163, 12.945149853334588], [80.24648110584835, 12.944578435355186], [80.24599664826397, 12.944051051922024], [80.24546182242564, 12.943572781742153], [80.24488177897673, 12.943148230528346], [80.24426210391418, 12.942781486654745], [80.24360876479766, 12.94247608179452], [80.24292805328818, 12.94223495691836], [80.24222652456966, 12.942060433980695], [80.2415109342357, 12.94195419356606], [80.24078817324916, 12.941917258710571], [80.24006520160012, 12.941949985053977], [80.23934898130007, 12.942052057417126], [80.23864640935706, 12.942222492837526], [80.23796425137613, 12.942459650033921], [80.2373090764239, 12.94276124520869], [80.23668719378357, 12.943124374036074], [80.23610459220879, 12.94354553962477], [80.23556688226087, 12.944020686185736], [80.2350792422841, 12.944545238081488], [80.23464636853917, 12.94511414388108], [80.23427242997481, 12.94572192499701], [80.23396102807324, 12.946362728436007], [80.23371516215644, 12.947030383156129], [80.2335372004875, 12.947718459487838], [80.23342885744603, 12.948420331047156], [80.2333911769982, 12.949129238544892], [80.23342452262104, 12.949838354877793], [80.23352857377921, 12.9505408508748], [80.23370232898883, 12.951229961065428], [80.23394411543971, 12.951899048836863], [80.2342516050845, 12.952541670352169], [80.23462183704014, 12.953151636613967], [80.23505124608712, 12.953723073075569], [80.2355356969922, 12.954250476225226], [80.2360705243249, 12.954728766598196], [80.23665057738442, 12.955153337705696], [80.23727026980451, 12.955520100409085], [80.23792363335848, 12.955825522311564], [80.23860437544613, 12.956066661787526], [80.23930593970849, 12.956241196321482], [80.24002156918604, 12.956347444883246], [80.24074437141162, 12.956384384123632], [80.24146738481038, 12.956351658234361], [80.2421836457664, 12.956249582377152], [80.24288625570925, 12.956079139648752], [80.24356844757358, 12.955841971611278], [80.24422365099065, 12.95554036247896], [80.24484555558335, 12.955177217113928], [80.24542817175444, 12.954756033043031], [80.24596588838166, 12.954280866765568], [80.24645352686404, 12.953756294676715], [80.24688639099836, 12.953187368983432], [80.24726031220519, 12.95257956903772], [80.24757168966933, 12.951938748556469], [80.24781752500793, 12.951271079236543], [80.24799545113302, 12.950582991308542], [80.24810375503091, 12.94988111160209], [80.24814139423971, 12.949172199719463]]]}}, {"id": "115", "type": "Feature", "properties": {"railway": null, "station": null, "subway": null, "construction": null, "construction:railway": null, "public_transport": null, "network": null, "operator": null, "name": "Ullagaram", "name:en": null, "element": null, "id": null, "category": null, "city": "chennai", "index_right": null, "n_osm_nodes": null, "phase": "phase2", "position_source": "nominatim", "confidence": "medium", "Line": "Red Line", "Layout": "Elevated", "snap_offset_m": 335.69821247990507, "station_id": "MAA115", "radius_m": 800, "buffer_area_m2": 2007391.033949412, "prediction": 6097.0, "rank_phase2": 30.0, "label_top15": 0}, "geometry": {"type": "Polygon", "coordinates": [[[80.20108816136536, 12.977327355937339], [80.20105490850693, 12.97661824196641], [80.20095094271576, 12.975915738969798], [80.20077726582652, 12.975226612386662], [80.20053555099175, 12.974557498778845], [80.20022812654754, 12.973914841921163], [80.19985795357141, 12.973304830750306], [80.19942859734981, 12.972733339769645], [80.19894419303026, 12.972205872483748], [80.1984094057894, 12.971727508406792], [80.1978293859011, 12.971302854154994], [80.1972097191372, 12.970935999093564], [80.19655637297886, 12.970630475964903], [80.19587563915586, 12.97038922687682], [80.19517407306739, 12.970214574977888], [80.19445843066683, 12.970108202092407], [80.19373560341784, 12.970071132529984], [80.19301255194745, 12.970103723225456], [80.19229623903429, 12.970205660303929], [80.19159356257629, 12.970375962103885], [80.19091128918272, 12.970612988629282], [80.19025598902911, 12.97091445733965], [80.18963397260174, 12.971277465126278], [80.18905122993998, 12.97169851626306], [80.18851337296124, 12.972173556063176], [80.18802558142332, 12.972698009917716], [80.18759255304434, 12.973266827340767], [80.1872184582604, 12.973874530597177], [80.18690690005681, 12.974515267445085], [80.18666087925989, 12.975182867485717], [80.18648276562385, 12.975870901578219], [80.18637427499202, 12.976572743747605], [80.18633645275256, 12.977281634989994], [80.1863696637492, 12.977990748360893], [80.18647358874473, 12.978693254719882], [80.18664722747229, 12.979382388498582], [80.18688890824583, 12.980051512858621], [80.18719630403827, 12.980694183611979], [80.18756645487308, 12.981304211287986], [80.18799579631474, 12.98187572074896], [80.1884801937837, 12.98240320778016], [80.1890149823666, 12.982881592108605], [80.18959501173799, 12.983306266339822], [80.19021469576158, 12.98367314034081], [80.19086806629298, 12.983978680641325], [80.19154883066571, 12.984219944473653], [80.1922504323066, 12.984394608122614], [80.19296611389599, 12.984500989312352], [80.19368898246425, 12.98453806341414], [80.19441207579644, 12.984505473318691], [80.19512842950522, 12.984403532877844], [80.19583114412491, 12.98423322388233], [80.19651345157969, 12.98399618660471], [80.1971687803851, 12.983694703998657], [80.19779081895379, 12.983331679706888], [80.1983735763955, 12.982910610089785], [80.1989114402248, 12.982435550544366], [80.19939923042068, 12.981911076438342], [80.19983224931657, 12.981342239035866], [80.20020632684081, 12.980734516839899], [80.20051786067135, 12.980093762820143], [80.20076385091856, 12.979426148035262], [80.20094192900217, 12.97873810219273], [80.20105038044515, 12.978036251719088], [80.20108816136536, 12.977327355937339]]]}}, {"id": "116", "type": "Feature", "properties": {"railway": null, "station": null, "subway": null, "construction": null, "construction:railway": null, "public_transport": null, "network": null, "operator": null, "name": "Valasaravakkam", "name:en": null, "element": null, "id": null, "category": null, "city": "chennai", "index_right": null, "n_osm_nodes": null, "phase": "phase2", "position_source": "nominatim", "confidence": "low", "Line": "Yellow Line", "Layout": "Elevated", "snap_offset_m": 60.30565604013955, "station_id": "MAA116", "radius_m": 800, "buffer_area_m2": 2007391.033949412, "prediction": 5804.0, "rank_phase2": 47.0, "label_top15": 0}, "geometry": {"type": "Polygon", "coordinates": [[[80.1800545823933, 13.04085845554636], [80.18002139205, 13.040149345329219], [80.17991747045836, 13.039446839231937], [80.17974381903072, 13.038757702724043], [80.17950211067776, 13.038088572463145], [80.17919467367625, 13.03744589238427], [80.17882446922755, 13.036835851647217], [80.17839506292364, 13.036264325039285], [80.17791059039632, 13.03573681640704], [80.17737571748049, 13.035258405661486], [80.17679559527588, 13.034833699866741], [80.1761758105398, 13.03446678888272], [80.175522331889, 13.034161205988644], [80.17484145232804, 13.033919893866138], [80.17413972865786, 13.03374517626916], [80.17342391834714, 13.033638735653168], [80.17270091447385, 13.03360159697869], [80.17197767936297, 13.033634117845024], [80.17126117755836, 13.033735985048944], [80.17055830877378, 13.033906217601352], [80.16987584146734, 13.034143176172918], [80.16922034767892, 13.034444578877773], [80.16859813975674, 13.034807523243384], [80.16801520958194, 13.035228514155248], [80.16747717087581, 13.035703497507658], [80.16698920514489, 13.036227899236668], [80.16655601178411, 13.036796669359937], [80.16618176281835, 13.037404330599488], [80.16587006271833, 13.038045031119866], [80.16562391367805, 13.038712600873898], [80.16544568668863, 13.039400611014088], [80.16533709868729, 13.040102435797673], [80.16529919600269, 13.040811316389565], [80.16533234425634, 13.041520425948969], [80.16543622481859, 13.042222935372987], [80.16560983785384, 13.042912079064244], [80.16585151192679, 13.043581220089083], [80.16615892007802, 13.044223914098822], [80.1665291022149, 13.044833971398305], [80.16695849360285, 13.045405516563752], [80.1674429591833, 13.045933045035449], [80.16797783338833, 13.046411476139955], [80.16855796506866, 13.04683620203078], [80.1691777671028, 13.04720313207573], [80.16983127020929, 13.04750873226308], [80.17051218044372, 13.047750059246628], [80.17121393982639, 13.047924788701321], [80.17192978951623, 13.04803123771602], [80.17265283492193, 13.048068381007438], [80.17337611212244, 13.048035860798839], [80.17409265495644, 13.04793399026818], [80.17479556213343, 13.047763750532411], [80.1754780637199, 13.047526781196908], [80.17613358635856, 13.047225364561184], [80.17675581659257, 13.046862403633142], [80.17733876168333, 13.046441394163757], [80.17787680733632, 13.045966390971907], [80.17836477177804, 13.045441968883937], [80.1787979556631, 13.044873178664593], [80.17917218733079, 13.04426549836411], [80.17948386297515, 13.043624780550466], [80.17972998134195, 13.042957195935386], [80.17990817261887, 13.042269173937477], [80.1800167212411, 13.041567340755186], [80.1800545823933, 13.04085845554636]]]}}, {"id": "117", "type": "Feature", "properties": {"railway": null, "station": null, "subway": null, "construction": null, "construction:railway": null, "public_transport": null, "network": null, "operator": null, "name": "Vanuvampet", "name:en": null, "element": null, "id": null, "category": null, "city": "chennai", "index_right": null, "n_osm_nodes": null, "phase": "phase2", "position_source": "nominatim", "confidence": "low", "Line": "Red Line", "Layout": "Elevated", "snap_offset_m": 6.454590733838308, "station_id": "MAA117", "radius_m": 800, "buffer_area_m2": 2007391.033949412, "prediction": 6086.0, "rank_phase2": 33.0, "label_top15": 0}, "geometry": {"type": "Polygon", "coordinates": [[[80.20304664702992, 12.981690670910206], [80.20301338877134, 12.980981557068498], [80.20290941635963, 12.980279054662649], [80.20273573169337, 12.979589929126016], [80.20249400800016, 12.978920817010238], [80.20218657370148, 12.97827816207563], [80.20181638996986, 12.97766815324021], [80.20138702219536, 12.977096664984748], [80.20090260563671, 12.976569200787424], [80.20036780558833, 12.976090840132574], [80.19978777244734, 12.975666189603363], [80.19916809211308, 12.975299338529076], [80.19851473219715, 12.974993819613672], [80.19783398456167, 12.974752574924358], [80.19713240473861, 12.974577927567355], [80.19641674881338, 12.974471559323248], [80.1956939083796, 12.974434494457004], [80.19497084419113, 12.974467089858312], [80.19425451914883, 12.974569031607055], [80.19355183126723, 12.974739337996857], [80.19286954726552, 12.974976368987594], [80.19221423742125, 12.975277841995933], [80.19159221231396, 12.975640853871905], [80.19100946206659, 12.976061908850156], [80.19047159866965, 12.976536952206983], [80.18998380194279, 12.977061409299344], [80.18955076965425, 12.977630229610234], [80.1891766722779, 12.978237935376757], [80.18886511282423, 12.978878674332925], [80.18861909213182, 12.979546276059688], [80.18844097995408, 12.980234311399949], [80.18833249212054, 12.980936154366663], [80.18829467399264, 12.981645045948223], [80.18832789037478, 12.982354159196793], [80.18843182197807, 12.983056664973027], [80.18860546847222, 12.983745797714038], [80.18884715809648, 12.984414920591332], [80.18915456373867, 12.985057589431028], [80.1895247253275, 12.985667614780748], [80.18995407832388, 12.986239121525092], [80.19043848803696, 12.98676660547535], [80.19097328943538, 12.987244986388097], [80.19155333207017, 12.987669656901675], [80.19217302967714, 12.988036526918803], [80.19282641398088, 12.988342063007561], [80.19350719218211, 12.988583322440787], [80.1942088075742, 12.988757981545653], [80.1949245027049, 12.988864358090106], [80.19564738447382, 12.988901427490209], [80.19637049053874, 12.988868832682035], [80.19708685638946, 12.988766887562907], [80.19778958244318, 12.98859657396873], [80.19847190051384, 12.988359532216474], [80.19912723901459, 12.988058045303042], [80.19974928626466, 12.987695016912772], [80.20033205129016, 12.987273943445642], [80.20086992153269, 12.986798880335877], [80.20135771690948, 12.98627440298562], [80.20179073970424, 12.985705562690365], [80.20216481980788, 12.985097837980998], [80.20247635487371, 12.984457081851476], [80.2027223450004, 12.983789465380804], [80.20290042160909, 12.983101418292685], [80.2030088702372, 12.98239956702562], [80.20304664702992, 12.981690670910206]]]}}, {"id": "118", "type": "Feature", "properties": {"railway": null, "station": null, "subway": null, "construction": null, "construction:railway": null, "public_transport": null, "network": null, "operator": null, "name": "Villivakkam", "name:en": null, "element": null, "id": null, "category": null, "city": "chennai", "index_right": null, "n_osm_nodes": null, "phase": "phase2", "position_source": "nominatim", "confidence": "medium", "Line": "Red Line", "Layout": "Underground", "snap_offset_m": 323.63998021480165, "station_id": "MAA118", "radius_m": 800, "buffer_area_m2": 2007391.033949412, "prediction": 5356.0, "rank_phase2": 78.0, "label_top15": 0}, "geometry": {"type": "Polygon", "coordinates": [[[80.2175942291617, 13.110507535795973], [80.21756093393799, 13.109798427445062], [80.21745688789461, 13.109095932367593], [80.21728309364526, 13.108406815924853], [80.2170412254784, 13.107737714578922], [80.21673361321142, 13.107095071983995], [80.21636321973443, 13.106485076936538], [80.21593361245998, 13.10591360378159], [80.21544892895453, 13.105386155848871], [80.21491383708342, 13.104907812463034], [80.21433349005285, 13.10448318003804], [80.21371347678259, 13.104116347726146], [80.21305976808699, 13.10381084804831], [80.21237865918245, 13.103569622884574], [80.21167670907474, 13.10339499515172], [80.21096067740926, 13.103288646440529], [80.21023745939183, 13.1032516008276], [80.20951401940607, 13.103284215017569], [80.20879732396558, 13.103386174910309], [80.20809427464602, 13.103556498626203], [80.20741164164193, 13.103793545960253], [80.20675599858734, 13.104095034174119], [80.20613365926717, 13.104458059974116], [80.20555061682789, 13.104879127463736], [80.2050124860727, 13.105354181801829], [80.20452444939608, 13.105878648242625], [80.20409120687836, 13.106447476181991], [80.20371693102057, 13.107055187786237], [80.20340522655567, 13.107695930735478], [80.20315909572341, 13.108363534574094], [80.20298090934337, 13.109051570126033], [80.2028723839657, 13.109753411403053], [80.20283456531985, 13.110462299410056], [80.20286781822172, 13.111171407233273], [80.20297182303715, 13.111873905784666], [80.20314557873678, 13.112563029569436], [80.20338741251366, 13.113232141843358], [80.20369499587191, 13.113874798532276], [80.2040653670324, 13.11448481029811], [80.20449495944021, 13.115056302153336], [80.20497963610015, 13.115583770049591], [80.20551472941, 13.116062133895035], [80.20609508610823, 13.116486786489464], [80.20671511690358, 13.116853637905505], [80.2073688503082, 13.117159154888057], [80.20804999015613, 13.117400394892057], [80.20875197625247, 13.117575034430416], [80.20946804756883, 13.117681391458689], [80.21019130737557, 13.117718441580639], [80.21091478968316, 13.117685827918361], [80.21163152635161, 13.117583864551698], [80.21233461422088, 13.117413533493774], [80.21301728161498, 13.11717647523173], [80.21367295357828, 13.116874972923869], [80.21429531521495, 13.1165119304055], [80.21487837252087, 13.116090844215599], [80.21541651012156, 13.11561576991397], [80.21590454535944, 13.11509128301357], [80.21633777820949, 13.114522434904767], [80.21671203654222, 13.113914704196366], [80.2170237162981, 13.113273943942419], [80.21726981618697, 13.112606325263544], [80.21744796657836, 13.11191827790609], [80.21755645230517, 13.111216428311996], [80.2175942291617, 13.110507535795973]]]}}, {"id": "119", "type": "Feature", "properties": {"railway": null, "station": null, "subway": null, "construction": null, "construction:railway": null, "public_transport": null, "network": null, "operator": null, "name": "Villivakkam Bus Terminus", "name:en": null, "element": null, "id": null, "category": null, "city": "chennai", "index_right": null, "n_osm_nodes": null, "phase": "phase2", "position_source": "nominatim", "confidence": "medium", "Line": "Red Line", "Layout": "Underground", "snap_offset_m": 39.21937049470414, "station_id": "MAA119", "radius_m": 800, "buffer_area_m2": 2007391.033949412, "prediction": 6239.0, "rank_phase2": 25.0, "label_top15": 0}, "geometry": {"type": "Polygon", "coordinates": [[[80.21539534795727, 13.105493617980702], [80.21536205887878, 13.104784509466302], [80.21525802039739, 13.104082013701841], [80.21508423505375, 13.10339289605536], [80.21484237705035, 13.102723793000669], [80.21453477610663, 13.10208114820858], [80.21416439500355, 13.101471150496868], [80.21373480103443, 13.100899674236377], [80.2132501316377, 13.100372222786882], [80.2127150545428, 13.099893875507032], [80.21213472281383, 13.099469238848393], [80.21151472522335, 13.099102402004078], [80.21086103243493, 13.098796897538744], [80.21017993951202, 13.09855566737857], [80.20947800530672, 13.098381034488458], [80.20876198931155, 13.098274680508814], [80.20803878658175, 13.09823762956692], [80.20731536135392, 13.098270238418637], [80.20659867999979, 13.098372193015145], [80.20589564395955, 13.098542511527695], [80.20521302330008, 13.098779553801254], [80.20455739153662, 13.099081037146078], [80.20393506234544, 13.099444058315209], [80.20335202877547, 13.099865121456585], [80.20281390554449, 13.100340171770794], [80.20232587497443, 13.100864634550693], [80.20189263708667, 13.101433459227303], [80.20151836433749, 13.102041167998264], [80.2012066614297, 13.102681908570924], [80.20096053058778, 13.103349510512533], [80.2007823426312, 13.104037544665305], [80.20067381412497, 13.104739385054508], [80.20063599082839, 13.10544827269365], [80.20066923760191, 13.106157380672604], [80.20077323487016, 13.106859879901934], [80.20094698167621, 13.107549004880457], [80.2011888052986, 13.108218118852578], [80.20149637733913, 13.108860777727953], [80.20186673612757, 13.109470792147585], [80.20229631522812, 13.110042287098555], [80.2027809777738, 13.110569758502828], [80.20331605629836, 13.111048126234893], [80.20389639768284, 13.11147278305723], [80.20451641278358, 13.11183963900184], [80.20517013026411, 13.112145160770051], [80.20585125411209, 13.112386405770748], [80.20655322428698, 13.112561050468711], [80.20726927991394, 13.112667412769772], [80.20799252441475, 13.112704468226855], [80.20871599194754, 13.112671859910586], [80.20943271451486, 13.11256990184921], [80.21013578909266, 13.11239957600462], [80.21081844413315, 13.112162522813623], [80.21147410479979, 13.11186102538552], [80.21209645630562, 13.111497987508468], [80.21267950474413, 13.111076905676613], [80.21321763482621, 13.110601835407627], [80.21370566396658, 13.11007735217551], [80.21413889219883, 13.109508507335201], [80.21451314743776, 13.108900779463946], [80.21482482565342, 13.108260021588405], [80.21507092557027, 13.10759240480628], [80.21524907755727, 13.106904358845656], [80.2153575664317, 13.106202510135034], [80.21539534795727, 13.105493617980702]]]}}, {"id": "120", "type": "Feature", "properties": {"railway": null, "station": null, "subway": null, "construction": null, "construction:railway": null, "public_transport": null, "network": null, "operator": null, "name": "Villivakkam CTH Road", "name:en": null, "element": null, "id": null, "category": null, "city": "chennai", "index_right": null, "n_osm_nodes": null, "phase": "phase2", "position_source": "nominatim", "confidence": "medium", "Line": "Red Line", "Layout": "Underground", "snap_offset_m": 1.745919403916193, "station_id": "MAA120", "radius_m": 800, "buffer_area_m2": 2007391.033949412, "prediction": 5657.0, "rank_phase2": 56.0, "label_top15": 0}, "geometry": {"type": "Polygon", "coordinates": [[[80.20942287262335, 13.103527553607695], [80.20938960062269, 13.102818445200347], [80.20928557972013, 13.102115947927773], [80.20911181228706, 13.101426827172803], [80.2088699723535, 13.100757719439464], [80.20856238946497, 13.100115068443857], [80.20819202622873, 13.099505063063713], [80.20776244976624, 13.098933577743905], [80.20727779734756, 13.098406115931574], [80.20674273653896, 13.097927757085248], [80.20616242024792, 13.097503107767896], [80.20554243709871, 13.097136257294522], [80.20488875761609, 13.096830738360943], [80.20420767673566, 13.096589493032536], [80.20350575319382, 13.096414844420103], [80.20278974638063, 13.096308474315238], [80.20206655126307, 13.096271407000273], [80.20134313200458, 13.096303999388484], [80.20062645491946, 13.096405937589324], [80.19992342140682, 13.096576239931663], [80.19924080150912, 13.096813266415928], [80.19858516873418, 13.097114734504197], [80.19796283676784, 13.097477741096224], [80.19737979868555, 13.097898790480167], [80.1968416692483, 13.098373827988985], [80.19635363083748, 13.098898279038766], [80.19592038354972, 13.099467093173487], [80.19554609993146, 13.10007479269235], [80.19523438478993, 13.100715525391886], [80.19498824046711, 13.101383120915301], [80.19481003791202, 13.102071150166822], [80.19470149383004, 13.102772987219119], [80.19466365413034, 13.103481873118096], [80.19469688383113, 13.104190980970646], [80.19480086352142, 13.104893481688833], [80.19497459241357, 13.105582609757413], [80.19521639795867, 13.106251728391298], [80.19552395193271, 13.10689439345549], [80.19589429283964, 13.107504415531604], [80.19632385441608, 13.108075919533158], [80.19680849996404, 13.108603401295072], [80.19734356218127, 13.109081780592177], [80.19792388810615, 13.109506450075584], [80.19854388874423, 13.109873319655321], [80.19919759289863, 13.11017885590133], [80.19987870468563, 13.110420116082922], [80.2005806641811, 13.110594776518495], [80.20129671061332, 13.110701154962095], [80.20201994749277, 13.110738226810938], [80.20274340905114, 13.110705634977522], [80.20346012734854, 13.110603693331072], [80.20416319940209, 13.110433383675124], [80.20484585368825, 13.110196346290305], [80.20550151537765, 13.109894864133452], [80.20612386967332, 13.109531840845454], [80.20670692264164, 13.109110772779765], [80.20724505894964, 13.108635715321364], [80.20773309595182, 13.108111243820808], [80.20816633360575, 13.107542409520027], [80.20854059973513, 13.106934690894802], [80.2088522902049, 13.106293940882841], [80.20909840362116, 13.105626330506238], [80.20927657022258, 13.104938289431585], [80.20938507468553, 13.104236444040552], [80.20942287262335, 13.103527553607695]]]}}, {"id": "121", "type": "Feature", "properties": {"railway": null, "station": null, "subway": null, "construction": null, "construction:railway": null, "public_transport": null, "network": null, "operator": null, "name": "Virugambakkam", "name:en": null, "element": null, "id": null, "category": null, "city": "chennai", "index_right": null, "n_osm_nodes": null, "phase": "phase2", "position_source": "nominatim", "confidence": "medium", "Line": "Red Line", "Layout": "Elevated", "snap_offset_m": 46.57932995516726, "station_id": "MAA121", "radius_m": 800, "buffer_area_m2": 2007391.033949412, "prediction": 6088.0, "rank_phase2": 32.0, "label_top15": 0}, "geometry": {"type": "Polygon", "coordinates": [[[80.19949953976597, 13.052264336166953], [80.19946629431053, 13.051555225722707], [80.19936231454132, 13.050852724545669], [80.19918860243126, 13.05016359805706], [80.19894683147551, 13.049494482817067], [80.19863933055359, 13.048851822615203], [80.19826906148205, 13.048241806419057], [80.19783959047471, 13.047670308778926], [80.19735505378573, 13.047142833261876], [80.19682011786702, 13.046664459459642], [80.19623993442406, 13.046239794080373], [80.19562009080285, 13.045872926594752], [80.19496655618609, 13.045567389863283], [80.19428562411622, 13.04532612612337], [80.19358385189884, 13.045151458663543], [80.19286799746916, 13.045045069457064], [80.19214495432922, 13.045007982970139], [80.19142168518148, 13.045040556300345], [80.19070515489713, 13.04514247574011], [80.19000226346385, 13.045312759798211], [80.18931977955786, 13.045549768650211], [80.18866427537905, 13.045851219926877], [80.18804206337605, 13.046214210688682], [80.18745913546985, 13.046635245374958], [80.18692110536067, 13.047110269458953], [80.18643315447316, 13.04763470848481], [80.18599998206028, 13.048203512111172], [80.18562575994625, 13.048811202737431], [80.18531409234431, 13.04945192824492], [80.18506798113663, 13.050119518345483], [80.18488979695101, 13.050807543995147], [80.18478125631341, 13.051509379301123], [80.18474340509722, 13.052218265326214], [80.18477660842895, 13.052927375176438], [80.18488054714899, 13.053629879745177], [80.18505422086194, 13.054319013480876], [80.18529595754822, 13.05498813954484], [80.18560342964525, 13.055630813731602], [80.18597367644422, 13.056240846536141], [80.18640313258722, 13.056812362769906], [80.18688766239134, 13.05733985815129], [80.18742259966922, 13.057818252325182], [80.18800279266318, 13.058242937800562], [80.18862265366016, 13.058609824334466], [80.18927621280974, 13.058915378334376], [80.18995717562666, 13.059156656899265], [80.19065898362375, 13.0593313361709], [80.19137487749083, 13.059437733722083], [80.19209796221025, 13.059474824765935], [80.19282127348173, 13.059442252029754], [80.19353784481524, 13.059340329198285], [80.19424077464562, 13.059170037893097], [80.1949232928211, 13.058933018217123], [80.1955788258248, 13.05863155295556], [80.19620106010038, 13.058268545585367], [80.19678400287088, 13.057847492305452], [80.19732203986494, 13.057372448357127], [80.19780998939328, 13.056847988959607], [80.19824315225515, 13.05627916523713], [80.19861735699341, 13.055671455562592], [80.19892900006255, 13.05503071278666], [80.19917508052316, 13.054363107861121], [80.19935322892907, 13.053675070399658], [80.19946173012927, 13.052973226748971], [80.19949953976597, 13.052264336166953]]]}}, {"id": "122", "type": "Feature", "properties": {"railway": null, "station": null, "subway": null, "construction": null, "construction:railway": null, "public_transport": null, "network": null, "operator": null, "name": "Adyar Junction", "name:en": null, "element": null, "id": null, "category": null, "city": "chennai", "index_right": null, "n_osm_nodes": null, "phase": "phase2", "position_source": "nominatim_stem", "confidence": "medium", "Line": "Purple Line", "Layout": "Underground", "snap_offset_m": 6.792270001904411, "station_id": "MAA122", "radius_m": 800, "buffer_area_m2": 2007391.033949412, "prediction": 7202.0, "rank_phase2": 10.0, "label_top15": 1}, "geometry": {"type": "Polygon", "coordinates": [[[80.26509656784013, 13.006490561519055], [80.26506313377648, 13.005781446985585], [80.26495897917897, 13.00507896046278], [80.26478510770106, 13.004389867228136], [80.26454319436918, 13.003720803519407], [80.26423556943018, 13.003078212628127], [80.26386519589101, 13.002468282853268], [80.2634356409676, 13.001896887912329], [80.26295104171845, 13.001369530383426], [80.26241606519453, 13.00089128872274], [80.2618358634893, 13.000466768367131], [80.26121602412219, 13.000100057392515], [80.26056251623311, 12.999794687154425], [80.25988163310602, 12.99955359828958], [80.25917993157483, 12.99937911240535], [80.2584641688945, 12.999272909729493], [80.25774123768468, 12.999236012935015], [80.25701809957181, 12.999268777295775], [80.25630171816772, 12.999370887267387], [80.25559899202945, 12.9995413595263], [80.25491668824483, 12.999778552437784], [80.25426137728297, 13.00008018186171], [80.25363936973564, 13.000443343144008], [80.2530566555588, 13.000864539082347], [80.25251884639809, 13.001339713596892], [80.2520311215538, 13.001864290782363], [80.25159817810503, 13.002433218965503], [80.25122418567337, 13.003041019344296], [80.25091274626193, 13.00368183874076], [80.25066685955639, 13.004349505959823], [80.25048889402275, 13.005037591211813], [80.25038056408083, 13.005739468026793], [80.25034291357362, 13.006448377064594], [80.25037630569278, 13.0071574912065], [80.250480419458, 13.007859981301648], [80.25065425278497, 13.008549081935271], [80.25089613211338, 13.009218156585273], [80.25120372850316, 13.00986076153965], [80.25157408004443, 13.010470707958994], [80.25200362036666, 13.011042121486165], [80.25248821297245, 13.011569498828795], [80.25302319106615, 13.012047760769274], [80.25360340249395, 13.012472301091387], [80.25422325936279, 13.012839030951934], [80.25487679186021, 13.013144418269594], [80.25555770575653, 13.013385521751298], [80.2562594430354, 13.013560019227953], [80.25697524506812, 13.013666230026308], [80.25769821772273, 13.013703131161217], [80.2584213977801, 13.013670367192024], [80.25913782001648, 13.013568253648067], [80.25984058430569, 13.013397773990174], [80.26052292209376, 13.013160570137421], [80.26117826160487, 13.012858926650393], [80.26180029115008, 13.012495748723612], [80.26238301992811, 13.01207453419904], [80.26292083573217, 13.011599339870765], [80.26340855900668, 13.011074742405508], [80.2638414927329, 13.010505794255858], [80.26421546766281, 13.009897974991139], [80.26452688246592, 13.0092571385151], [80.26477273840223, 13.008589456679186], [80.26495066818816, 13.007901359834769], [80.2650589587777, 13.007199474897295], [80.26509656784013, 13.006490561519055]]]}}, {"id": "123", "type": "Feature", "properties": {"railway": null, "station": null, "subway": null, "construction": null, "construction:railway": null, "public_transport": null, "network": null, "operator": null, "name": "Alapakkam Junction", "name:en": null, "element": null, "id": null, "category": null, "city": "chennai", "index_right": null, "n_osm_nodes": null, "phase": "phase2", "position_source": "nominatim_stem", "confidence": "low", "Line": "Yellow Line", "Layout": "Elevated", "snap_offset_m": 1250.9871115265337, "station_id": "MAA123", "radius_m": 800, "buffer_area_m2": 2007391.033949412, "prediction": 5484.0, "rank_phase2": 69.0, "label_top15": 0}, "geometry": {"type": "Polygon", "coordinates": [[[80.1782643594775, 13.039956056430464], [80.17823117420961, 13.039246946245436], [80.17812725793371, 13.038544439704213], [80.17795361201091, 13.037855302280692], [80.17771190929888, 13.03718617064138], [80.1774044780201, 13.036543488734647], [80.17703427932082, 13.035933445737978], [80.17660487873776, 13.035361916460491], [80.17612041184766, 13.034834404774484], [80.17558554443121, 13.034355990620424], [80.17500542753528, 13.03393128109526], [80.17438564786617, 13.033564366094833], [80.17373217399188, 13.033258778937014], [80.17305129887112, 13.03301746234447], [80.17234957926215, 13.032842740114148], [80.17163377259459, 13.032736294746062], [80.17091077191144, 13.032699151246435], [80.17018753950695, 13.032731667260963], [80.16947103989905, 13.032833529633054], [80.16876817278026, 13.033003757420058], [80.16808570659272, 13.033240711338454], [80.16743021336546, 13.033542109547115], [80.16680800544131, 13.033905049616731], [80.16622507470133, 13.034326036474123], [80.1656870348722, 13.034801016052574], [80.1651990674712, 13.035325414324474], [80.16476587190925, 13.035894181340733], [80.16439162023234, 13.036501839853328], [80.16407991693714, 13.03714253805307], [80.16383376424841, 13.037810105915172], [80.16365553319224, 13.038498114610416], [80.163546940745, 13.039199938410011], [80.16350903327803, 13.039908818488414], [80.1635421764589, 13.04061792800986], [80.16364605170675, 13.041320437871903], [80.16381965923712, 13.042009582473034], [80.16406132766775, 13.042678724870909], [80.1643687300936, 13.04332142070371], [80.16473890647718, 13.043931480258788], [80.16516829213938, 13.044503028090698], [80.16565275207687, 13.045030559614089], [80.16618762077611, 13.045508994126168], [80.16676774714097, 13.045933723747638], [80.16738754410123, 13.046300657810368], [80.16804104242442, 13.046606262263927], [80.16872194821227, 13.04684759372099], [80.16942370352801, 13.047022327813371], [80.1701395495698, 13.047128781585203], [80.17086259178156, 13.047165929707312], [80.17158586627305, 13.047133414356363], [80.17230240690901, 13.04703154866345], [80.17300531242024, 13.04686131369884], [80.17368781288918, 13.046624349021881], [80.17434333496936, 13.04632293688715], [80.17496556520919, 13.045959980259124], [80.17554851087004, 13.045538974847311], [80.17608655765179, 13.045063975431473], [80.17657452376999, 13.044539556801555], [80.177007709863, 13.043970769688988], [80.17738194424878, 13.043363092114092], [80.17769362309508, 13.042722376618613], [80.17793974511672, 13.04205479389199], [80.17811794046611, 13.041366773334692], [80.17822649353911, 13.04066494113135], [80.1782643594775, 13.039956056430464]]]}}, {"id": "124", "type": "Feature", "properties": {"railway": null, "station": null, "subway": null, "construction": null, "construction:railway": null, "public_transport": null, "network": null, "operator": null, "name": "Kolathur Junction", "name:en": null, "element": null, "id": null, "category": null, "city": "chennai", "index_right": null, "n_osm_nodes": null, "phase": "phase2", "position_source": "nominatim_stem", "confidence": "medium", "Line": "Red Line", "Layout": "Underground", "snap_offset_m": 58.42257950423166, "station_id": "MAA124", "radius_m": 800, "buffer_area_m2": 2007391.033949412, "prediction": 6725.0, "rank_phase2": 16.0, "label_top15": 0}, "geometry": {"type": "Polygon", "coordinates": [[[80.21155534057971, 13.124422377305255], [80.21152206318406, 13.123713269803542], [80.21141803090327, 13.123010773675329], [80.2112442462193, 13.1223216542922], [80.21100238332917, 13.121652548144652], [80.21069477200025, 13.121009898933124], [80.21032437511433, 13.12039989551775], [80.2098947601173, 13.119828412323995], [80.20941006465057, 13.119300952778044], [80.208874956695, 13.118822596316098], [80.20829458961192, 13.118397949477702], [80.20767455251436, 13.11803110155354], [80.20702081644606, 13.117725585214497], [80.2063396768868, 13.11748434250066], [80.20563769313726, 13.117309696497408], [80.20492162516632, 13.11720332897107], [80.20419836852892, 13.117166264179096], [80.2034748879799, 13.117198859010504], [80.20275815042278, 13.117300799551366], [80.20205505783808, 13.117471104108247], [80.20137238083623, 13.117708132660567], [80.2007166934743, 13.118009602650849], [80.20009430996318, 13.118372610960986], [80.19951122387434, 13.118793661863048], [80.19897305043082, 13.119268700675864], [80.1984849724379, 13.119793152803462], [80.19805169037352, 13.120361967779909], [80.19767737711948, 13.120969667896738], [80.19736563776897, 13.121610400945096], [80.1971194748979, 13.122277996565154], [80.19694125963476, 13.122966025660421], [80.19683270880829, 13.123667862305242], [80.19679486839364, 13.12437674754948], [80.19682810341703, 13.125085854506287], [80.19693209441719, 13.125788354096217], [80.19710584049857, 13.126477480814652], [80.19734766894759, 13.127146597889203], [80.19765525132044, 13.127789261199496], [80.19802562584816, 13.128399281343615], [80.198455225944, 13.1289707832532], [80.19893991453924, 13.129498262782839], [80.19947502391706, 13.129976639728364], [80.20005540066145, 13.13040130676306], [80.20067545528816, 13.130768173820107], [80.20132921607981, 13.131073707493352], [80.20201038660646, 13.131314965076575], [80.20271240637742, 13.131489622912959], [80.2034285140395, 13.131595998781448], [80.20415181251248, 13.131633068104], [80.20487533543377, 13.131600473817494], [80.20559211427152, 13.131498529814916], [80.20629524545883, 13.131328217922734], [80.20697795690177, 13.131091178443416], [80.20763367321975, 13.130789694354354], [80.2082560790891, 13.130426669315478], [80.20883918007912, 13.130005599697581], [80.20937736039413, 13.129530540901078], [80.20986543696482, 13.129006068289902], [80.21029870936786, 13.128437233117156], [80.21067300509274, 13.127829513867443], [80.21098471971992, 13.127188763484883], [80.2112308516236, 13.126521152995446], [80.21140903086533, 13.125833112067037], [80.21151754200064, 13.125131267080068], [80.21155534057971, 13.124422377305255]]]}}, {"id": "125", "type": "Feature", "properties": {"railway": null, "station": null, "subway": null, "construction": null, "construction:railway": null, "public_transport": null, "network": null, "operator": null, "name": "Nookampalayam Depot", "name:en": null, "element": null, "id": null, "category": null, "city": "chennai", "index_right": null, "n_osm_nodes": null, "phase": "phase2", "position_source": "nominatim_stem", "confidence": "low", "Line": "Purple Line", "Layout": "Elevated", "snap_offset_m": null, "station_id": "MAA125", "radius_m": 800, "buffer_area_m2": 2007391.033949412, "prediction": 5355.0, "rank_phase2": 79.0, "label_top15": 0}, "geometry": {"type": "Polygon", "coordinates": [[[80.23407244048633, 12.884374478502831], [80.2340390909478, 12.88366535912289], [80.23393505513263, 12.882962861245389], [80.2337613355449, 12.882273750259333], [80.23351960574348, 12.881604662576029], [80.23321219420387, 12.880962041720782], [80.2328420618751, 12.880352076284224], [80.2324127736485, 12.879780640330456], [80.23192846401376, 12.879253236835693], [80.23139379723355, 12.878774944701743], [80.23081392242037, 12.878350369854244], [80.2301944239487, 12.877983600896183], [80.22954126767964, 12.877678169743348], [80.2288607435159, 12.87743701762038], [80.22815940484007, 12.877262466744574], [80.22744400541875, 12.877156197969672], [80.22672143437951, 12.877119234604725], [80.22599864988646, 12.877151932563569], [80.22528261215186, 12.877253976939613], [80.22458021642849, 12.877424385038863], [80.22389822662687, 12.877661515841897], [80.22324321019607, 12.877963085803826], [80.22262147489423, 12.878326190840156], [80.22203900805698, 12.878747334287064], [80.22150141894836, 12.879222460567128], [80.22101388474861, 12.879746994236617], [80.22058110069872, 12.880315884038696], [80.22020723488203, 12.880923651538664], [80.21989588807806, 12.88156444387336], [80.21965005907559, 12.882232090107028], [80.21947211577923, 12.882920160651409], [80.21936377238846, 12.8836220291781], [80.21932607286953, 12.884330936427315], [80.21935938087981, 12.885040055298662], [80.219463376243, 12.885742556597425], [80.2196370580096, 12.886431674803118], [80.21987875407416, 12.887100773227], [80.22018613725766, 12.887743407930998], [80.2205562477008, 12.888353389792284], [80.22098552135328, 12.888924844115564], [80.22146982428552, 12.889452267218697], [80.22200449249243, 12.889930579446334], [80.22258437680662, 12.890355174100645], [80.22320389248853, 12.890721961817476], [80.2238570730157, 12.89102740996016], [80.22453762755316, 12.891268576651134], [80.22523900155107, 12.891443139113278], [80.22595443988547, 12.891549416047578], [80.22667705193334, 12.891586383831427], [80.22739987795464, 12.891553686381176], [80.22811595614122, 12.891451638583867], [80.22881838968574, 12.891281223264976], [80.22950041322422, 12.891044081721372], [80.23015545801113, 12.890742497910688], [80.2307772151986, 12.890379376449626], [80.23135969660994, 12.889958214633207], [80.23189729242105, 12.889483068744774], [80.23238482519413, 12.8889585149816], [80.23281759974302, 12.88838960537271], [80.23319144834946, 12.88778181911397], [80.23350277089533, 12.887141009789428], [80.23374856952408, 12.886473348987748], [80.23392647749834, 12.885785266857035], [80.23403478197602, 12.885083390170944], [80.23407244048633, 12.884374478502831]]]}}, {"id": "126", "type": "Feature", "properties": {"railway": null, "station": null, "subway": null, "construction": null, "construction:railway": null, "public_transport": null, "network": null, "operator": null, "name": "Perambur Market", "name:en": null, "element": null, "id": null, "category": null, "city": "chennai", "index_right": null, "n_osm_nodes": null, "phase": "phase2", "position_source": "nominatim_stem", "confidence": "low", "Line": "Purple Line", "Layout": "Underground", "snap_offset_m": 156.9911578269286, "station_id": "MAA126", "radius_m": 800, "buffer_area_m2": 2007391.033949412, "prediction": 5449.0, "rank_phase2": 75.0, "label_top15": 0}, "geometry": {"type": "Polygon", "coordinates": [[[80.25095371739056, 13.112140486601733], [80.25092032640168, 13.111431377377013], [80.25081618449573, 13.110728890607536], [80.25064229520925, 13.110039791573096], [80.25040033374523, 13.109370716566739], [80.25009263081864, 13.108728108987783], [80.24972215019149, 13.108118157294438], [80.24929246011416, 13.107546735413461], [80.24880769894907, 13.107019346180278], [80.24827253530776, 13.106541068354032], [80.24769212308603, 13.106116507717406], [80.24707205182982, 13.105749752731695], [80.24641829291043, 13.105444335173843], [80.24573714202663, 13.105203196133962], [80.2450351585873, 13.105028657700588], [80.24431910255798, 13.10492240060581], [80.2435958693786, 13.104885448045387], [80.24287242357849, 13.104918155829324], [80.24215573172731, 13.10502020895767], [80.24145269536653, 13.105190624654387], [80.24077008456659, 13.10542776183003], [80.24011447274869, 13.105729336882257], [80.23949217339806, 13.106092445682103], [80.2389091792777, 13.106513591534492], [80.238371104727, 13.1069887188441], [80.2378831316008, 13.10751325216259], [80.23744995936906, 13.108082140241674], [80.2370757598575, 13.108689904668083], [80.23676413706539, 13.109330692612536], [80.2365180924472, 13.109998333185166], [80.23633999599339, 13.110686396854987], [80.23623156338893, 13.11138825736163], [80.23619383947037, 13.112097155523355], [80.23622718814163, 13.112806264327066], [80.23633128884615, 13.113508754673749], [80.23650513963075, 13.114197861146131], [80.23674706677203, 13.114866947165341], [80.23705474087403, 13.115509568908843], [80.2374251992825, 13.116119537374077], [80.23785487460083, 13.116690977989764], [80.23833962903385, 13.117218387200518], [80.23887479422865, 13.117696685479459], [80.23945521622983, 13.118121266257921], [80.24007530511555, 13.11848804030057], [80.24072908883704, 13.118793475098116], [80.24141027074243, 13.11903462889793], [80.24211229023068, 13.119209179044272], [80.24282838595089, 13.119315444354916], [80.24355166093785, 13.11935240131838], [80.2442751490556, 13.119319693955454], [80.24499188210821, 13.119217637249902], [80.24569495697087, 13.11904721411524], [80.24637760209353, 13.118810065926745], [80.24703324273602, 13.118508476709973], [80.24765556430536, 13.118145351138235], [80.24823857318472, 13.117724186551133], [80.2487766544675, 13.117249039263962], [80.24926462604017, 13.116724485492776], [80.2496977884925, 13.116155577271853], [80.25007197037453, 13.11554779378851], [80.25038356836453, 13.114906988604355], [80.25062958196114, 13.114239333271794], [80.25080764236603, 13.11355125788901], [80.2509160352796, 13.112849389166499], [80.25095371739056, 13.112140486601733]]]}}, {"id": "127", "type": "Feature", "properties": {"railway": null, "station": null, "subway": null, "construction": null, "construction:railway": null, "public_transport": null, "network": null, "operator": null, "name": "SIPCOT I", "name:en": null, "element": null, "id": null, "category": null, "city": "chennai", "index_right": null, "n_osm_nodes": null, "phase": "phase2", "position_source": "nominatim_stem", "confidence": "low", "Line": "Purple Line", "Layout": "Elevated", "snap_offset_m": 0.004087446653689682, "station_id": "MAA127", "radius_m": 800, "buffer_area_m2": 2007391.033949412, "prediction": 5575.0, "rank_phase2": 60.0, "label_top15": 0}, "geometry": {"type": "Polygon", "coordinates": [[[80.25008528795044, 13.0687345269924], [80.25005189831408, 13.068025415745236], [80.24994777019919, 13.067322927405671], [80.24977390700741, 13.066633827268936], [80.24953198368848, 13.065964751639207], [80.24922433058838, 13.065322143922451], [80.2488539109878, 13.064712192579021], [80.24842429254848, 13.064140771533198], [80.24793961294223, 13.063613383613331], [80.247404539995, 13.063135107566922], [80.24682422672933, 13.06271054916051], [80.24620426173888, 13.062343796834867], [80.24555061537255, 13.062038382342173], [80.24486958224658, 13.061797246743788], [80.24416772063748, 13.061622712095707], [80.24345178933946, 13.061516459094014], [80.24272868259331, 13.0614795108953], [80.24200536371292, 13.061512223267636], [80.2412887980478, 13.06161428116675], [80.24058588592634, 13.061784701770328], [80.23990339622435, 13.062021843941167], [80.23924790119845, 13.062323424028163], [80.23862571321058, 13.062686537853056], [80.23804282395217, 13.063107688671481], [80.23750484675341, 13.063582820839311], [80.23701696253177, 13.06410735886043], [80.23658386990076, 13.064676251440261], [80.23620973991889, 13.065284020121235], [80.23589817591473, 13.065924812032234], [80.2356521787752, 13.066592456244427], [80.2354741180318, 13.067280523191183], [80.23536570902367, 13.067982386580121], [80.235327996358, 13.068691287201485], [80.23536134382813, 13.069400398018427], [80.23546543088692, 13.070102889912675], [80.23563925571051, 13.07079199745239], [80.2358811448236, 13.071461084048904], [80.23618876919474, 13.072103705874799], [80.23655916664727, 13.072713673927517], [80.2369887703706, 13.073285113640651], [80.23747344325841, 13.073812521468474], [80.23800851774298, 13.074290817898433], [80.23858884074268, 13.074715396380668], [80.23920882328979, 13.075082167702897], [80.23986249436065, 13.075387599382909], [80.24054355838973, 13.07562874969885], [80.24124545591285, 13.075803296029134], [80.2419614267557, 13.075909557228746], [80.24268457515781, 13.075946509826041], [80.24340793620443, 13.075913797883922], [80.24412454292562, 13.075811736430124], [80.2448274934153, 13.075641308423567], [80.24551001732313, 13.075404155285941], [80.24616554107796, 13.075102561089807], [80.2467877512139, 13.074739430555622], [80.24737065518829, 13.074318261069887], [80.24790863910548, 13.073843108994103], [80.24839652178977, 13.073318550589434], [80.24882960468676, 13.072749637933784], [80.249203717112, 13.072141850256227], [80.24951525641161, 13.071501041157909], [80.24976122264805, 13.070833382228155], [80.24993924747739, 13.070145303599196], [80.2500476169407, 13.069443432012342], [80.25008528795044, 13.0687345269924]]]}}, {"id": "128", "type": "Feature", "properties": {"railway": null, "station": null, "subway": null, "construction": null, "construction:railway": null, "public_transport": null, "network": null, "operator": null, "name": "SIPCOT II", "name:en": null, "element": null, "id": null, "category": null, "city": "chennai", "index_right": null, "n_osm_nodes": null, "phase": "phase2", "position_source": "nominatim_stem", "confidence": "low", "Line": "Purple Line", "Layout": "Elevated", "snap_offset_m": 0.004087446653689682, "station_id": "MAA128", "radius_m": 800, "buffer_area_m2": 2007391.033949412, "prediction": 5575.0, "rank_phase2": 61.0, "label_top15": 0}, "geometry": {"type": "Polygon", "coordinates": [[[80.25008528795044, 13.0687345269924], [80.25005189831408, 13.068025415745236], [80.24994777019919, 13.067322927405671], [80.24977390700741, 13.066633827268936], [80.24953198368848, 13.065964751639207], [80.24922433058838, 13.065322143922451], [80.2488539109878, 13.064712192579021], [80.24842429254848, 13.064140771533198], [80.24793961294223, 13.063613383613331], [80.247404539995, 13.063135107566922], [80.24682422672933, 13.06271054916051], [80.24620426173888, 13.062343796834867], [80.24555061537255, 13.062038382342173], [80.24486958224658, 13.061797246743788], [80.24416772063748, 13.061622712095707], [80.24345178933946, 13.061516459094014], [80.24272868259331, 13.0614795108953], [80.24200536371292, 13.061512223267636], [80.2412887980478, 13.06161428116675], [80.24058588592634, 13.061784701770328], [80.23990339622435, 13.062021843941167], [80.23924790119845, 13.062323424028163], [80.23862571321058, 13.062686537853056], [80.23804282395217, 13.063107688671481], [80.23750484675341, 13.063582820839311], [80.23701696253177, 13.06410735886043], [80.23658386990076, 13.064676251440261], [80.23620973991889, 13.065284020121235], [80.23589817591473, 13.065924812032234], [80.2356521787752, 13.066592456244427], [80.2354741180318, 13.067280523191183], [80.23536570902367, 13.067982386580121], [80.235327996358, 13.068691287201485], [80.23536134382813, 13.069400398018427], [80.23546543088692, 13.070102889912675], [80.23563925571051, 13.07079199745239], [80.2358811448236, 13.071461084048904], [80.23618876919474, 13.072103705874799], [80.23655916664727, 13.072713673927517], [80.2369887703706, 13.073285113640651], [80.23747344325841, 13.073812521468474], [80.23800851774298, 13.074290817898433], [80.23858884074268, 13.074715396380668], [80.23920882328979, 13.075082167702897], [80.23986249436065, 13.075387599382909], [80.24054355838973, 13.07562874969885], [80.24124545591285, 13.075803296029134], [80.2419614267557, 13.075909557228746], [80.24268457515781, 13.075946509826041], [80.24340793620443, 13.075913797883922], [80.24412454292562, 13.075811736430124], [80.2448274934153, 13.075641308423567], [80.24551001732313, 13.075404155285941], [80.24616554107796, 13.075102561089807], [80.2467877512139, 13.074739430555622], [80.24737065518829, 13.074318261069887], [80.24790863910548, 13.073843108994103], [80.24839652178977, 13.073318550589434], [80.24882960468676, 13.072749637933784], [80.249203717112, 13.072141850256227], [80.24951525641161, 13.071501041157909], [80.24976122264805, 13.070833382228155], [80.24993924747739, 13.070145303599196], [80.2500476169407, 13.069443432012342], [80.25008528795044, 13.0687345269924]]]}}, {"id": "129", "type": "Feature", "properties": {"railway": null, "station": null, "subway": null, "construction": null, "construction:railway": null, "public_transport": null, "network": null, "operator": null, "name": "Saligramam Warehouse", "name:en": null, "element": null, "id": null, "category": null, "city": "chennai", "index_right": null, "n_osm_nodes": null, "phase": "phase2", "position_source": "nominatim_stem", "confidence": "low", "Line": "Yellow Line", "Layout": "Elevated", "snap_offset_m": 963.5850631599033, "station_id": "MAA129", "radius_m": 800, "buffer_area_m2": 2007391.033949412, "prediction": 5574.0, "rank_phase2": 63.0, "label_top15": 0}, "geometry": {"type": "Polygon", "coordinates": [[[80.21375553785951, 13.048706077677702], [80.2137222515207, 13.04799696656719], [80.21361823203404, 13.04729446870193], [80.21344448175462, 13.046605349470626], [80.21320267454469, 13.045936245363054], [80.21289513963231, 13.045293600061031], [80.21252483916078, 13.044683602388305], [80.21209533964557, 13.044112126716543], [80.21161077761465, 13.043584676401121], [80.21107581976331, 13.04310633079108], [80.21049561800754, 13.0426816963232], [80.20987575986908, 13.042314862170743], [80.20922221466988, 13.042009360873562], [80.2085412760539, 13.041768134328295], [80.2078395013894, 13.041593505465823], [80.20712364863505, 13.041487155888305], [80.20640061127665, 13.041450109680957], [80.20567735196111, 13.041482723554099], [80.20496083546517, 13.041584683410358], [80.20425796164409, 13.041755007369883], [80.20357549900494, 13.041992055224512], [80.20292001954341, 13.042293544229855], [80.20229783547072, 13.042656571083388], [80.20171493843961, 13.043077639877117], [80.20117694185366, 13.043552695755919], [80.20068902681537, 13.044077163957738], [80.20025589223319, 13.044645993860094], [80.1998817095676, 13.045253707609053], [80.19957008265249, 13.045894452862894], [80.19932401297864, 13.046562059142817], [80.19914587077413, 13.047250097248476], [80.19903737216087, 13.04795194116651], [80.19899956260751, 13.048660831876123], [80.19903280683926, 13.04936994243756], [80.19913678530236, 13.050072443736713], [80.1993104972183, 13.050761570252895], [80.19955227019912, 13.051430685216404], [80.19985977633212, 13.052073344528223], [80.20023005458, 13.052683358826211], [80.20065953928135, 13.053254853099807], [80.20114409447744, 13.053782323278776], [80.20167905373569, 13.054260689250736], [80.20225926508603, 13.054685343796402], [80.20287914063798, 13.055052196970937], [80.20353271040042, 13.055357715503483], [80.20421367978545, 13.055598956835048], [80.20491549024233, 13.05577359746654], [80.20563138243696, 13.055879955343507], [80.20635446136785, 13.055917006061792], [80.20707776279046, 13.055884392737726], [80.20779432030994, 13.055782429447577], [80.2084972324945, 13.055612098203163], [80.20917972936277, 13.055375039492603], [80.20983523760367, 13.055073536477465], [80.2104574439, 13.054710492998671], [80.21104035574498, 13.054289405603104], [80.21157835916576, 13.053814329860757], [80.21206627279714, 13.053289841297016], [80.21249939778477, 13.052720991316876], [80.21287356303687, 13.05211325854584], [80.21318516538872, 13.051472496056633], [80.21343120429354, 13.050804874990407], [80.21360931070565, 13.050116825115735], [80.21371776987863, 13.049414972898257], [80.21375553785951, 13.048706077677702]]]}}, {"id": "130", "type": "Feature", "properties": {"railway": null, "station": null, "subway": null, "construction": null, "construction:railway": null, "public_transport": null, "network": null, "operator": null, "name": "Semmancheri I", "name:en": null, "element": null, "id": null, "category": null, "city": "chennai", "index_right": null, "n_osm_nodes": null, "phase": "phase2", "position_source": "nominatim_stem", "confidence": "low", "Line": "Purple Line", "Layout": "Elevated", "snap_offset_m": 594.4583051518698, "station_id": "MAA130", "radius_m": 800, "buffer_area_m2": 2007391.033949412, "prediction": 5495.0, "rank_phase2": 67.0, "label_top15": 0}, "geometry": {"type": "Polygon", "coordinates": [[[80.23408797502631, 12.880422560306176], [80.23405462531706, 12.87971344074354], [80.23395059044537, 12.879010942751883], [80.23377687290606, 12.878321831721355], [80.23353514623807, 12.877652744063708], [80.23322773888657, 12.877010123304073], [80.23285761176017, 12.876400158032231], [80.23242832969993, 12.875828722310773], [80.23194402713615, 12.875301319113762], [80.23140936826334, 12.87482302734023], [80.2308295021179, 12.874398452912441], [80.2302100129909, 12.87403168442942], [80.22955686665348, 12.873726253802461], [80.22887635291288, 12.873485102251221], [80.22817502505146, 12.873310551987535], [80.22745963673178, 12.873204283859303], [80.22673707697476, 12.873167321169376], [80.22601430383601, 12.87320001982509], [80.22529827741867, 12.873302064913146], [80.22459589286669, 12.873472473732662], [80.22391391398318, 12.873709605257234], [80.22325890811227, 12.874011175934982], [80.22263718291046, 12.874374281674433], [80.22205472561625, 12.874795425804917], [80.22151714540185, 12.875270552742345], [80.22102961936181, 12.875795087036561], [80.22059684265857, 12.876363977424624], [80.22022298330464, 12.87697174546611], [80.21991164201721, 12.877612538292547], [80.21966581753182, 12.878280184963383], [80.21948787770941, 12.878968255886086], [80.21937953671589, 12.879670124728566], [80.21934183849415, 12.88037903222796], [80.21937514668889, 12.88108815128147], [80.21947914112187, 12.881790652692635], [80.21965282085233, 12.882479770939897], [80.21989451379426, 12.883148869334164], [80.22020189279856, 12.883791503937706], [80.22057199804604, 12.884401485628736], [80.22100126553637, 12.88497293971367], [80.22148556139923, 12.885500362512758], [80.22202022169756, 12.88597867437366], [80.22260009734022, 12.886403268602175], [80.22321960367115, 12.886770055838342], [80.22387277425807, 12.887075503450196], [80.22455331836184, 12.887316669565365], [80.22525468153331, 12.887491231412325], [80.2259701087529, 12.887597507698032], [80.22669270950485, 12.887634474806159], [80.22741552415809, 12.887601776659572], [80.22813159101413, 12.887499728152006], [80.22883401337499, 12.887329312115762], [80.22951602598454, 12.887092169854565], [80.23017106020265, 12.886790585332909], [80.2307928072834, 12.886427463174272], [80.23137527914749, 12.886006300680307], [80.23191286606283, 12.885531154140809], [80.23240039067734, 12.885006599759215], [80.23283315788338, 12.88443768957043], [80.23320700003337, 12.883829902775796], [80.23351831707129, 12.883189092964463], [80.2337641111935, 12.882521431729703], [80.23394201570586, 12.88183334922373], [80.23405031779947, 12.88113147222377], [80.23408797502631, 12.880422560306176]]]}}, {"id": "131", "type": "Feature", "properties": {"railway": null, "station": null, "subway": null, "construction": null, "construction:railway": null, "public_transport": null, "network": null, "operator": null, "name": "Semmancheri II", "name:en": null, "element": null, "id": null, "category": null, "city": "chennai", "index_right": null, "n_osm_nodes": null, "phase": "phase2", "position_source": "nominatim_stem", "confidence": "low", "Line": "Purple Line", "Layout": "Elevated", "snap_offset_m": 594.4583051518698, "station_id": "MAA131", "radius_m": 800, "buffer_area_m2": 2007391.033949412, "prediction": 5495.0, "rank_phase2": 68.0, "label_top15": 0}, "geometry": {"type": "Polygon", "coordinates": [[[80.23408797502631, 12.880422560306176], [80.23405462531706, 12.87971344074354], [80.23395059044537, 12.879010942751883], [80.23377687290606, 12.878321831721355], [80.23353514623807, 12.877652744063708], [80.23322773888657, 12.877010123304073], [80.23285761176017, 12.876400158032231], [80.23242832969993, 12.875828722310773], [80.23194402713615, 12.875301319113762], [80.23140936826334, 12.87482302734023], [80.2308295021179, 12.874398452912441], [80.2302100129909, 12.87403168442942], [80.22955686665348, 12.873726253802461], [80.22887635291288, 12.873485102251221], [80.22817502505146, 12.873310551987535], [80.22745963673178, 12.873204283859303], [80.22673707697476, 12.873167321169376], [80.22601430383601, 12.87320001982509], [80.22529827741867, 12.873302064913146], [80.22459589286669, 12.873472473732662], [80.22391391398318, 12.873709605257234], [80.22325890811227, 12.874011175934982], [80.22263718291046, 12.874374281674433], [80.22205472561625, 12.874795425804917], [80.22151714540185, 12.875270552742345], [80.22102961936181, 12.875795087036561], [80.22059684265857, 12.876363977424624], [80.22022298330464, 12.87697174546611], [80.21991164201721, 12.877612538292547], [80.21966581753182, 12.878280184963383], [80.21948787770941, 12.878968255886086], [80.21937953671589, 12.879670124728566], [80.21934183849415, 12.88037903222796], [80.21937514668889, 12.88108815128147], [80.21947914112187, 12.881790652692635], [80.21965282085233, 12.882479770939897], [80.21989451379426, 12.883148869334164], [80.22020189279856, 12.883791503937706], [80.22057199804604, 12.884401485628736], [80.22100126553637, 12.88497293971367], [80.22148556139923, 12.885500362512758], [80.22202022169756, 12.88597867437366], [80.22260009734022, 12.886403268602175], [80.22321960367115, 12.886770055838342], [80.22387277425807, 12.887075503450196], [80.22455331836184, 12.887316669565365], [80.22525468153331, 12.887491231412325], [80.2259701087529, 12.887597507698032], [80.22669270950485, 12.887634474806159], [80.22741552415809, 12.887601776659572], [80.22813159101413, 12.887499728152006], [80.22883401337499, 12.887329312115762], [80.22951602598454, 12.887092169854565], [80.23017106020265, 12.886790585332909], [80.2307928072834, 12.886427463174272], [80.23137527914749, 12.886006300680307], [80.23191286606283, 12.885531154140809], [80.23240039067734, 12.885006599759215], [80.23283315788338, 12.88443768957043], [80.23320700003337, 12.883829902775796], [80.23351831707129, 12.883189092964463], [80.2337641111935, 12.882521431729703], [80.23394201570586, 12.88183334922373], [80.23405031779947, 12.88113147222377], [80.23408797502631, 12.880422560306176]]]}}, {"id": "132", "type": "Feature", "properties": {"railway": null, "station": null, "subway": null, "construction": null, "construction:railway": null, "public_transport": null, "network": null, "operator": null, "name": "Sholinganallur Lake I", "name:en": null, "element": null, "id": null, "category": null, "city": "chennai", "index_right": null, "n_osm_nodes": null, "phase": "phase2", "position_source": "nominatim_stem", "confidence": "low", "Line": "Purple Line", "Layout": "Elevated", "snap_offset_m": 1431.0070560173353, "station_id": "MAA132", "radius_m": 800, "buffer_area_m2": 2007391.033949412, "prediction": 5512.0, "rank_phase2": 64.0, "label_top15": 0}, "geometry": {"type": "Polygon", "coordinates": [[[80.2369064607978, 12.915528623266297], [80.23687310423972, 12.914819505239246], [80.23676905264026, 12.914117008978364], [80.23659530865699, 12.913427899856767], [80.23635354608504, 12.91275881426735], [80.23604609371667, 12.9121161957147], [80.23567591289499, 12.911506232766634], [80.23524656897895, 12.910934799462597], [80.23476219699495, 12.910407398752556], [80.23422746180611, 12.909929109510772], [80.2336475131835, 12.909504537634326], [80.23302793621184, 12.909137771696944], [80.23237469750737, 12.90883234358474], [80.23169408776562, 12.908591194492598], [80.23099266119205, 12.90841664660827], [80.2302771723983, 12.908310380756454], [80.22955451137115, 12.90827342021797], [80.22883163713973, 12.908306120879482], [80.22811551077903, 12.908408167808572], [80.22741302839381, 12.908578578286981], [80.22673095472794, 12.908815711272835], [80.22607585803698, 12.909117283200779], [80.22545404685108, 12.909480389968016], [80.22487150923611, 12.909901534894745], [80.22433385513739, 12.910376662390023], [80.22384626236096, 12.910901196999145], [80.22341342671226, 12.911470087456928], [80.22303951677212, 12.912077855323018], [80.22272813374583, 12.91271864773129], [80.2224822767721, 12.91338629374577], [80.2223043140262, 12.914074363780658], [80.22219595989641, 12.914776231512697], [80.22215825845389, 12.915485137689819], [80.22219157337611, 12.916194255221926], [80.22229558442177, 12.916896754926997], [80.22246929049179, 12.917585871299561], [80.22271101924802, 12.918254967668078], [80.22301844319772, 12.91889760011372], [80.22338860208987, 12.919507579534764], [80.22381793140826, 12.920079031258732], [80.22430229668753, 12.920606451627782], [80.22483703332213, 12.921084761012166], [80.2254169914855, 12.921509352740737], [80.22603658572626, 12.921876137476861], [80.22668984876451, 12.922181582612003], [80.22737048896958, 12.92242274629709], [80.22807195096534, 12.922597305783583], [80.2287874787789, 12.922703579800906], [80.22951018092395, 12.922740544754452], [80.23023309679122, 12.922707844587888], [80.23094926370572, 12.922605794214606], [80.23165178400419, 12.922435376485225], [80.23233389148578, 12.922198232720275], [80.23298901659543, 12.921896646899343], [80.23361084971084, 12.921533523659127], [80.23419340192343, 12.921112360312467], [80.23473106272692, 12.920637213158182], [80.23521865405756, 12.92011265840646], [80.2356514801655, 12.91954374809655], [80.23602537283656, 12.918935961431721], [80.23633673152908, 12.918295152000505], [80.23658255803949, 12.91762749139308], [80.23676048536319, 12.916939409756031], [80.23686880047318, 12.916237533858485], [80.2369064607978, 12.915528623266297]]]}}, {"id": "133", "type": "Feature", "properties": {"railway": null, "station": null, "subway": null, "construction": null, "construction:railway": null, "public_transport": null, "network": null, "operator": null, "name": "Sholinganallur Lake II", "name:en": null, "element": null, "id": null, "category": null, "city": "chennai", "index_right": null, "n_osm_nodes": null, "phase": "phase2", "position_source": "nominatim_stem", "confidence": "low", "Line": "Purple Line", "Layout": "Elevated", "snap_offset_m": 1431.0070560173353, "station_id": "MAA133", "radius_m": 800, "buffer_area_m2": 2007391.033949412, "prediction": 5512.0, "rank_phase2": 65.0, "label_top15": 0}, "geometry": {"type": "Polygon", "coordinates": [[[80.2369064607978, 12.915528623266297], [80.23687310423972, 12.914819505239246], [80.23676905264026, 12.914117008978364], [80.23659530865699, 12.913427899856767], [80.23635354608504, 12.91275881426735], [80.23604609371667, 12.9121161957147], [80.23567591289499, 12.911506232766634], [80.23524656897895, 12.910934799462597], [80.23476219699495, 12.910407398752556], [80.23422746180611, 12.909929109510772], [80.2336475131835, 12.909504537634326], [80.23302793621184, 12.909137771696944], [80.23237469750737, 12.90883234358474], [80.23169408776562, 12.908591194492598], [80.23099266119205, 12.90841664660827], [80.2302771723983, 12.908310380756454], [80.22955451137115, 12.90827342021797], [80.22883163713973, 12.908306120879482], [80.22811551077903, 12.908408167808572], [80.22741302839381, 12.908578578286981], [80.22673095472794, 12.908815711272835], [80.22607585803698, 12.909117283200779], [80.22545404685108, 12.909480389968016], [80.22487150923611, 12.909901534894745], [80.22433385513739, 12.910376662390023], [80.22384626236096, 12.910901196999145], [80.22341342671226, 12.911470087456928], [80.22303951677212, 12.912077855323018], [80.22272813374583, 12.91271864773129], [80.2224822767721, 12.91338629374577], [80.2223043140262, 12.914074363780658], [80.22219595989641, 12.914776231512697], [80.22215825845389, 12.915485137689819], [80.22219157337611, 12.916194255221926], [80.22229558442177, 12.916896754926997], [80.22246929049179, 12.917585871299561], [80.22271101924802, 12.918254967668078], [80.22301844319772, 12.91889760011372], [80.22338860208987, 12.919507579534764], [80.22381793140826, 12.920079031258732], [80.22430229668753, 12.920606451627782], [80.22483703332213, 12.921084761012166], [80.2254169914855, 12.921509352740737], [80.22603658572626, 12.921876137476861], [80.22668984876451, 12.922181582612003], [80.22737048896958, 12.92242274629709], [80.22807195096534, 12.922597305783583], [80.2287874787789, 12.922703579800906], [80.22951018092395, 12.922740544754452], [80.23023309679122, 12.922707844587888], [80.23094926370572, 12.922605794214606], [80.23165178400419, 12.922435376485225], [80.23233389148578, 12.922198232720275], [80.23298901659543, 12.921896646899343], [80.23361084971084, 12.921533523659127], [80.23419340192343, 12.921112360312467], [80.23473106272692, 12.920637213158182], [80.23521865405756, 12.92011265840646], [80.2356514801655, 12.91954374809655], [80.23602537283656, 12.918935961431721], [80.23633673152908, 12.918295152000505], [80.23658255803949, 12.91762749139308], [80.23676048536319, 12.916939409756031], [80.23686880047318, 12.916237533858485], [80.2369064607978, 12.915528623266297]]]}}]}