{"type": "FeatureCollection", "features": [{"id": "0", "type": "Feature", "properties": {"phase": "phase1", "Line": "Blue Line", "station_count": 0, "source": "osm_overpass", "length_km": 63.51}, "geometry": {"type": "MultiLineString", "coordinates": [[[80.1600287, 12.9783606], [80.1603206, 12.978549900000003], [80.1609407, 12.978944300000002], [80.1615788, 12.9793835], [80.1621288, 12.9798004], [80.1623231, 12.979947799999996], [80.1624714, 12.980051199999998], [80.1626767, 12.980181999999997], [80.16282, 12.980263099999998], [80.1629722, 12.980341200000002], [80.1631125, 12.9804124], [80.1632287, 12.9804622], [80.1633579, 12.980517799999996], [80.1635162, 12.9805784], [80.1641592, 12.9808178], [80.1642111, 12.9808371], [80.164832, 12.9810681], [80.1650532, 12.981149499999999], [80.1652288, 12.981214099999997], [80.1654211, 12.9812843], [80.1656686, 12.981374599999997], [80.1660449, 12.9815152], [80.1663384, 12.9816217], [80.1665337, 12.981688199999999], [80.1669086, 12.981839199999996], [80.1672684, 12.9820185], [80.167459, 12.982122799999999], [80.168589, 12.982818399999998], [80.1689737, 12.983062899999998], [80.1692771, 12.983248800000004], [80.1698666, 12.983618899999998], [80.1706971, 12.984113199999998], [80.1709684, 12.9842796], [80.1710949, 12.9843505], [80.1712832, 12.984443999999996], [80.171532, 12.984562299999999], [80.1719507, 12.984757299999998], [80.1726127, 12.9850818], [80.1726688, 12.9851115], [80.1727348, 12.985146399999998], [80.1728103, 12.985189499999999], [80.1729792, 12.9852972], [80.1740618, 12.986030500000002], [80.1741688, 12.9861], [80.174382, 12.9862443], [80.1747, 12.986462399999999], [80.1751796, 12.986794400000003], [80.1756095, 12.987098799999998], [80.1757477, 12.987192000000004], [80.1759304, 12.9873217], [80.1761684, 12.987486699999998], [80.1764378, 12.987670899999998], [80.1764893, 12.987706200000002], [80.1769823, 12.988063099999998], [80.1773053, 12.988287399999999], [80.1776602, 12.988544099999999], [80.1777452, 12.988607599999998], [80.1778444, 12.9886925], [80.1779549, 12.988794699999998], [80.1783494, 12.9892012], [80.1784351, 12.989291], [80.1785159, 12.989377199999998], [80.1786257, 12.989486999999997], [80.1787461, 12.9896023], [80.1788538, 12.989698900000002], [80.1791173, 12.989911499999998], [80.1795586, 12.9902676], [80.1799029, 12.990537299999996], [80.1804709, 12.9909757], [80.1809674, 12.9913673], [80.1814556, 12.991742699999998], [80.1816598, 12.9919023], [80.1819987, 12.992157600000002], [80.1822335, 12.992337699999998], [80.1825142, 12.992527300000003], [80.182799, 12.992713099999998], [80.1831467, 12.992929899999998], [80.1834949, 12.993131899999996], [80.1840747, 12.993448599999997], [80.1849823, 12.9939456], [80.1853932, 12.9941755], [80.1865639, 12.994815399999998], [80.18681, 12.9949478], [80.187173, 12.995139399999998], [80.1874205, 12.995262799999999], [80.1877903, 12.995449600000002], [80.1884126, 12.9957589], [80.188715, 12.995913999999999], [80.1889286, 12.996053999999999], [80.1890875, 12.9961626], [80.1892945, 12.996325599999999], [80.1894465, 12.996454399999998], [80.1895831, 12.9965741], [80.1899662, 12.996919], [80.1904006, 12.997305000000003], [80.190499, 12.997386299999999], [80.1906501, 12.997491800000002], [80.1908195, 12.9975938], [80.1911142, 12.997752200000003], [80.191357, 12.997880699999996], [80.1914153, 12.9979139], [80.1915828, 12.9980073], [80.1916967, 12.998080799999999], [80.1918158, 12.9981679], [80.192191, 12.9984614], [80.19259900000002, 12.9987799], [80.1935731, 12.999554500000002], [80.1939756, 12.999873899999999], [80.1945495, 13.0003292], [80.19506640000002, 13.000738599999998], [80.1957234, 13.0012541], [80.1962137, 13.001648], [80.1963855, 13.0017761], [80.1965136, 13.0018614], [80.19667700000001, 13.0019435], [80.1968219, 13.001997700000002], [80.196987, 13.0020338], [80.1972262, 13.002058399999997], [80.1973998, 13.0020469], [80.1978159, 13.0019895], [80.1983428, 13.001956500000002], [80.198977, 13.001794700000001], [80.1992715, 13.0017446], [80.1994061, 13.0017308], [80.1995138, 13.0017308], [80.1996554, 13.001739099999996], [80.199851, 13.001772199999998], [80.2000493, 13.001838499999995], [80.2002136, 13.001929600000002], [80.2004148, 13.002088299999999], [80.2005706, 13.002251199999996], [80.20068110000001, 13.002418199999996], [80.2007931, 13.002658399999998], [80.20109620000001, 13.003349999999998], [80.2013144, 13.0037834], [80.201533, 13.0042231], [80.2018315, 13.004901499999999], [80.2019727, 13.0051584], [80.2020246, 13.005235699999998], [80.2020976, 13.005331099999998], [80.2022373, 13.005536999999999], [80.2023356, 13.005646199999997], [80.2024157, 13.005715299999999], [80.2024935, 13.005781699999998], [80.2025944, 13.005856699999999], [80.2026747, 13.005918999999999], [80.2027994, 13.006013100000002], [80.2029648, 13.006139399999999], [80.2031253, 13.006262399999999], [80.2032723, 13.0063757], [80.2033992, 13.006471299999998], [80.2035703, 13.0065955], [80.2036951, 13.006680899999997], [80.2038302, 13.0067663], [80.2040588, 13.0069051], [80.2042067, 13.006991399999997], [80.2043912, 13.007085199999999], [80.204602, 13.007188], [80.2048228, 13.007288799999998], [80.205004, 13.007363099999997], [80.2051136, 13.007405599999998], [80.205213, 13.007444400000006], [80.2053562, 13.007493599999998], [80.2055087, 13.007541899999996], [80.2056585, 13.007588599999998], [80.2058703, 13.007642899999997], [80.2060214, 13.0076795], [80.2062182, 13.007720399999997], [80.2063704, 13.007751100000002], [80.2065929, 13.007785800000002], [80.2070247, 13.007848499999998], [80.2074445, 13.007908699999998], [80.207672, 13.0079417], [80.2080152, 13.007953699999998], [80.2087089, 13.0080479], [80.208931, 13.0080768], [80.2091685, 13.008124299999999], [80.209397, 13.008169699999998], [80.2096423, 13.008232099999999], [80.2101169, 13.0083857], [80.2104567, 13.0085091], [80.2109413, 13.0086839], [80.2112996, 13.008816300000001], [80.2116063, 13.0089224], [80.2118082, 13.008986799999999], [80.2120009, 13.009036], [80.2121633, 13.009074800000002], [80.2123107, 13.0091104], [80.2124166, 13.009135899999999], [80.2130723, 13.009295099999997], [80.2134518, 13.0093872], [80.2140245, 13.009506299999996], [80.2142649, 13.0095596], [80.2146055, 13.009634], [80.215031, 13.009735600000003], [80.2151629, 13.009768100000002], [80.2152947, 13.0098006], [80.2154799, 13.0098508], [80.2156566, 13.009907599999998], [80.2159649, 13.010035199999997], [80.2161965, 13.010157399999999], [80.2164412, 13.0103161], [80.2168729, 13.010628100000002], [80.2170795, 13.010779099999997], [80.2172481, 13.0108916], [80.2174849, 13.011032600000002], [80.2176628, 13.011115099999996], [80.217938, 13.011221999999998], [80.2186873, 13.011490000000002], [80.2189219, 13.0115711], [80.219233, 13.011669699999997], [80.2198964, 13.011880300000001], [80.2202737, 13.011995999999998], [80.2207336, 13.012136899999998], [80.2209488, 13.0122116], [80.2211116, 13.0122935], [80.2212553, 13.012375899999999], [80.2213547, 13.012444700000001], [80.2214784, 13.012538], [80.2218512, 13.0128466], [80.222328, 13.013233499999998], [80.222602, 13.0134581], [80.2229254, 13.013718699999998], [80.223204, 13.013945], [80.2241109, 13.014677799999998], [80.224348, 13.0148693], [80.2248365, 13.0152282], [80.2250265, 13.0153551], [80.22520270000001, 13.015526299999998], [80.2252911, 13.015640299999998], [80.2253807, 13.015779299999998], [80.2254494, 13.0159177], [80.2254939, 13.0160536], [80.2255266, 13.016216799999999], [80.2255525, 13.016416799999998], [80.2255622, 13.0165407], [80.2255429, 13.01668], [80.2255031, 13.016865499999998], [80.2254636, 13.0169964], [80.2254097, 13.017142499999997], [80.2251024, 13.017952], [80.2250625, 13.0180665], [80.2250198, 13.018265699999997], [80.2249961, 13.018408299999999], [80.2249755, 13.018562399999999], [80.2249462, 13.0189739], [80.2249486, 13.019128599999998], [80.2249548, 13.019248200000002], [80.2249668, 13.019365], [80.2249863, 13.019504599999998], [80.2250114, 13.0196278], [80.2250478, 13.0197641], [80.2250969, 13.019922299999998], [80.2251423, 13.0200551], [80.2251844, 13.02016], [80.2252329, 13.0202768], [80.2252419, 13.0202946], [80.2252538, 13.020317999999998], [80.2253565, 13.020520599999996], [80.2254676, 13.020701000000003], [80.2257356, 13.021207200000001], [80.2262217, 13.021884699999998], [80.2269422, 13.0226952], [80.2273942, 13.023299599999998], [80.2277786, 13.023724699999999], [80.227957, 13.0238913], [80.2280614, 13.023974999999998], [80.2286797, 13.024473599999999], [80.229204, 13.0247928], [80.2302707, 13.0255888], [80.230775, 13.0258326], [80.2324631, 13.0263506], [80.232905, 13.026520499999998], [80.2333051, 13.026768399999998], [80.2344632, 13.0274541], [80.2354459, 13.0279752], [80.2360635, 13.028512699999999], [80.2373738, 13.029709499999997], [80.2392383, 13.030764199999998], [80.24055960000001, 13.031422599999999], [80.2411721, 13.031722599999997], [80.2419624, 13.032107799999999], [80.2422476, 13.032261299999998], [80.2434316, 13.033075699999998], [80.2458207, 13.034942599999999], [80.2459653, 13.035139999999998], [80.2461324, 13.035543199999996], [80.24634390000001, 13.036503400000003], [80.2463929, 13.0368236], [80.2481233, 13.045222999999996], [80.2482567, 13.045870299999999], [80.2485035, 13.046972399999998], [80.248713, 13.0474198], [80.2495085, 13.0483468], [80.2496164, 13.048562499999997], [80.2496837, 13.0487903], [80.249772, 13.0494282], [80.2499862, 13.050544799999997], [80.2500948, 13.051059599999999], [80.2503808, 13.051710799999997], [80.2513815, 13.0526071], [80.254212, 13.0547007], [80.2561121, 13.056113299999996], [80.2564451, 13.0564084], [80.2577535, 13.057795899999999], [80.2587519, 13.058621899999999], [80.25908070000001, 13.0588939], [80.2616468, 13.060996799999996], [80.2640726, 13.062977599999998], [80.26583, 13.064399899999998], [80.26765670000002, 13.065878199999998], [80.2683642, 13.066350000000002], [80.269323, 13.066515199999998], [80.269703, 13.066678499999998], [80.2702455, 13.067081], [80.2709647, 13.067883699999998], [80.2719621, 13.068533699999998], [80.2730041, 13.069712799999998], [80.2740414, 13.070889999999999], [80.2741652, 13.071355199999998], [80.2741937, 13.071836199999996], [80.2738504, 13.072734899999997], [80.27357775584935, 13.073281401831345]], [[80.27357775584935, 13.073281401831345], [80.2737925, 13.0729545], [80.2742572, 13.0718312], [80.2741529, 13.070889000000001], [80.2737925, 13.070386499999998], [80.2732122, 13.0697195], [80.2731105, 13.0696147], [80.272023, 13.068494700000002], [80.271069, 13.0678868], [80.2704014, 13.067144099999997], [80.270078, 13.066900300000002], [80.2697546, 13.066656400000003], [80.2693298, 13.066443899999996], [80.2684024, 13.066299799999998], [80.2677196, 13.065832399999998], [80.26586200000001, 13.0643478], [80.2633877, 13.062370199999998], [80.2621758, 13.061344799999999], [80.2611175, 13.060476400000002], [80.2593347, 13.0590464], [80.258773, 13.058579599999996], [80.2578231, 13.057790099999997], [80.25684440000002, 13.0567499], [80.2565732, 13.056461700000002], [80.255807, 13.055850099999999], [80.2531385, 13.0538603], [80.2519512, 13.052936499999998], [80.2509308, 13.052154999999999], [80.2505856, 13.0518519], [80.250267, 13.051294000000002], [80.2499768, 13.050078199999998], [80.2496828, 13.0485562], [80.2495567, 13.048320000000002], [80.2487668, 13.0474195], [80.2485399, 13.0469517], [80.2483032, 13.0458615], [80.2466376, 13.037483000000002], [80.2464553, 13.0368085], [80.2463903, 13.036494099999999], [80.2463494, 13.036167199999998], [80.2461779, 13.035529599999998], [80.2460072, 13.0351176], [80.2458555, 13.034910599999998], [80.2434601, 13.033038799999998], [80.2422728, 13.0322221], [80.2419845, 13.0320669], [80.2411933, 13.031681299999999], [80.240581, 13.0313814], [80.239261, 13.030723599999998], [80.2374023, 13.029672199999998], [80.2360955, 13.028478599999998], [80.2354734, 13.027937199999998], [80.2344872, 13.027414199999999], [80.2333457, 13.026714399999998], [80.2329256, 13.026478799999996], [80.2324789, 13.026306999999997], [80.2307928, 13.0257896], [80.2302959, 13.025549399999997], [80.229231, 13.0247548], [80.2287075, 13.024436099999999], [80.2280916, 13.0239394], [80.2279885, 13.0238567], [80.2278128, 13.023692700000002], [80.2274312, 13.023270699999998], [80.22697930000001, 13.022666400000002], [80.2262591, 13.021856300000001], [80.2257763, 13.0211833], [80.2255103, 13.020680899999999], [80.2253878, 13.020410699999996], [80.2253243, 13.0202348], [80.2252463, 13.020066199999999], [80.2252025, 13.019974599999998], [80.2251724, 13.019900200000004], [80.2251516, 13.019836499999998], [80.2250985, 13.0196589], [80.2250684, 13.0195176], [80.2250533, 13.019432799999999], [80.22503350000001, 13.019265699999995], [80.2250222, 13.0191574], [80.2250174, 13.018971599999999], [80.2250178, 13.0188965], [80.225042, 13.0185481], [80.2250592, 13.0184156], [80.2250764, 13.018278400000002], [80.22510870000002, 13.0180776], [80.2251471, 13.0179674], [80.2254542, 13.017158299999998], [80.2255087, 13.017010699999997], [80.2255491, 13.016876799999997], [80.2255896, 13.016687799999998], [80.2256098, 13.0165421], [80.2255997, 13.016412199999998], [80.2255734, 13.016209499999999], [80.2255399, 13.016042099999998], [80.2254935, 13.0159005], [80.2254222, 13.015756900000001], [80.2253302, 13.015614000000003], [80.2252385, 13.0154959], [80.2250588, 13.015321200000002], [80.2248898, 13.0151787], [80.22475, 13.015072499999997], [80.2243995, 13.0148086], [80.2241682, 13.0146226], [80.2233676, 13.013978999999997], [80.2230203, 13.0136999], [80.2229178, 13.013616699999998], [80.2224767, 13.0132582], [80.2219659, 13.012833000000002], [80.2216219, 13.012549499999995], [80.22135010000001, 13.0123528], [80.2212227, 13.012278099999998], [80.2210513, 13.012199], [80.2207953, 13.012105599999998], [80.2204319, 13.011989600000001], [80.2202584, 13.011934200000002], [80.21995370000002, 13.011836900000002], [80.2195128, 13.011699499999999], [80.2190534, 13.0115541], [80.2185906, 13.0114079], [80.2180639, 13.011214499999998], [80.2178113, 13.011126600000003], [80.21764100000001, 13.0110585], [80.2174899, 13.010979399999998], [80.2173501, 13.010903499999998], [80.2172538, 13.0108302], [80.2171317, 13.010749699999998], [80.2169575, 13.010623499999998], [80.2166233, 13.010377999999998], [80.2162688, 13.010135800000004], [80.2160459, 13.010013199999996], [80.2158601, 13.009928899999998], [80.2157271, 13.0098737], [80.2156175, 13.009829699999997], [80.2154853, 13.009786100000001], [80.2153447, 13.009745800000003], [80.2151529, 13.009700599999997], [80.2145891, 13.009565], [80.2139444, 13.0094236], [80.2130951, 13.0092314], [80.2125465, 13.0091035], [80.2122739, 13.009049200000002], [80.2121049, 13.009004299999999], [80.2118573, 13.008941999999996], [80.21158, 13.008856399999997], [80.2112739, 13.0087626], [80.2107194, 13.008554699999998], [80.2104584, 13.0084614], [80.2099918, 13.0082969], [80.20977750000002, 13.0082322], [80.209474, 13.008149099999997], [80.2091668, 13.008077000000002], [80.2089506, 13.0080345], [80.2087022, 13.008010000000002], [80.2081175, 13.007926299999998], [80.2076749, 13.0079076], [80.2070192, 13.007811499999999], [80.2065877, 13.007748799999996], [80.2063774, 13.007715500000002], [80.2062239, 13.0076858], [80.2060248, 13.007642900000002], [80.2058815, 13.007608799999996], [80.2056762, 13.007553199999998], [80.20553, 13.007506999999999], [80.205372, 13.0074585], [80.205232, 13.0074095], [80.205127, 13.0073688], [80.2050206, 13.007329899999995], [80.2048383, 13.0072558], [80.2046155, 13.0071483], [80.2044213, 13.0070577], [80.20423030000002, 13.006956599999997], [80.2040775, 13.006867100000001], [80.2038524, 13.0067272], [80.2037233, 13.006644600000001], [80.2035931, 13.006555300000002], [80.203423, 13.006436099999998], [80.2032996, 13.006343499999998], [80.2031564, 13.006232199999998], [80.2029906, 13.0061075], [80.202826, 13.005979700000001], [80.2027083, 13.005892700000002], [80.2026126, 13.0058256], [80.20252, 13.005758], [80.202444, 13.005692099999997], [80.202342, 13.005602399999999], [80.2022142, 13.005408499999998], [80.2021117, 13.005278499999998], [80.2019878, 13.0051079], [80.2018651, 13.0048781], [80.2015605, 13.0042124], [80.2014684, 13.004010999999998], [80.2011587, 13.003395799999998], [80.2009002, 13.002808499999999], [80.2007836, 13.002578400000003], [80.20070360000001, 13.002359299999998], [80.2006095, 13.002228100000002], [80.2003903, 13.002007499999996], [80.2002092, 13.001880999999997], [80.200052, 13.001802099999999], [80.199909, 13.001746400000002], [80.1997792, 13.001717400000002], [80.1996148, 13.001693], [80.1995086, 13.001692299999998], [80.1994313, 13.001691800000001], [80.1992931, 13.001702299999998], [80.1984997, 13.001825299999998], [80.1981076, 13.001895], [80.1977421, 13.00196], [80.1973954, 13.0020145], [80.1972322, 13.002025], [80.1971369, 13.0020157], [80.1969903, 13.001993599999999], [80.1968414, 13.001956500000002], [80.1966818, 13.0018915], [80.1965388, 13.001822999999998], [80.1964197, 13.001746399999998], [80.19618030000001, 13.001557199999999], [80.1957466, 13.001208899999998], [80.19543450000002, 13.000968699999998], [80.1945713, 13.000303699999998], [80.1940028, 12.9998483], [80.1935959, 12.999529799999998], [80.1927064, 12.998813100000001], [80.1920655, 12.998305899999997], [80.1917486, 12.998070200000003], [80.1915771, 12.997957599999996], [80.1914341, 12.9978799], [80.1909505, 12.997624499999999], [80.1907206, 12.9974887], [80.1905776, 12.997398199999996], [80.1904215, 12.997277399999998], [80.1902786, 12.9971614], [80.1901571, 12.997055699999999], [80.1897687, 12.996690099999999], [80.1894542, 12.996406799999997], [80.1892731, 12.996255899999998], [80.1891349, 12.9961538], [80.18896180000002, 12.9960244], [80.1887429, 12.995888299999997], [80.1884338, 12.995720900000002], [80.1879351, 12.9954689], [80.187556, 12.995285899999999], [80.1871171, 12.995065100000001], [80.1868012, 12.9949025], [80.18645, 12.994703899999998], [80.1859883, 12.994452799999998], [80.1855705, 12.994224599999999], [80.1851738, 12.994012800000002], [80.1844729, 12.9936213], [80.1835362, 12.9931148], [80.1831689, 12.992897299999997], [80.1828615, 12.992702799999998], [80.182682, 12.992578899999998], [80.1822608, 12.9922998], [80.1821362, 12.992204600000003], [80.1817908, 12.991945199999998], [80.1814378, 12.9916727], [80.1811952, 12.991494600000001], [80.1809358, 12.9912951], [80.1806292, 12.991060399999995], [80.18031750000002, 12.990807499999999], [80.1799258, 12.990505499999998], [80.1797085, 12.9903356], [80.179251, 12.9899736], [80.1790312, 12.989796300000002], [80.1788753, 12.9896674], [80.1786824, 12.989491799999998], [80.1785822, 12.9893908], [80.1785249, 12.989333399999998], [80.1782739, 12.989068199999997], [80.1781122, 12.988895899999997], [80.1779909, 12.988776799999998], [80.1778513, 12.988648], [80.1777053, 12.988527900000001], [80.1774343, 12.988334300000002], [80.1771306, 12.988117100000002], [80.1766017, 12.9877272], [80.1764698, 12.9876388], [80.1762816, 12.987510499999999], [80.1759862, 12.9873089], [80.1757383, 12.987139099999998], [80.1754492, 12.986939], [80.1750582, 12.986659399999995], [80.1747721, 12.9864593], [80.1743669, 12.986184599999998], [80.174136, 12.986030599999996], [80.1740357, 12.985963900000002], [80.1738611, 12.985847699999999], [80.1738067, 12.985812099999999], [80.173521, 12.985618099999998], [80.1730615, 12.9853064], [80.1729662, 12.985246699999996], [80.1728371, 12.985169699999997], [80.1727668, 12.9851299], [80.1725925, 12.9850346], [80.1722603, 12.984871699999996], [80.1720775, 12.984782], [80.1716745, 12.984591500000002], [80.1711248, 12.984330600000003], [80.1710405, 12.9842836], [80.1708004, 12.984134600000003], [80.1703498, 12.983864000000002], [80.1700042, 12.983654799999998], [80.1698901, 12.983581], [80.1697222, 12.983478799999999], [80.169271, 12.983200700000001], [80.1690181, 12.983044699999997], [80.1685832, 12.9827624], [80.1681207, 12.982478699999998], [80.1676057, 12.982165299999997], [80.167532, 12.982120400000001], [80.1674201, 12.982053499999997], [80.1672452, 12.981960999999998], [80.1671559, 12.981911300000002], [80.1668952, 12.981786399999999], [80.166857, 12.981769799999999], [80.1666671, 12.9816959], [80.1665545, 12.981648299999998], [80.1661607, 12.981512300000002], [80.1657885, 12.981373699999999], [80.1655912, 12.981298499999998], [80.1655189, 12.9812714], [80.1653147, 12.981194999999996], [80.1650392, 12.981096400000004], [80.1648779, 12.981032000000003], [80.1647637, 12.980993], [80.1645093, 12.9808963], [80.1641832, 12.9807725], [80.1641376, 12.980754799999998], [80.1635446, 12.9805371], [80.1634564, 12.9805049], [80.1632851, 12.980434599999999], [80.1630878, 12.980347699999998], [80.1629846, 12.9802979], [80.1628474, 12.980231599999996], [80.1627121, 12.980152499999999], [80.1625348, 12.9800432], [80.1623725, 12.9799309], [80.1621812, 12.9797913], [80.1618396, 12.979530700000002], [80.1614814, 12.979266799999998], [80.1612694, 12.979120599999998], [80.1610272, 12.9789547], [80.1608659, 12.9788493], [80.16057840000002, 12.9786707], [80.1603557, 12.978526500000001], [80.1600511, 12.9783312]], [[80.308681, 13.182928200000001], [80.3086079, 13.182684399999996], [80.3085726, 13.1825688], [80.3085339, 13.182461100000001], [80.3084987, 13.182379099999999], [80.30848960000002, 13.182357899999996], [80.3084489, 13.182271099999998], [80.3084022, 13.182189999999999], [80.3083339, 13.182072399999997], [80.3082224, 13.181899700000002], [80.3081684, 13.181802999999999], [80.3081293, 13.181729799999998], [80.3080216, 13.181494099999998], [80.3079453, 13.181308699999999], [80.3078933, 13.1811605], [80.3077185, 13.180539699999999], [80.3076863, 13.1804274], [80.3075257, 13.179868399999998], [80.3073683, 13.1792864], [80.3060313, 13.1744876], [80.305409, 13.172272999999997], [80.3052869, 13.171798899999999], [80.3048766, 13.170132699999998], [80.3041926, 13.167547199999998], [80.3035784, 13.165147], [80.3035328, 13.1648297], [80.3035113, 13.1644784], [80.3034872, 13.1639456], [80.3034174, 13.163169899999998], [80.30335710000001, 13.1627991], [80.3032404, 13.162438599999998], [80.3027898, 13.16136], [80.3026114, 13.1607958], [80.30243200000001, 13.1600715], [80.302134, 13.1588684], [80.3019945, 13.158505299999996], [80.3017008, 13.1576669], [80.3016177, 13.1573823], [80.3012288, 13.155940499999998], [80.3010732, 13.155522600000001], [80.3006521, 13.1543317], [80.3005394, 13.1538641], [80.3003745, 13.153023099999997], [80.3002752, 13.152704500000002], [80.2994102, 13.1506607], [80.297764, 13.146649499999997], [80.2974851, 13.1459795], [80.2967874, 13.1442204], [80.2963435, 13.143129899999998], [80.2944622, 13.1383049], [80.2930205, 13.1345123], [80.2922279, 13.132346899999998], [80.29166, 13.130766600000001], [80.2910122, 13.129092199999997], [80.2906783, 13.1282655], [80.2901284, 13.127185399999998], [80.2888785, 13.124517099999998], [80.2849598, 13.116165899999999], [80.284756, 13.115755800000002], [80.2829628, 13.112115599999997], [80.281759, 13.109811299999999], [80.2816701, 13.109647199999998], [80.2815879, 13.1094947], [80.281528, 13.1093633], [80.2813646, 13.109001199999996], [80.2813112, 13.108888499999997], [80.2812784, 13.1088093], [80.2812546, 13.108749799999996], [80.28123700000002, 13.1087003], [80.281025, 13.107959099999999], [80.2807831, 13.1071654], [80.280657, 13.106749699999998], [80.2805047, 13.1062098], [80.2804382, 13.105976899999998], [80.2803022, 13.105164299999998], [80.2802821, 13.104424999999999], [80.28044050000001, 13.103624699999997], [80.2808586, 13.102986100000003], [80.2815121, 13.102502299999998], [80.2826422, 13.102048699999997], [80.2834057, 13.1018218], [80.285861, 13.101092199999998], [80.2865461, 13.100563699999997], [80.2867106, 13.099975799999998], [80.2864391, 13.097405500000002], [80.2861592, 13.095358700000002], [80.2860527, 13.0946629], [80.2859956, 13.094193699999998], [80.2859067, 13.092903799999998], [80.285798, 13.091287899999998], [80.2856008, 13.090236799999998], [80.2853922, 13.0888494], [80.2850641, 13.0875766], [80.2849935, 13.0872079], [80.2847448, 13.085909999999998], [80.2839915, 13.084296599999998], [80.2834119, 13.083426499999998], [80.2828879, 13.082880100000002], [80.2823436, 13.082518399999998], [80.2812955, 13.0822839], [80.2796682, 13.0821565], [80.2779423, 13.082005000000002], [80.277305, 13.0819902], [80.275729, 13.082008699999998], [80.2753515, 13.081927400000001], [80.2747632, 13.081823399999998], [80.2739223, 13.081687600000002], [80.272774, 13.081463699999997], [80.2714407, 13.080780099999998], [80.2710485, 13.080262099999995], [80.2707674, 13.079485099999998], [80.2706355, 13.0787102], [80.27067, 13.0779997], [80.2710898, 13.077068700000002], [80.27272956251166, 13.074572583217543]], [[80.27272956251166, 13.074572583217543], [80.2710537, 13.077057199999997], [80.2706386, 13.077997999999997], [80.2705872, 13.0786945], [80.2707394, 13.079501999999998], [80.2710056, 13.080298600000003], [80.2714181, 13.080844099999998], [80.2727563, 13.081510999999999], [80.27391840000001, 13.081712599999998], [80.2747741, 13.081866299999998], [80.2757271, 13.082037299999998], [80.2760444, 13.082028899999996], [80.2773154, 13.082016800000002], [80.2777445, 13.082038999999998], [80.28080980000001, 13.0822743], [80.2812882, 13.0823429], [80.2823516, 13.082583599999996], [80.2828508, 13.082946799999998], [80.2833351, 13.083440700000002], [80.2839068, 13.084308199999999], [80.2846743, 13.0859177], [80.2849051, 13.0870275], [80.2849401, 13.087214799999998], [80.2850835, 13.087914299999996], [80.2852738, 13.0886128], [80.2853084, 13.088739799999999], [80.2853146, 13.088777100000001], [80.2855787, 13.090372599999997], [80.2857522, 13.091420999999997], [80.2859337, 13.094124699999997], [80.2859754, 13.0946415], [80.2860786, 13.095368999999998], [80.2863929, 13.0974211], [80.2866581, 13.099969099999997], [80.2866561, 13.1000211], [80.2864973, 13.100477699999997], [80.2858467, 13.101059199999996], [80.2826223, 13.102010899999998], [80.2814983, 13.102470399999998], [80.2808183, 13.1029446], [80.2803739, 13.103588000000004], [80.2802703, 13.104093699999996], [80.28020500000001, 13.104412299999998], [80.2802072, 13.1051381], [80.28037140000002, 13.105990099999996], [80.2804215, 13.1062357], [80.280578, 13.1067695], [80.28070090000001, 13.107181599999995], [80.2807572, 13.107357500000003], [80.2809437, 13.1079711], [80.281176, 13.108724099999998], [80.281205, 13.1088091], [80.2812411, 13.108900399999996], [80.2812784, 13.108976399999996], [80.2813562, 13.109152799999997], [80.2814736, 13.1094149], [80.2815558, 13.1095857], [80.2816208, 13.109716499999998], [80.2817029, 13.109866999999998], [80.2828399, 13.112146799999998], [80.2847109, 13.1157667], [80.28492360000001, 13.116182899999998], [80.286917, 13.120433100000001], [80.2888383, 13.1245289], [80.2900949, 13.127201099999999], [80.29064480000001, 13.1282799], [80.2909831, 13.1291046], [80.2916211, 13.130776999999998], [80.2929776, 13.1345238], [80.2944213, 13.1383128], [80.2960628, 13.1425207], [80.296314, 13.1431384], [80.2967575, 13.144228899999996], [80.2974495, 13.1459867], [80.2977378, 13.146657], [80.2993728, 13.150670100000001], [80.2994719, 13.150915399999999], [80.300231, 13.152713599999998], [80.3003356, 13.1530284], [80.3004992, 13.1538668], [80.3006119, 13.154339499999997], [80.3010249, 13.1555279], [80.3011724, 13.155945800000003], [80.301564, 13.1573875], [80.3016552, 13.157679999999997], [80.3019503, 13.158515799999996], [80.3020871, 13.158871], [80.3024786, 13.160485099999999], [80.3025565, 13.160806300000003], [80.3027442, 13.161360000000002], [80.3031841, 13.162451700000002], [80.3033021, 13.162804299999996], [80.3033772, 13.163172499999998], [80.3034416, 13.1639508], [80.30346840000001, 13.164478399999998], [80.3034952, 13.164828399999998], [80.3035381, 13.1651444], [80.304155, 13.167554999999998], [80.3048256, 13.1701379], [80.3052521, 13.171802899999998], [80.3053755, 13.1722847], [80.30598160000001, 13.174491499999998], [80.307318, 13.1792941], [80.3074837, 13.1798897], [80.3075877, 13.1802519], [80.3077016, 13.180648799999997], [80.3077929, 13.1809697], [80.3078806, 13.181277899999998], [80.3079494, 13.181525699999998], [80.30799410000002, 13.1816866], [80.30808, 13.1819909], [80.30836380000001, 13.1829905], [80.3085946, 13.183795799999999]], [[80.27272956251166, 13.074572583217543], [80.27357775584935, 13.073281401831345]], [[80.27357775584935, 13.073281401831345], [80.2735133, 13.0734106], [80.27272956251166, 13.074572583217543]]]}}, {"id": "1", "type": "Feature", "properties": {"phase": "phase1", "Line": "Green Line", "station_count": 0, "source": "osm_overpass", "length_km": 42.8}, "geometry": {"type": "MultiLineString", "coordinates": [[[80.1965688, 12.994385799999996], [80.1968011, 12.9944692], [80.1980574, 12.9949454], [80.1982006, 12.9949995], [80.1983631, 12.995060900000002], [80.1986963, 12.9951868], [80.1997148, 12.995571499999999], [80.1998265, 12.995625799999997], [80.19991, 12.995675800000003], [80.2000185, 12.9957458], [80.2001135, 12.995827799999999], [80.2002181, 12.995928399999999], [80.2003804, 12.996145299999998], [80.2004354, 12.996249799999998], [80.2004984, 12.996405400000002], [80.2005239, 12.996502099999999], [80.200548, 12.996616999999997], [80.2005614, 12.9967333], [80.2005574, 12.9968706], [80.2005547, 12.996985499999996], [80.2005494, 12.997084900000003], [80.2005011, 12.997499099999999], [80.2003543, 12.998111999999999], [80.2002995, 12.998674699999999], [80.200261, 12.9988748], [80.2002425, 12.999173300000002], [80.2002385, 12.9994286], [80.2002436, 12.999757], [80.2002409, 12.999949699999998], [80.2002449, 13.000445299999999], [80.2002547, 13.000930100000001], [80.200254, 13.001400999999996], [80.200266, 13.001562799999999], [80.2002713, 13.001650299999998], [80.2002904, 13.001757399999999], [80.2003427, 13.001896999999998], [80.2003996, 13.002045000000003], [80.2004786, 13.002217899999998], [80.2005371, 13.002307199999997], [80.200622, 13.002450299999998], [80.2007601, 13.002687800000002], [80.2009152, 13.002930799999998], [80.201155, 13.003461300000001], [80.2015164, 13.004227499999999], [80.2018299, 13.0048922], [80.2019511, 13.005159999999997], [80.2020595, 13.005404], [80.2021504, 13.005587399999998], [80.202294, 13.005905899999998], [80.2022649, 13.005959699999996], [80.2025237, 13.0065139], [80.2027037, 13.0069015], [80.2028612, 13.007234899999997], [80.2029084, 13.0073554], [80.2029535, 13.007457599999999], [80.20300300000001, 13.0075847], [80.2030423, 13.0076992], [80.203064, 13.0077634], [80.2030943, 13.0078986], [80.2031262, 13.0080695], [80.2031613, 13.008238900000002], [80.2031788, 13.008398999999999], [80.2031852, 13.008548199999998], [80.2031578, 13.008886699999998], [80.2031406, 13.009276199999999], [80.2031231, 13.009662299999999], [80.2031286, 13.0099028], [80.203138, 13.010257500000002], [80.2031487, 13.010450199999996], [80.2031641, 13.010670399999999], [80.2032124, 13.0109533], [80.20326060000001, 13.0111885], [80.2033941, 13.011571399999998], [80.2035349, 13.011920899999998], [80.20360740000001, 13.012132], [80.2037261, 13.0124637], [80.2038462, 13.012803299999998], [80.2039121, 13.0130087], [80.2040383, 13.013371500000002], [80.2041606, 13.013667699999997], [80.2043042, 13.014044199999997], [80.2044739, 13.0144875], [80.204699, 13.0150977], [80.2049084, 13.015519299999996], [80.2050367, 13.015897199999996], [80.2054139, 13.0169572], [80.2054916, 13.017175499999999], [80.2057341, 13.0178116], [80.2058235, 13.0180675], [80.20589920000002, 13.018296], [80.2060567, 13.0187194], [80.2061461, 13.018963299999998], [80.2061968, 13.019122399999999], [80.2062322, 13.0192778], [80.2062627, 13.019431], [80.2062818, 13.019572200000002], [80.2062957, 13.019715199999998], [80.2063058, 13.019855499999998], [80.2063271, 13.020565700000002], [80.2063341, 13.021002699999999], [80.2063431, 13.0213742], [80.2063514, 13.0217779], [80.2063641, 13.022008600000001], [80.2063739, 13.022219799999998], [80.2063951, 13.0224308], [80.206423, 13.022598699999998], [80.20646860000001, 13.0228544], [80.2065122, 13.0231046], [80.2065564, 13.023332699999997], [80.2066056, 13.023567200000002], [80.2067826, 13.024347400000002], [80.2068479, 13.024827799999999], [80.2068729, 13.025076], [80.2069037, 13.0254335], [80.2069284, 13.0256268], [80.206953, 13.025774499999995], [80.20700390000002, 13.026007499999999], [80.2070635, 13.026231], [80.2071389, 13.0264549], [80.20722810000001, 13.0266633], [80.2073289, 13.026879600000001], [80.2074325, 13.027071599999998], [80.2075563, 13.027274199999999], [80.207671, 13.027435700000002], [80.2077637, 13.027566699999998], [80.2079379, 13.027794599999998], [80.2083122, 13.0282792], [80.2084002, 13.0284227], [80.2084564, 13.028520999999998], [80.2085359, 13.028664900000003], [80.2086141, 13.028858799999998], [80.2088286, 13.0295659], [80.2090093, 13.030179999999996], [80.2094019, 13.0314943], [80.2095531, 13.0320073], [80.2095993, 13.0321854], [80.2096222, 13.032326100000002], [80.2096446, 13.032486399999994], [80.2096587, 13.032615099999997], [80.2096658, 13.032798900000001], [80.2096622, 13.033008999999998], [80.2096378, 13.033417099999998], [80.2096169, 13.0338296], [80.2096203, 13.033935399999999], [80.2096324, 13.0340394], [80.2096487, 13.034118100000002], [80.2096758, 13.0342335], [80.2097023, 13.034315099999997], [80.2097526, 13.0344333], [80.2098036, 13.034525299999999], [80.209863, 13.0346297], [80.2099366, 13.034723900000001], [80.2100268, 13.0348192], [80.2100986, 13.034883899999999], [80.2102342, 13.0349845], [80.2106579, 13.035239299999999], [80.2111917, 13.0355403], [80.2116088, 13.0357932], [80.211834, 13.0359351], [80.2119275, 13.0360071], [80.2120066, 13.036076], [80.2121294, 13.0361969], [80.2122157, 13.036311199999998], [80.212298, 13.036453899999996], [80.21237710000001, 13.0366416], [80.2124145, 13.036787999999998], [80.2124383, 13.036935399999999], [80.2124377, 13.037113100000001], [80.2124144, 13.037567999999997], [80.2124063, 13.0376817], [80.2123877, 13.0379415], [80.2123782, 13.038198999999999], [80.2123456, 13.0388455], [80.2123204, 13.039367299999999], [80.2123058, 13.039789499999998], [80.2123034, 13.040143399999996], [80.212295, 13.041305599999996], [80.212293, 13.042085800000002], [80.2122973, 13.0430743], [80.2122915, 13.0442403], [80.2122816, 13.0446315], [80.212257, 13.045420199999999], [80.2122289, 13.0462052], [80.2122114, 13.046904599999998], [80.2120481, 13.0488302], [80.2119933, 13.0494901], [80.2119929, 13.0498427], [80.21201060000001, 13.0503889], [80.2120452, 13.050932099999999], [80.2120687, 13.051301200000001], [80.212077, 13.051529499999997], [80.2120711, 13.051775599999996], [80.212059, 13.051931100000001], [80.2120235, 13.052120299999999], [80.2119719, 13.052343299999999], [80.2119112, 13.052577000000001], [80.2118084, 13.0529967], [80.2117182, 13.0533133], [80.2115532, 13.053951099999999], [80.2114829, 13.054240999999998], [80.2114525, 13.054427499999997], [80.21143, 13.0545865], [80.2114198, 13.054744499999998], [80.2114161, 13.055019400000003], [80.2114863, 13.0579309], [80.2115104, 13.0586639], [80.2115111, 13.0589288], [80.2115569, 13.059898499999997], [80.2115977, 13.0611041], [80.2116154, 13.061455], [80.2116305, 13.061666600000002], [80.2116628, 13.0621179], [80.2116795, 13.0623564], [80.2116749, 13.062649000000002], [80.2116116, 13.063606799999999], [80.2115937, 13.063772299999998], [80.211577, 13.063899799999998], [80.21153160000001, 13.064150499999998], [80.2114853, 13.064356399999998], [80.2113734, 13.064603299999996], [80.21122660000002, 13.064904999999998], [80.2110868, 13.065129899999999], [80.2109183, 13.065349500000002], [80.2104134, 13.065973899999998], [80.209836, 13.066637299999998], [80.2096095, 13.066855000000002], [80.2094574, 13.0669685], [80.2082885, 13.067743499999999], [80.2077545, 13.068076999999999], [80.2075684, 13.0681661], [80.2073368, 13.0682419], [80.2071816, 13.0682723], [80.20705170000001, 13.068297099999999], [80.2068089, 13.068313899999998], [80.2062244, 13.068316599999998], [80.2057583, 13.068318999999997], [80.2055034, 13.068329999999998], [80.2050588, 13.068367799999999], [80.2046817, 13.06841], [80.2039344, 13.068508399999999], [80.2032998, 13.068602799999999], [80.2023178, 13.068742899999998], [80.2020455, 13.068798400000002], [80.2019098, 13.0688306], [80.2017741, 13.0688753], [80.2014376, 13.069008399999996], [80.2010434, 13.069157099999998], [80.2008734, 13.069226599999999], [80.2006523, 13.0692957], [80.2004212, 13.069343899999998], [80.200194, 13.069372200000002], [80.2000339, 13.069380699999996], [80.1998551, 13.069379899999998], [80.1980794, 13.069347899999999], [80.1963681, 13.069320599999998], [80.1961692, 13.069332899999997], [80.1959928, 13.069361499999998], [80.1958011, 13.069415299999996], [80.1956222, 13.069493399999999], [80.1954254, 13.069609199999997], [80.1952853, 13.069718599999998], [80.1951574, 13.069851], [80.1950843, 13.069950999999998], [80.1949992, 13.0700856], [80.1949412, 13.070191499999998], [80.1948981, 13.070300799999998], [80.1948527, 13.0704409], [80.1948171, 13.0706356], [80.19480960000001, 13.070738299999999], [80.1948056, 13.070866599999999], [80.1948133, 13.071729099999997], [80.1948168, 13.071973299999998], [80.194818, 13.072068700000003], [80.1948356, 13.072746499999997], [80.1948572, 13.073444999999998], [80.1948833, 13.074478], [80.1948943, 13.0749286], [80.1948967, 13.075116399999999], [80.1948991, 13.075307], [80.1949012, 13.075472], [80.1949139, 13.075788499999998], [80.1949213, 13.0761161], [80.1949236, 13.076220799999996], [80.1949428, 13.076674899999997], [80.1949449, 13.0768246], [80.194976, 13.077044799999998], [80.1950104, 13.077144899999999], [80.1950526, 13.077242099999994], [80.1951023, 13.0773358], [80.1951593, 13.077425499999999], [80.1952233, 13.077510699999998], [80.1952938, 13.077590699999998], [80.1953705, 13.077665299999998], [80.1954528, 13.0777339], [80.195536, 13.077793199999999], [80.1956235, 13.0778465], [80.1957148, 13.0778933], [80.1958093, 13.0779335], [80.1959066, 13.0779668], [80.1960062, 13.077993000000001], [80.1961075, 13.0780121], [80.196276, 13.0780187], [80.1965547, 13.078020699999998], [80.1968889, 13.078015299999999], [80.19717290000001, 13.078015199999996], [80.1974257, 13.078051799999997], [80.1975369, 13.0780892], [80.197632, 13.078124], [80.1977553, 13.078183599999997], [80.197833, 13.078227499999997], [80.1979359, 13.078291499999999], [80.1980335, 13.078366], [80.1981123, 13.0784352], [80.198175, 13.078504499999996], [80.1982284, 13.078581499999999], [80.1982818, 13.0786572], [80.1983619, 13.0788058], [80.1984282, 13.0789582], [80.1984978, 13.0792247], [80.19850870000002, 13.079324199999999], [80.1985072, 13.0794764], [80.1984851, 13.079680299999996], [80.1984554, 13.079831399999994], [80.1983321, 13.0804849], [80.1982754, 13.0812582], [80.1983089, 13.082084199999997], [80.1982895, 13.084286000000002], [80.1983699, 13.084564299999998], [80.1985655, 13.084842600000002], [80.1987489, 13.0850412], [80.1989278, 13.085151299999996], [80.1991375, 13.085244399999999], [80.1995596, 13.085348100000001], [80.2006632, 13.0852989], [80.2011955, 13.085268600000001], [80.2015898, 13.085252999999998], [80.2029972, 13.085230900000003], [80.2065027, 13.085098999999996], [80.20724940000001, 13.085068699999999], [80.2084121, 13.085020899999998], [80.2088936, 13.084999799999997], [80.2091755, 13.084990500000002], [80.2100939, 13.084945999999997], [80.2105822, 13.084898], [80.2132214, 13.084793799999998], [80.2182291, 13.0846865], [80.22036880000002, 13.0846312], [80.2207263, 13.084608100000002], [80.2213365, 13.084503600000001], [80.2221304, 13.0842332], [80.2233052, 13.0837629], [80.22459270000002, 13.082540299999998], [80.225183, 13.081374999999998], [80.2253245, 13.081008699999998], [80.2253477, 13.080619999999996], [80.225143, 13.077671799999997], [80.2250996, 13.077309799999998], [80.2250756, 13.076703699999998], [80.2251065, 13.0764087], [80.2252573, 13.076133], [80.2255555, 13.0758563], [80.2260576, 13.075611700000001], [80.2308626, 13.075183899999997], [80.2315852, 13.0751919], [80.2322, 13.0753693], [80.2328587, 13.075560199999998], [80.2337776, 13.075792299999998], [80.2354612, 13.076141000000002], [80.2367594, 13.0763748], [80.2405105, 13.0772252], [80.24184, 13.077528499999998], [80.2426176, 13.077648400000001], [80.2431967, 13.077721599999997], [80.2444242, 13.077858199999996], [80.2462222, 13.077997299999996], [80.2498861, 13.078734], [80.250155, 13.0787784], [80.2504722, 13.078791499999998], [80.2516048, 13.078817299999999], [80.2522505, 13.0788156], [80.2529827, 13.0787771], [80.2557556, 13.079059], [80.256648, 13.079162800000002], [80.2568666, 13.079182999999999], [80.2569594, 13.079191099999997], [80.25704530000002, 13.079200199999999], [80.25741220000002, 13.079237599999999], [80.2603232, 13.079542399999998], [80.2609295, 13.079683100000002], [80.2618951, 13.0800367], [80.2630538, 13.080288599999998], [80.2647616, 13.0806347], [80.2652939, 13.080729499999999], [80.2672485, 13.080719], [80.268634, 13.080733300000002], [80.2706194, 13.080794299999999], [80.2708284, 13.080841199999998], [80.2713393, 13.081050799999998], [80.2718917, 13.0812406], [80.2727565, 13.0815846], [80.2739102, 13.081766599999998], [80.2747477, 13.081924999999998]], [[80.1965828, 12.994338599999997], [80.196817, 12.9944324], [80.1980699, 12.9948997], [80.19817230000001, 12.9949383], [80.1983696, 12.995012600000003], [80.1983815, 12.995017100000002], [80.1987328, 12.995149], [80.199262, 12.995343999999998], [80.199659, 12.9954994], [80.1997908, 12.9955551], [80.199925, 12.995629300000001], [80.2000693, 12.995729299999997], [80.200173, 12.995816699999999], [80.2002756, 12.995928800000002], [80.2003884, 12.996073900000003], [80.2004651, 12.9962013], [80.2005237, 12.996346399999998], [80.2005598, 12.996452999999999], [80.2005846, 12.996549700000001], [80.2006027, 12.996684800000002], [80.2006038, 12.996829900000002], [80.2005944, 12.997014399999998], [80.2005449, 12.9974713], [80.2004033, 12.998115], [80.2004024, 12.9981703], [80.2003583, 12.998671600000002], [80.2003242, 12.9988766], [80.2002994, 12.9991875], [80.200297, 12.999755100000002], [80.20029410000001, 13.000185799999999], [80.2002964, 13.000441999999996], [80.2003179, 13.0015193], [80.2003331, 13.001715499999998], [80.2003698, 13.0018383], [80.2004246, 13.001991400000001], [80.2005127, 13.002211199999998], [80.2006478, 13.0024309], [80.200738, 13.002600199999998], [80.2008272, 13.0027634], [80.2009554, 13.0029121], [80.2011621, 13.003395], [80.2015496, 13.004216499999998], [80.20186, 13.004874399999999], [80.2019686, 13.005106099999999], [80.202063, 13.005308899999998], [80.2021469, 13.0054872], [80.2022389, 13.005680299999998], [80.2023318, 13.005877599999996], [80.2022979, 13.0059469], [80.20255, 13.006499699999999], [80.2027341, 13.0068863], [80.2028896, 13.007225], [80.2029681, 13.007370199999999], [80.2030516, 13.0075723], [80.2030819, 13.007668399999998], [80.2031179, 13.007814399999999], [80.2031711, 13.0080482], [80.2032023, 13.008234799999999], [80.2032213, 13.008397400000002], [80.2032234, 13.008529599999996], [80.2032008, 13.0088862], [80.2031859, 13.009277499999998], [80.2031692, 13.009663900000001], [80.2031672, 13.009915199999998], [80.2031804, 13.010186799999996], [80.203187, 13.010418699999999], [80.2032038, 13.0106623], [80.203244, 13.010907699999999], [80.2033049, 13.0111958], [80.2034249, 13.011556], [80.2035795, 13.0119121], [80.203643, 13.012131699999998], [80.2037578, 13.012438499999996], [80.2038954, 13.0127971], [80.2039665, 13.012993699999999], [80.2040993, 13.013353], [80.2041989, 13.013651899999996], [80.2043378, 13.014022500000001], [80.2044864, 13.014408699999999], [80.2047349, 13.015076400000002], [80.2048486, 13.0153084], [80.2049957, 13.015642199999998], [80.2050896, 13.0159212], [80.2054543, 13.0169468], [80.205522, 13.0171371], [80.2056443, 13.0174466], [80.2057904, 13.017845799999998], [80.2058808, 13.018114899999999], [80.2059491, 13.018290399999998], [80.206061, 13.018621199999998], [80.2061582, 13.0188761], [80.2062252, 13.0190688], [80.2062635, 13.0192118], [80.2062922, 13.019345399999999], [80.2063177, 13.019482099999998], [80.2063369, 13.0196499], [80.206348, 13.019851900000003], [80.2063544, 13.0199819], [80.2063634, 13.020302699999998], [80.20637700000002, 13.020838899999998], [80.20637700000002, 13.021345400000001], [80.2063889, 13.0218528], [80.2063912, 13.021978], [80.2064002, 13.022149399999998], [80.2064146, 13.022257699999999], [80.2064294, 13.022389599999999], [80.2064562, 13.0225882], [80.2065045, 13.0228509], [80.2065796, 13.023254600000001], [80.2066277, 13.023495999999998], [80.2066979, 13.023805199999998], [80.2067314, 13.023965200000001], [80.2067759, 13.024148899999997], [80.2068175, 13.0243422], [80.2068376, 13.024470299999996], [80.206859, 13.0246088], [80.2068765, 13.024732900000002], [80.2068971, 13.024957699999998], [80.20692070000001, 13.0252229], [80.2069402, 13.025399100000001], [80.206962, 13.025566299999998], [80.2069753, 13.025671699999998], [80.2069905, 13.025768699999999], [80.2070398, 13.025984899999997], [80.2071261, 13.0262925], [80.2071868, 13.026474499999999], [80.2072541, 13.026647299999997], [80.2073366, 13.0268219], [80.2075642, 13.027222000000002], [80.2077064, 13.0274308], [80.2078563, 13.0276303], [80.2081825, 13.028046999999995], [80.2083503, 13.028274299999998], [80.2084224, 13.028373099999998], [80.2084964, 13.0285016], [80.2085476, 13.028609699999997], [80.2086329, 13.0287954], [80.2086747, 13.028917299999998], [80.208779, 13.0292721], [80.2088947, 13.0296509], [80.2090208, 13.030072199999996], [80.20912130000002, 13.030403899999998], [80.2092465, 13.0308242], [80.209337, 13.0311398], [80.2093982, 13.0313453], [80.2094893, 13.0316511], [80.2095974, 13.032015100000002], [80.2096306, 13.032144400000002], [80.2096552, 13.0322627], [80.2096732, 13.032373600000001], [80.2096922, 13.032488099999998], [80.2097045, 13.032643300000002], [80.2097102, 13.0327958], [80.2097093, 13.032955599999998], [80.2096969, 13.033121], [80.2096875, 13.0333187], [80.2096761, 13.033552400000001], [80.2096609, 13.033829599999999], [80.2096609, 13.0339442], [80.2096799, 13.034054999999999], [80.2096988, 13.034161299999997], [80.2097263, 13.034267499999997], [80.2097756, 13.034402399999998], [80.2098534, 13.0345539], [80.2099463, 13.0346805], [80.2100497, 13.034786699999998], [80.2101303, 13.034865300000002], [80.2102365, 13.034939199999998], [80.2103759, 13.0350279], [80.2104973, 13.035091599999998], [80.2112057, 13.0355123], [80.2116329, 13.035766], [80.2117924, 13.035867000000003], [80.2118833, 13.0359261], [80.2119806, 13.036000599999998], [80.2120507, 13.036067400000002], [80.2121385, 13.036156], [80.2122086, 13.036244599999998], [80.2122916, 13.036362699999996], [80.2123346, 13.036455900000002], [80.2123777, 13.036549099999997], [80.2124255, 13.036674999999999], [80.212456, 13.036791], [80.212474, 13.036895000000001], [80.2124769, 13.037113999999999], [80.2124762, 13.0372702], [80.2124592, 13.037461199999996], [80.2124325, 13.037815999999998], [80.2124223, 13.038031800000002], [80.2124223, 13.038126400000001], [80.2124128, 13.0383962], [80.2123974, 13.038613899999998], [80.2123887, 13.038805299999996], [80.2123759, 13.0391012], [80.2123572, 13.0393743], [80.2123478, 13.039623099999998], [80.2123458, 13.0398858], [80.2123391, 13.0400843], [80.2123338, 13.040591699999998], [80.2123352, 13.041106399999999], [80.2123338, 13.0416042], [80.2123285, 13.042136], [80.21233250000002, 13.042605], [80.2123378, 13.043094899999998], [80.2123378, 13.043690699999999], [80.2123338, 13.0441375], [80.2123244, 13.0446144], [80.2122815, 13.045880400000001], [80.2122708, 13.046414699999996], [80.2122587, 13.046907299999997], [80.21224530000002, 13.047184299999996], [80.2121622, 13.0480387], [80.2121206, 13.048507699999998], [80.2120817, 13.0489376], [80.2120361, 13.0494484], [80.2120321, 13.0497763], [80.2120455, 13.050131699999998], [80.2120872, 13.050927399999996], [80.2121058, 13.051281399999999], [80.2121233, 13.051516499999998], [80.2121246, 13.051674600000002], [80.2121192, 13.0518053], [80.2121058, 13.051947699999998], [80.2120723, 13.052112299999997], [80.2119865, 13.052455900000002], [80.2117786, 13.0532619], [80.2117388, 13.053404999999998], [80.2115685, 13.0540586], [80.2115268, 13.054239099999998], [80.211502, 13.054398199999998], [80.2114794, 13.054486100000002], [80.2114704, 13.054560799999999], [80.2114636, 13.0547717], [80.2114659, 13.0553672], [80.2114839, 13.056111999999999], [80.2115042, 13.056878799999996], [80.21152, 13.057359999999997], [80.2115228, 13.057941899999998], [80.2115408, 13.058680099999997], [80.2115467, 13.058874099999999], [80.2115659, 13.059111799999998], [80.2115739, 13.0594085], [80.211593, 13.0597658], [80.2116137, 13.060350000000001], [80.2116392, 13.061111299999999], [80.21166, 13.061401799999999], [80.2116769, 13.061663999999997], [80.2116935, 13.0619207], [80.2117145, 13.062353700000001], [80.2117089, 13.062647000000002], [80.2116513, 13.063590200000002], [80.2116194, 13.063863599999998], [80.2115301, 13.064356099999996], [80.2112686, 13.064918499999997], [80.2111186, 13.065142199999999], [80.2107008, 13.065695300000002], [80.210503, 13.0659252], [80.2101968, 13.066298099999997], [80.2098842, 13.0666523], [80.2097487, 13.066793599999997], [80.2096498, 13.066872899999998], [80.2094903, 13.0670018], [80.2092399, 13.0671696], [80.2089767, 13.0673374], [80.2082543, 13.067797200000001], [80.207846, 13.068061300000002], [80.2076419, 13.068173199999999], [80.2074505, 13.068249299999998], [80.2073069, 13.0682944], [80.2072112, 13.068316100000002], [80.2071028, 13.0683301], [80.2069497, 13.068348699999994], [80.2068046, 13.068358099999998], [80.2066052, 13.068358099999996], [80.2061331, 13.0683534], [80.205744, 13.068358099999998], [80.20542660000001, 13.068376700000002], [80.2050391, 13.068414000000004], [80.2046244, 13.0684622], [80.2039409, 13.068557599999998], [80.203256, 13.068653199999995], [80.2022576, 13.068789999999998], [80.2019738, 13.0688521], [80.201575, 13.0689826], [80.2012688, 13.069109999999998], [80.2009594, 13.069235799999998], [80.2006421, 13.069342999999998], [80.2004188, 13.069389600000001], [80.20022900000001, 13.0694098], [80.1999499, 13.069420699999998], [80.1995607, 13.069416000000002], [80.1984731, 13.0693912], [80.1976023, 13.0693819], [80.1974895, 13.0693799], [80.1967203, 13.069366299999999], [80.1963886, 13.069353899999996], [80.1961494, 13.069367899999998], [80.1960186, 13.0693943], [80.1959117, 13.069417599999998], [80.1957698, 13.069464199999997], [80.1956454, 13.069520099999998], [80.1955114, 13.069593099999999], [80.1954094, 13.0696693], [80.1952961, 13.0697687], [80.1951877, 13.069874299999999], [80.1950968, 13.0699908], [80.1950521, 13.070070100000002], [80.1949883, 13.070181899999998], [80.1949325, 13.0703062], [80.1949054, 13.0703963], [80.19487030000002, 13.0705392], [80.1948543, 13.070696099999997], [80.1948543, 13.071054999999998], [80.1948556, 13.071407699999998], [80.1948575, 13.0719669], [80.1948639, 13.072493599999996], [80.19487350000001, 13.072776299999997], [80.1948856, 13.073445000000001], [80.1949022, 13.0740937], [80.1949245, 13.0745225], [80.1949341, 13.074979199999998], [80.1949453, 13.075331800000003], [80.1949596, 13.0760993], [80.1949596, 13.076223499999998], [80.1949644, 13.0765389], [80.1949724, 13.076742400000002], [80.1950043, 13.076919500000002], [80.19502820000001, 13.077011200000001], [80.1950764, 13.077147300000002], [80.1951247, 13.0772545], [80.1951878, 13.077361599999998], [80.1952602, 13.077458199999995], [80.195338, 13.077553599999998], [80.1954466, 13.077647699999998], [80.1955472, 13.077728600000002], [80.1956424, 13.077794000000004], [80.1957631, 13.077851399999998], [80.1958663, 13.077894500000001], [80.1960018, 13.0779429], [80.1961507, 13.0779729], [80.1962754, 13.077980800000002], [80.1964967, 13.077982099999996], [80.1968561, 13.077980800000004], [80.1970908, 13.077979499999998], [80.1972329, 13.077980799999999], [80.1973282, 13.077995100000003], [80.1974207, 13.078012099999999], [80.197532, 13.0780382], [80.1976554, 13.078085299999998], [80.1977493, 13.078130999999999], [80.1978445, 13.078184599999998], [80.1979303, 13.078240699999997], [80.1980242, 13.078307300000002], [80.1981033, 13.078371399999998], [80.1981798, 13.0784523], [80.1982441, 13.0785333], [80.1983367, 13.0786509], [80.198389, 13.0787489], [80.1984627, 13.078896499999999], [80.198503, 13.0790101], [80.1985365, 13.079130299999997], [80.1985486, 13.0792374], [80.1985512, 13.079430799999999], [80.1985351, 13.079596699999996], [80.1984989, 13.079827899999998], [80.1983912, 13.080368699999998], [80.1983724, 13.0812335], [80.19837970000002, 13.0820808], [80.1983377, 13.0842881], [80.1983872, 13.084554099999998], [80.1985884, 13.0848349], [80.198764, 13.0850296], [80.1989404, 13.0851341], [80.1991449, 13.085229400000001], [80.1995566, 13.085332], [80.2006636, 13.085279699999997], [80.2011935, 13.0852545], [80.2015891, 13.0852364], [80.20291340000001, 13.085196099999997], [80.20299860000002, 13.085193500000003], [80.2040529, 13.085149399999999], [80.2044279, 13.085134499999999], [80.206458, 13.0850671], [80.2065141, 13.085064700000002], [80.2072615, 13.0850278], [80.208409, 13.0849946], [80.208893, 13.084968400000001], [80.2091755, 13.084956300000002], [80.2098228, 13.084934299999999], [80.2101011, 13.0849253], [80.2105766, 13.0848732], [80.2116789, 13.084831], [80.2139948, 13.084745199999999], [80.2177164, 13.0846081], [80.2180205, 13.0845942], [80.2182305, 13.084593699999997], [80.2186077, 13.084584899999998], [80.2207245, 13.084508799999998], [80.2212922, 13.084375599999998], [80.2221143, 13.0840712], [80.2232301, 13.083564399999998], [80.2244532, 13.082440999999998], [80.2250831, 13.081300599999997], [80.225185, 13.081021000000002], [80.2251823, 13.080633], [80.2251225, 13.079924800000002], [80.2248971, 13.077328100000004], [80.2249087, 13.076686599999999], [80.2250093, 13.076333899999996], [80.2251769, 13.076077900000001], [80.2254961, 13.075765700000002], [80.2260339, 13.0755345], [80.2265851, 13.075475699999997], [80.2275064, 13.0754038], [80.2291962, 13.075280999999997], [80.2305789, 13.0751791], [80.2308713, 13.0751591], [80.2315901, 13.075168699999999], [80.2328695, 13.075540199999997], [80.23343550000001, 13.0756808], [80.2337855, 13.075774799999998], [80.2348731, 13.075992999999999], [80.2354833, 13.076121], [80.2367601, 13.076346999999998], [80.2380234, 13.0766187], [80.2400363, 13.077088999999999], [80.240584, 13.0772182], [80.2408762, 13.077286399999998], [80.2418442, 13.0775096], [80.242091, 13.077539], [80.2426237, 13.077626799999999], [80.2429801, 13.077672899999996], [80.2444218, 13.077832300000003], [80.246239, 13.077983800000002], [80.2470362, 13.078134199999997], [80.2472153, 13.078167999999998], [80.2487763, 13.078485400000002], [80.2499015, 13.0787206], [80.2501476, 13.078761599999998], [80.2504742, 13.0787744], [80.2508144, 13.078774500000002], [80.2513625, 13.0787906], [80.2516043, 13.0787935], [80.2518595, 13.078798999999998], [80.252245, 13.078800599999996], [80.25296930000002, 13.078765599999997], [80.2540415, 13.078851199999999], [80.2551282, 13.0789661], [80.2557546, 13.0790441], [80.2563764, 13.079100099999998], [80.256653, 13.079128], [80.2568791, 13.079148000000002], [80.2569628, 13.0791546], [80.2570495, 13.0791637], [80.2574204, 13.0791987], [80.2588287, 13.0793599], [80.2594918, 13.0794332], [80.2603293, 13.079522699999998], [80.2609335, 13.0796664], [80.2613207, 13.0798006], [80.2614318, 13.079827099999997], [80.261895, 13.080022999999997], [80.2630584, 13.080270500000001], [80.2639631, 13.080458700000001], [80.26472, 13.080612099999998], [80.2652941, 13.080715999999999], [80.2672501, 13.080704199999998], [80.2686347, 13.080717299999995], [80.2706216, 13.0807832], [80.2708402, 13.080826399999996], [80.270934, 13.080872299999998], [80.271008, 13.080903199999998], [80.2713532, 13.081038599999998], [80.2719157, 13.0812195], [80.2719548, 13.081237900000001], [80.2727653, 13.081552299999998], [80.2739136, 13.0817435], [80.2747473, 13.081895599999998]]]}}, {"id": "2", "type": "Feature", "properties": {"phase": "phase2", "Line": "Purple Line", "station_count": 0, "source": "osm_overpass", "length_km": 88.95}, "geometry": {"type": "MultiLineString", "coordinates": [[[80.2414563, 13.149685599999996], [80.2391701, 13.1437554], [80.2391271, 13.1435991], [80.2390948, 13.143513799999997], [80.2378253, 13.140633499999996], [80.2377171, 13.140427200000001], [80.2376093, 13.140209600000002], [80.2375484, 13.140021200000003], [80.2376589, 13.139154599999998], [80.2377124, 13.138854], [80.2377866, 13.1383141], [80.2379703, 13.137601000000002], [80.2380076, 13.137473499999999], [80.2381522, 13.136497199999997], [80.23840970000002, 13.135742799999997], [80.2388603, 13.134679200000003], [80.2398817, 13.132623], [80.2405029, 13.131449299999996], [80.2406692, 13.131135099999998], [80.2408599, 13.1308214], [80.2414104, 13.128732499999998], [80.2414384, 13.126890700000002], [80.2421283, 13.123708599999999], [80.2425759, 13.1216441], [80.2426759, 13.121235399999998], [80.2426861, 13.120829], [80.2426631, 13.119794000000002], [80.2424883, 13.118397300000002], [80.2423761, 13.1178021], [80.2423607, 13.117305099999998], [80.2427394, 13.116214], [80.24382950000002, 13.114835], [80.2438819, 13.1144196], [80.2436253, 13.113119], [80.2435727, 13.112925899999999], [80.24357110000001, 13.112823299999999], [80.2435802, 13.1104241], [80.24400870000001, 13.109380399999996], [80.2442034, 13.107536099999997], [80.2443015, 13.106606299999996], [80.2441674, 13.105237399999996], [80.2426148, 13.098664899999998], [80.2425742, 13.098001099999998], [80.2427834, 13.097525599999999], [80.2431529, 13.097315199999999], [80.2433328, 13.0972097], [80.2465224, 13.097076299999998], [80.2506471, 13.0979255], [80.25816690000002, 13.097401799999998], [80.2587618, 13.0972082], [80.2589361, 13.0970341], [80.259038, 13.0967876], [80.2590598, 13.096420600000002], [80.2589252, 13.094783999999999], [80.2588437, 13.0940565], [80.2584667, 13.0878601], [80.2583709, 13.087531499999999], [80.2583013, 13.0872923], [80.2582001, 13.0870722], [80.2579975, 13.086921799999999], [80.2564133, 13.086368099999998], [80.25477, 13.085793699999998], [80.2538824, 13.0856022], [80.2515396, 13.0857536], [80.2497572, 13.0858687], [80.2463937, 13.085643999999998], [80.2455595, 13.085390600000002], [80.2450042, 13.0849856], [80.2441547, 13.0832157], [80.2437302, 13.082331300000002], [80.2437115, 13.0817983], [80.244492, 13.079914600000004], [80.2445751, 13.0793816], [80.244382, 13.0777592], [80.2441889, 13.077200100000002], [80.2416462, 13.074425399999999], [80.2413726, 13.073981299999998], [80.2413028, 13.073307199999999], [80.2421826, 13.0702647], [80.2436015, 13.066388699999997], [80.2436486, 13.066149799999998], [80.2435958, 13.064024], [80.2436651, 13.063791499999999], [80.2437858, 13.063587699999998], [80.2462807, 13.061931199999998], [80.2464597, 13.0618124], [80.2466188, 13.0617052], [80.2470701, 13.061142599999998], [80.2475672, 13.0602989], [80.2482393, 13.0583443], [80.2484558, 13.057706199999998], [80.248694, 13.057004899999999], [80.2489087, 13.056380899999999], [80.2490738, 13.0558967], [80.24933730000001, 13.055310499999996], [80.24994090000001, 13.0543173], [80.2504735, 13.053896999999997], [80.2512083, 13.0536668], [80.25219650000001, 13.053907], [80.2556968, 13.0559213], [80.2562573, 13.056253799999999], [80.2567527, 13.056421999999998], [80.2581793, 13.056703000000002], [80.2591556, 13.056747399999997], [80.2634686, 13.0566168], [80.2638583, 13.0565052], [80.2642411, 13.056240500000001], [80.2643969, 13.0560127], [80.264449, 13.0555749], [80.2641928, 13.0539987], [80.2642177, 13.053119100000002], [80.2654736, 13.048695200000003], [80.2662667, 13.0465267], [80.2665507, 13.045935599999998], [80.2666277, 13.0455635], [80.2667958, 13.044632299999998], [80.26731670000001, 13.043585899999998], [80.2678945, 13.042711899999999], [80.2680823, 13.042234699999998], [80.2681403, 13.041602000000001], [80.2681444, 13.041240499999999], [80.267649, 13.038994199999998], [80.2676423, 13.0383706], [80.2676498, 13.038196499999996], [80.2676408, 13.037946499999999], [80.2676396, 13.0378], [80.2676377, 13.0377117], [80.2676367, 13.037635399999997], [80.267637, 13.037557799999998], [80.2676097, 13.037233899999997], [80.267622, 13.037066099999999], [80.2679238, 13.0352767], [80.2679037, 13.034816599999997], [80.2661616, 13.027259499999996], [80.2659518, 13.026326299999997], [80.2658649, 13.026070600000002], [80.2656807, 13.025806199999998], [80.2653255, 13.0252543], [80.2650395, 13.0248778], [80.2646339, 13.024343499999999], [80.2644151, 13.0240077], [80.2641974, 13.0236016], [80.264017, 13.0232654], [80.26378600000001, 13.022848499999998], [80.2635391, 13.022360800000001], [80.2633443, 13.021962999999996], [80.2631829, 13.021626699999999], [80.2631184, 13.0214654], [80.2630601, 13.021299699999998], [80.2630021, 13.020968399999997], [80.2629681, 13.020606599999999], [80.2629433, 13.0204173], [80.26293490000002, 13.0202781], [80.26280590000002, 13.020061700000001], [80.2617021, 13.018964900000002], [80.2611868, 13.018486299999998], [80.26111530000001, 13.018392099999998], [80.2596193, 13.016120700000002], [80.2596538, 13.015699199999998], [80.2596797, 13.0154024], [80.25972930000002, 13.0148578], [80.2597408, 13.0137749], [80.2596853, 13.012362299999996], [80.2596669, 13.011653799999998], [80.259644, 13.011567], [80.2596142, 13.0108798], [80.2592691, 13.009389700000002], [80.2590276, 13.008709099999999], [80.258851, 13.0082114], [80.2578471, 13.006841], [80.2575678, 13.006026499999999], [80.2560377, 12.997689899999997], [80.2559937, 12.997487], [80.2559568, 12.9973599], [80.2559112, 12.9972796], [80.2556273, 12.997082300000002], [80.2550784, 12.9969049], [80.2545635, 12.996761600000001], [80.2540038, 12.9962481], [80.2531896, 12.9954577], [80.2529928, 12.9952699], [80.2528113, 12.995176300000002], [80.2513987, 12.994757300000003], [80.2507335, 12.994443600000002], [80.250358, 12.993873899999997], [80.2502861, 12.9931741], [80.2507456, 12.990785099999997], [80.2529597, 12.9829125], [80.252829, 12.9793648], [80.252611, 12.978458800000002], [80.25163350000001, 12.977475499999999], [80.2513983, 12.977031999999998], [80.2509117, 12.975425699999999], [80.2503635, 12.973487899999999], [80.2499311, 12.9718836], [80.2497153, 12.971029999999999], [80.2486516, 12.968166600000002], [80.2469139, 12.9639569], [80.2467196, 12.9635035], [80.2455251, 12.9608011], [80.24433060000001, 12.958098599999998], [80.2427416, 12.9545034], [80.2407817, 12.949028699999998], [80.2404794, 12.948246100000002], [80.2396383, 12.9462395], [80.2394562, 12.9458092], [80.2391042, 12.9452192], [80.237288, 12.9434921], [80.2368874, 12.9430943], [80.2366128, 12.942610700000001], [80.2363898, 12.9418403], [80.2360423, 12.940577500000003], [80.2359027, 12.9401102], [80.2352564, 12.938698], [80.2346828, 12.9375297], [80.2341017, 12.936326000000001], [80.2335191, 12.9350957], [80.2330138, 12.934035399999999], [80.2326041, 12.9330668], [80.2322203, 12.932034600000001], [80.2319335, 12.931142899999998], [80.23159820000001, 12.9299361], [80.2313766, 12.9290045], [80.2312067, 12.927814], [80.2310732, 12.9268646], [80.2309518, 12.925832399999999], [80.230764, 12.924399299999997], [80.2306614, 12.9235502], [80.2304602, 12.9220776], [80.2302675, 12.920722999999995], [80.2300961, 12.919430399999998], [80.22975010000002, 12.916763999999999], [80.2295514, 12.915481799999998], [80.2293753, 12.9143741], [80.2290769, 12.912021299999997], [80.2288039, 12.910183200000002], [80.2285283, 12.9083775], [80.2282961, 12.9066762], [80.2281889, 12.904855499999996], [80.2280996, 12.9033009], [80.2279664, 12.900814099999998], [80.2276922, 12.896341099999999], [80.2275526, 12.8938563], [80.2273887, 12.892395], [80.2273189, 12.888120599999997], [80.2272097, 12.8871769], [80.2268177, 12.885771199999999], [80.2267198, 12.884959899999998], [80.22672130000001, 12.8828284], [80.2267363, 12.8810734], [80.22675990000002, 12.879969000000003], [80.22680210000001, 12.878820499999996], [80.2268718, 12.877901699999997], [80.2268933, 12.877617700000002], [80.2269584, 12.8767143], [80.226969, 12.876285299999997], [80.2269354, 12.875323400000001], [80.22671690000001, 12.8734212], [80.2266289, 12.870883], [80.2263983, 12.8686346], [80.2265214, 12.866813199999998], [80.2266063, 12.865763699999997], [80.2265347, 12.863063300000002], [80.2265329, 12.862713199999996], [80.2266123, 12.861327099999995], [80.2264965, 12.860002399999999], [80.2262455, 12.858521299999998], [80.2262541, 12.857623899999998], [80.22668110000001, 12.853345799999996], [80.2266403, 12.8502633], [80.2265816, 12.848051600000002], [80.2266005, 12.846546400000001], [80.2266257, 12.845140799999998], [80.2266546, 12.844579599999998], [80.2269, 12.8429014], [80.2273371, 12.841107099999999], [80.2277222, 12.839608299999998], [80.2282414, 12.837440899999999], [80.2284356, 12.8363537], [80.2286123, 12.835184199999997], [80.228782, 12.834124299999997], [80.2288667, 12.8338303], [80.2290507, 12.832645099999999], [80.2290358, 12.832557900000001], [80.2289863, 12.8324422], [80.228759, 12.832151999999999], [80.2283606, 12.831714999999999], [80.2282247, 12.831595499999997], [80.2281306, 12.8315277], [80.2279942, 12.831462799999995], [80.2273348, 12.831309499999998], [80.2265549, 12.8311447], [80.2263487, 12.8311277], [80.224759, 12.831128299999998], [80.22233, 12.8311254], [80.2205528, 12.8311481], [80.2204757, 12.83114], [80.220382, 12.831107099999999], [80.2202989, 12.831049299999998], [80.2201891, 12.8309326], [80.2200032, 12.8307102], [80.2197247, 12.8304118], [80.2195973, 12.830247], [80.2195499, 12.830171699999998], [80.21950280000001, 12.830097800000003], [80.21948150000001, 12.8299828], [80.2194731, 12.8285844], [80.2194605, 12.824427300000002], [80.2194489, 12.8227552], [80.2194571, 12.8220149], [80.2194893, 12.8218817], [80.2195527, 12.8217656], [80.2199388, 12.821206199999997], [80.220029, 12.821100099999999], [80.2200856, 12.821036899999998], [80.2202053, 12.8209645], [80.2202866, 12.820945299999998], [80.2224114, 12.820924900000001]], [[80.2224143, 12.820852199999994], [80.2202813, 12.8208895], [80.2201841, 12.820907300000002], [80.2200411, 12.8209952], [80.2199647, 12.821065799999996], [80.2198948, 12.821158999999998], [80.2195213, 12.821713999999997], [80.219469, 12.8218082], [80.2194393, 12.821895800000002], [80.21941200000002, 12.8219915], [80.2194408, 12.830003199999997], [80.2194715, 12.830127099999999], [80.2195638, 12.830267700000002], [80.2196885, 12.830436699999998], [80.2199365, 12.830715099999997], [80.2202661, 12.831097999999999], [80.2203629, 12.831156899999998], [80.2204258, 12.831177999999998], [80.2204828, 12.831184999999996], [80.2222912, 12.831163], [80.2247798, 12.8311701], [80.2263465, 12.8311666], [80.2265516, 12.831185499999998], [80.22732690000001, 12.8313396], [80.2279642, 12.8315017], [80.2280967, 12.831574799999999], [80.22817400000001, 12.8316442], [80.2283048, 12.831758999999998], [80.2289375, 12.832457200000002], [80.2289804, 12.832539399999996], [80.2290002, 12.8325848], [80.2290088, 12.8326557], [80.2288163, 12.833835399999998], [80.2283183, 12.836942299999999], [80.2276868, 12.839686700000001], [80.2269073, 12.842747799999998], [80.226633, 12.844609], [80.226597, 12.8450488], [80.2265573, 12.847842500000002], [80.2265979, 12.8498935], [80.2266439, 12.8522193], [80.2266547, 12.8533416], [80.2265573, 12.854404199999998], [80.2262217, 12.8576902], [80.226218, 12.8585241], [80.2264707, 12.859966499999999], [80.2265897, 12.861296400000002], [80.2265031, 12.8628444], [80.2265897, 12.8657574], [80.226366, 12.868614199999998], [80.2265681, 12.8703978], [80.226615, 12.871717099999998], [80.2266908, 12.873419799999999], [80.2269001, 12.875382899999998], [80.2269423, 12.8765804], [80.2268587, 12.877626099999997], [80.22684630000002, 12.877806799999998], [80.2268403, 12.877900699999998], [80.2267979, 12.878532899999998], [80.22671490000002, 12.880400899999996], [80.2267041, 12.883092100000002], [80.2266969, 12.8849636], [80.2267835, 12.885765700000002], [80.2271877, 12.887193899999998], [80.2272923, 12.888055799999995], [80.227314, 12.888516599999999], [80.2273393, 12.890715200000002], [80.2273645, 12.892396700000003], [80.2275305, 12.8938707], [80.2276316, 12.895735099999996], [80.2277903, 12.8985739], [80.2279564, 12.9009448], [80.2281115, 12.9039136], [80.2282523, 12.906572900000002], [80.2283786, 12.907586], [80.2286889, 12.909524099999999], [80.2290101, 12.911796399999998], [80.2293349, 12.914227], [80.2297679, 12.9170339], [80.2300927, 12.9196263], [80.2304933, 12.922489399999998], [80.2306119, 12.9235508], [80.2307407, 12.9244878], [80.2310563, 12.9268684], [80.2311753, 12.927775899999999], [80.2313486, 12.9289999], [80.2316337, 12.9301747], [80.232045, 12.931602599999998], [80.2324709, 12.9327985], [80.233023, 12.934142099999999], [80.2341309, 12.9364528], [80.2353073, 12.938869100000002], [80.235892, 12.940128199999997], [80.2363719, 12.941876199999996], [80.2365921, 12.942618300000001], [80.2368699, 12.943100099999999], [80.2379273, 12.944148199999999], [80.2390893, 12.945235000000004], [80.2394393, 12.945808299999996], [80.2404714, 12.948270199999998], [80.2413664, 12.950943], [80.2424057, 12.953746], [80.2434342, 12.956250000000002], [80.2444447, 12.958708299999996], [80.245733, 12.961468999999997], [80.2469094, 12.963990499999998], [80.2477178, 12.966149799999998], [80.248638, 12.9681579], [80.249681, 12.971045399999994], [80.2499075, 12.9718924], [80.2503388, 12.973506699999996], [80.2508387, 12.975298599999999], [80.2513709, 12.977032099999999], [80.2516176, 12.977487900000002], [80.2525252, 12.978505899999998], [80.2527635, 12.979385399999998], [80.2528846, 12.982928200000003], [80.2508924, 12.9898473], [80.2506692, 12.990779799999999], [80.2502314, 12.9931613], [80.2502775, 12.9939], [80.2506691, 12.994485399999999], [80.2513465, 12.9948338], [80.2527838, 12.995266000000003], [80.2529229, 12.995334699999997], [80.2531568, 12.995534399999997], [80.2539755, 12.9963015], [80.2545367, 12.996822599999998], [80.2550268, 12.996961499999998], [80.2556086, 12.997144599999997], [80.2557281, 12.997216399999997], [80.2558816, 12.9973321], [80.2559104, 12.997393199999998], [80.2559719, 12.997572699999996], [80.2559831, 12.9976597], [80.2574927, 13.006047399999998], [80.25780440000001, 13.006850099999998], [80.2587673, 13.0082503], [80.2592072, 13.0093876], [80.259541, 13.0108734], [80.2595691, 13.0115997], [80.2595948, 13.0123886], [80.259666, 13.013796499999998], [80.2596576, 13.015042199999998], [80.2595947, 13.015666200000002], [80.2595791, 13.015762199999996], [80.2595774, 13.0161247], [80.2611289, 13.018467], [80.261671, 13.0189858], [80.262764, 13.0201109], [80.2628726, 13.020299299999998], [80.2628994, 13.020487799999998], [80.2629307, 13.0207776], [80.263001, 13.021210999999997], [80.2631403, 13.0216262], [80.2632289, 13.021818899999998], [80.2635665, 13.0225032], [80.2639135, 13.023195599999996], [80.2645997, 13.024350099999998], [80.2656289, 13.025787], [80.2658533, 13.026116099999998], [80.2661213, 13.027275099999997], [80.2678621, 13.034808799999999], [80.2678846, 13.035271699999997], [80.2676167, 13.0369902], [80.2675897, 13.037259600000002], [80.2676277, 13.037565600000002], [80.2676324, 13.038135199999994], [80.2676319, 13.038208199999994], [80.2676322, 13.038226499999999], [80.267625, 13.038371299999998], [80.2676175, 13.0389901], [80.2679675, 13.0404531], [80.2680061, 13.0407605], [80.268072, 13.041023600000003], [80.2681137, 13.041238999999996], [80.2680831, 13.041565299999998], [80.2680105, 13.042222299999999], [80.2678423, 13.042702499999999], [80.2672701, 13.043568399999998], [80.2667702, 13.0446312], [80.2666098, 13.045548999999998], [80.2665313, 13.045921699999996], [80.2662332, 13.046513900000003], [80.2654416, 13.048681099999998], [80.2641349, 13.0530912], [80.2641227, 13.053997199999996], [80.2644061, 13.0555686], [80.2643539, 13.0559889], [80.2642196, 13.0562091], [80.2638717, 13.0564509], [80.2634525, 13.056554000000004], [80.2591744, 13.056687300000004], [80.2582088, 13.056642899999998], [80.2567818, 13.056379300000001], [80.2562535, 13.056206999999999], [80.2557118, 13.0558817], [80.2522217, 13.0538609], [80.2512083, 13.0536145], [80.2504756, 13.0538406], [80.2499156, 13.054272199999998], [80.2493169, 13.055319999999998], [80.2490702, 13.055876000000001], [80.2487397, 13.056824999999998], [80.248184, 13.0584721], [80.2475574, 13.060296899999999], [80.2470639, 13.061135099999998], [80.2470041, 13.0612105], [80.2466133, 13.0617037], [80.2464566, 13.0618061], [80.2443437, 13.063183299999999], [80.2437744, 13.063536799999998], [80.2436199, 13.0637605], [80.2435567, 13.064032700000002], [80.2435926, 13.0661533], [80.243552, 13.066385999999998], [80.2421483, 13.070249900000002], [80.2412121, 13.073307699999999], [80.2412824, 13.0739901], [80.2415871, 13.074462000000002], [80.2441192, 13.077207899999998], [80.2443337, 13.0778271], [80.2445, 13.079389499999998], [80.244441, 13.0799067], [80.2436417, 13.081790399999996], [80.2436337, 13.0823051], [80.2449802, 13.0850222], [80.2455085, 13.085429799999996], [80.2464044, 13.085696299999999], [80.2472839, 13.0857603], [80.2497786, 13.085941799999999], [80.2538502, 13.085659699999999], [80.2547665, 13.085835100000002], [80.257978, 13.0869353], [80.2580658, 13.086996], [80.2581905, 13.0870822], [80.2582901, 13.087291399999996], [80.2583574, 13.087531899999998], [80.2584529, 13.0878525], [80.2588177, 13.0940565], [80.2589074, 13.0947893], [80.2590034, 13.096442799999998], [80.2589914, 13.096766799999997], [80.2588713, 13.097016699999998], [80.2587334, 13.097168600000002], [80.2581647, 13.097335400000002], [80.250652, 13.0978689], [80.2473959, 13.097178199999998], [80.2465224, 13.0969927], [80.2433039, 13.0971548], [80.24272440000001, 13.097468199999998], [80.2425045, 13.0979959], [80.2425376, 13.098655299999997], [80.2440977, 13.105247899999998], [80.244205, 13.1065854], [80.2439358, 13.109420399999998], [80.2435626, 13.110417599999998], [80.2435541, 13.112823299999999], [80.2435557, 13.1129288], [80.2438638, 13.114431300000001], [80.2437651, 13.114834999999998], [80.2427185, 13.1162172], [80.2423488, 13.117300199999999], [80.242359, 13.117807199999998], [80.2424074, 13.1180607], [80.2424789, 13.118431000000001], [80.2426473, 13.119792899999998], [80.2426728, 13.120836599999999], [80.2426626, 13.121216799999997], [80.2426315, 13.121370200000001], [80.2425647, 13.121630299999998], [80.2422552, 13.122883399999997], [80.2414237, 13.1268908], [80.2413467, 13.1287324], [80.2408332, 13.130834300000004], [80.240645, 13.131126899999998], [80.2398621, 13.1326163], [80.2388334, 13.1346879], [80.2383904, 13.1357458], [80.2381324, 13.1364935], [80.2377592, 13.138257700000002], [80.237513, 13.140014300000002], [80.2375869, 13.140275299999999], [80.2377168, 13.140525099999998], [80.2378233, 13.140742399999999], [80.2379538, 13.1410785], [80.2381202, 13.1414401], [80.2382939, 13.1418328], [80.2389114, 13.143292599999997], [80.2390483, 13.143539099999998], [80.2401216, 13.1463226], [80.240248, 13.146634699999998], [80.2406715, 13.1477256], [80.2413922, 13.149708799999999]]]}}, {"id": "3", "type": "Feature", "properties": {"phase": "phase2", "Line": "Red Line", "station_count": 0, "source": "osm_overpass", "length_km": 89.86}, "geometry": {"type": "MultiLineString", "coordinates": [[[80.2307103, 12.9007667], [80.2280416, 12.900933299999998], [80.223394, 12.9010783], [80.2173992, 12.9018021], [80.2167751, 12.9019624], [80.2053811, 12.906465599999999], [80.2049331, 12.906726599999999], [80.2043559, 12.907147000000004], [80.2037073, 12.907333699999999], [80.2026007, 12.9074544], [80.198792, 12.9077242], [80.19858380000001, 12.907814199999999], [80.1983306, 12.908046299999999], [80.1953233, 12.912345899999998], [80.1951173, 12.912720299999998], [80.1943068, 12.916182299999996], [80.1941121, 12.916553699999998], [80.1939565, 12.9167471], [80.19361850000001, 12.916877899999996], [80.18984790000002, 12.917364799999998], [80.1889695, 12.9177595], [80.1882026, 12.918354], [80.1860547, 12.920177099999998], [80.1856981, 12.920317499999998], [80.184145, 12.920448999999998], [80.1839212, 12.9205726], [80.1836827, 12.9207898], [80.1830168, 12.9230282], [80.1822612, 12.927376000000002], [80.1815467, 12.9303322], [80.1814579, 12.9307566], [80.1814792, 12.9310819], [80.1815141, 12.931287399999999], [80.1823682, 12.9353723], [80.1822461, 12.9363488], [80.1822579, 12.938337600000002], [80.1826008, 12.9396961], [80.1827451, 12.9412331], [80.1829057, 12.942755999999996], [80.1829833, 12.9442419], [80.1830645, 12.945494], [80.183124, 12.945636399999998], [80.183355, 12.9459389], [80.18475880000001, 12.947832800000004], [80.1853617, 12.949434], [80.1862819, 12.952217599999997], [80.1869566, 12.956421600000002], [80.1870593, 12.9601262], [80.187264, 12.961396499999996], [80.187732, 12.9637119], [80.1887031, 12.9664088], [80.1913539, 12.972309399999999], [80.1923107, 12.974809999999996], [80.1928657, 12.976102500000001], [80.1936941, 12.977311999999998], [80.1939945, 12.9787387], [80.19472440000001, 12.979866899999998], [80.1954238, 12.981153199999998], [80.1962211, 12.982815799999997], [80.1963156, 12.983111], [80.1963559, 12.9834556], [80.1963848, 12.9837083], [80.1964047, 12.9840358], [80.1963798, 12.9841355], [80.1962961, 12.9844323], [80.19621410000002, 12.984851799999996], [80.1962079, 12.9850354], [80.196219, 12.985677599999999], [80.196142, 12.9862231], [80.1959511, 12.986761499999998], [80.1956801, 12.987357399999999], [80.1956411, 12.987475899999998], [80.1956002, 12.988136399999998], [80.1956181, 12.988485800000001], [80.1956165, 12.988807099999999], [80.1956466, 12.9895574], [80.1956557, 12.9901997], [80.1955798, 12.990508699999996], [80.1955639, 12.990585799999998], [80.1955515, 12.9908531], [80.1955529, 12.990963600000002], [80.1955587, 12.9913887], [80.1955666, 12.9916894], [80.1955726, 12.991829199999996], [80.1955844, 12.9920933], [80.1956226, 12.993159899999998], [80.1958911, 12.993726300000002], [80.1961368, 12.9940468], [80.1963802, 12.994451099999996], [80.1966692, 12.994798299999998], [80.1967647, 12.994850000000001], [80.1969053, 12.9949128], [80.197113, 12.994977100000003], [80.199469, 12.995839800000002], [80.1999786, 12.996019999999998], [80.2002, 12.996142399999997], [80.2004464, 12.9963747], [80.2005383, 12.9964947], [80.2005568, 12.996552499999998], [80.2005712, 12.9967503], [80.2005306, 12.997348], [80.2003679, 12.998119099999998], [80.2003241, 12.9986781], [80.2002825, 12.998876199999998], [80.2002619, 12.999173000000003], [80.2002599, 12.999749500000002], [80.2002638, 13.000445799999998], [80.2003864, 13.001319900000002], [80.2004534, 13.001459299999999], [80.2005241, 13.001569099999998], [80.2006159, 13.001735199999997], [80.2007526, 13.001954699999999], [80.2009268, 13.002261599999997], [80.2010185, 13.002505799999998], [80.2012121, 13.002932099999997], [80.2015098, 13.0034834], [80.2018596, 13.004441899999998], [80.20204300000002, 13.0049527], [80.2022081, 13.0053186], [80.2023204, 13.005494899999999], [80.2023739, 13.005576], [80.2039401, 13.0066366], [80.2039869, 13.006675799999996], [80.2040131, 13.0067043], [80.2041052, 13.006822899999998], [80.2042007, 13.007053199999998], [80.204237, 13.0072214], [80.20425920000001, 13.007378999999997], [80.2042608, 13.007680999999998], [80.2042399, 13.007920999999996], [80.2041703, 13.008135], [80.2040783, 13.0082747], [80.2038458, 13.0084592], [80.2034998, 13.0085598], [80.2021068, 13.008554599999998], [80.2008956, 13.008598800000001], [80.19848860000002, 13.0085811], [80.19647850000001, 13.008589800000001], [80.1962674, 13.0087005], [80.1959246, 13.009518], [80.1959119, 13.010541199999997], [80.1957694, 13.0108999], [80.1936438, 13.014183899999997], [80.1918304, 13.0153301], [80.1872721, 13.0178936], [80.1871544, 13.018030699999999], [80.187098, 13.018158900000003], [80.1869785, 13.018419200000002], [80.1867376, 13.018964199999997], [80.1861837, 13.0199047], [80.1857909, 13.0202336], [80.1855184, 13.020407600000002], [80.1851091, 13.020579], [80.1839496, 13.020838900000001], [80.1598117, 13.0343157], [80.1595618, 13.034523699999996], [80.1594422, 13.0346593], [80.1593601, 13.034771299999997], [80.1593139, 13.034852399999998], [80.1592698, 13.0349675], [80.1590894, 13.035651900000001], [80.1590247, 13.035954899999998], [80.1589534, 13.036321599999999], [80.1589138, 13.0366134], [80.1589277, 13.036772799999998], [80.158952, 13.0368712], [80.1590151, 13.037005799999998], [80.1590705, 13.0371211], [80.1591144, 13.0372043], [80.1592017, 13.037297099999998], [80.1594984, 13.0374691], [80.1595634, 13.037492599999997], [80.1601393, 13.037616099999997], [80.1619676, 13.037875499999998], [80.1633726, 13.038159699999998], [80.1650507, 13.0382787], [80.1660924, 13.038379899999999], [80.1677629, 13.038677099999997], [80.1689176, 13.038924599999998], [80.1694706, 13.0391486], [80.170352, 13.0396063], [80.1708286, 13.039869000000001], [80.1717216, 13.0403274], [80.1722545, 13.0405941], [80.1728041, 13.040879499999996], [80.1730748, 13.0409554], [80.1743598, 13.0413164], [80.1762658, 13.041849499999998], [80.177116, 13.042036399999999], [80.1790069, 13.0419928], [80.1795938, 13.0420426], [80.18027130000002, 13.042189199999997], [80.1812039, 13.0424546], [80.1817781, 13.0426752], [80.1822266, 13.043141999999998], [80.1849844, 13.044381199999998], [80.1859209, 13.044850999999998], [80.186361, 13.045127599999999], [80.1870373, 13.045641599999998], [80.1873039, 13.045806899999997], [80.1888286, 13.0463308], [80.1893409, 13.046467499999999], [80.1908101, 13.046542699999998], [80.1915122, 13.046613], [80.1915601, 13.0466349], [80.1916601, 13.0466841], [80.1917423, 13.0467334], [80.1918545, 13.0468177], [80.1919814, 13.046939699999998], [80.1920862, 13.047116], [80.1921334, 13.04721], [80.192184, 13.04732], [80.1922306, 13.0474221], [80.192263, 13.047534999999996], [80.1922939, 13.0477674], [80.1922693, 13.047958899999994], [80.1921979, 13.048329899999999], [80.1921096, 13.049007500000002], [80.192079, 13.049653], [80.1920627, 13.050523300000002], [80.1920537, 13.0510048], [80.1921584, 13.0529154], [80.1922306, 13.053288100000001], [80.1935243, 13.0559247], [80.1947242, 13.058348600000002], [80.1956769, 13.060211699999998], [80.1960324, 13.060906], [80.1968624, 13.0624176], [80.1988093, 13.0662757], [80.1994901, 13.067492799999995], [80.1994566, 13.068118799999999], [80.1994099, 13.068409899999999], [80.1992815, 13.068711599999999], [80.1989434, 13.0690378], [80.1981775, 13.069237999999997], [80.1963786, 13.069190199999998], [80.1960696, 13.069215299999994], [80.1958076, 13.0692791], [80.1956842, 13.069316399999998], [80.1954716, 13.069434800000002], [80.1953331, 13.069531999999999], [80.1952123, 13.069639199999997], [80.1951235, 13.0697292], [80.1950546, 13.0698297], [80.1950127, 13.0699414], [80.1949833, 13.0700668], [80.1949827, 13.070292200000003], [80.1950286, 13.070641799999999], [80.1950659, 13.0709967], [80.1950996, 13.0716484], [80.1951189, 13.072041299999999], [80.1951627, 13.072932799999997], [80.1952727, 13.074385799999998], [80.1950501, 13.076297799999997], [80.1951755, 13.0770705], [80.195467, 13.0775362], [80.1958616, 13.0777837], [80.1964319, 13.0778854], [80.19776, 13.0780208], [80.1982777, 13.078458099999999], [80.1985847, 13.079014499999998], [80.1986202, 13.0800476], [80.1985109, 13.0809284], [80.1985401, 13.081778999999997], [80.1985408, 13.0823299], [80.1986975, 13.0830345], [80.1987039, 13.084412199999997], [80.1987527, 13.085639499999996], [80.1987748, 13.086235499999999], [80.1988327, 13.087299000000002], [80.1987905, 13.088914099999998], [80.1987917, 13.089137499999998], [80.1987972, 13.0895102], [80.1987729, 13.090010199999998], [80.1987718, 13.090158699999998], [80.19875660000001, 13.090523299999996], [80.1986801, 13.090766999999998], [80.1986156, 13.0910142], [80.1985563, 13.0911615], [80.198586, 13.092901599999998], [80.1986429, 13.0968895], [80.1983811, 13.0978592], [80.1976912, 13.098600099999995], [80.1970394, 13.0992833], [80.1968663, 13.0995593], [80.1967299, 13.100043999999999], [80.1966816, 13.100660599999998], [80.1967728, 13.1011831], [80.197261, 13.101940600000004], [80.19786290000002, 13.102503], [80.1993253, 13.103221999999999], [80.2027072, 13.1036236], [80.2070537, 13.103970399999998], [80.2075043, 13.104077500000002], [80.2077269, 13.104307399999996], [80.2080072, 13.105654099999999], [80.2101544, 13.110428099999998], [80.2115312, 13.111734499999999], [80.2116336, 13.111845299999999], [80.2117271, 13.111958200000002], [80.2117911, 13.1120711], [80.2118391, 13.1122975], [80.2118737, 13.1126963], [80.2118653, 13.113069899999996], [80.2118569, 13.113699400000002], [80.2117346, 13.114193099999998], [80.2115848, 13.114448999999999], [80.21144520000001, 13.1147834], [80.2113302, 13.115084799999998], [80.2111874, 13.115395399999999], [80.2110334, 13.116984599999999], [80.2104131, 13.117647999999999], [80.2093685, 13.1180481], [80.2076826, 13.119050799999998], [80.207229, 13.119443900000002], [80.2044657, 13.122520100000001], [80.2040956, 13.1229809], [80.2039676, 13.1232707], [80.2038854, 13.123607399999997], [80.2039505, 13.1239628], [80.2040465, 13.124308700000002], [80.2042898, 13.124685299999998], [80.2045585, 13.1249025], [80.206006, 13.1257102], [80.2065865, 13.126005899999996], [80.2067786, 13.126127199999999], [80.2070924, 13.1262864], [80.20932540000001, 13.127571199999998], [80.212041, 13.129012999999999], [80.2129333, 13.129499700000002], [80.2136464, 13.130069299999999], [80.21391620000001, 13.130381], [80.21413600000001, 13.130741100000003], [80.2157346, 13.134352899999998], [80.2178527, 13.139360099999998], [80.21816260000001, 13.139596199999998], [80.2184683, 13.140218899999999], [80.2190154, 13.1415502], [80.2194687, 13.1424443], [80.219912, 13.143465199999998], [80.220208, 13.1443556], [80.22028800000001, 13.144604499999998], [80.22064, 13.145347299999996], [80.2211619, 13.146552900000001], [80.2212959, 13.146898399999998], [80.2216868, 13.1477293], [80.2219485, 13.1483581], [80.2221194, 13.1487635], [80.2222609, 13.149217], [80.2224477, 13.149682799999999], [80.2224752, 13.1502297], [80.2230041, 13.151557], [80.22414180000001, 13.154384099999998], [80.2253989, 13.157437], [80.2257201, 13.158239199999999], [80.2258165, 13.158478499999998], [80.2260352, 13.1590271], [80.2263533, 13.159788499999998], [80.2265919, 13.1603565], [80.226836, 13.1609502], [80.2271736, 13.161742099999998], [80.2272892, 13.162021600000001], [80.2274988, 13.1624003], [80.2277894, 13.162751899999998], [80.2279665, 13.162885499999996], [80.2281892, 13.162948499999999], [80.2284485, 13.162985100000002], [80.2285965, 13.1629988], [80.2287153, 13.163001899999998], [80.2288785, 13.1629605], [80.2290678, 13.162853299999997], [80.2294594, 13.162586899999999], [80.2309946, 13.161440999999998], [80.2314788, 13.1610807], [80.2323764, 13.160418200000002], [80.2330968, 13.159890699999996], [80.2337493, 13.159465], [80.2348793, 13.158685800000002], [80.23565, 13.1581381], [80.237003, 13.157088699999996], [80.237134, 13.156992699999996], [80.2375218, 13.156708799999995], [80.2379646, 13.1563744], [80.2410441, 13.1540483], [80.2413908, 13.1537687], [80.2416565, 13.153546400000002], [80.2419628, 13.1532739], [80.2422508, 13.1529988], [80.2424563, 13.152743799999998], [80.2426093, 13.152504900000002], [80.2426309, 13.152263899999998], [80.2425078, 13.151994800000002], [80.2414563, 13.149685599999996]], [[80.2413922, 13.149708799999999], [80.2424334, 13.152054699999999], [80.242516, 13.152286899999998], [80.2425012, 13.152412800000002], [80.2424277, 13.152557699999997], [80.2423577, 13.152644099999998], [80.2421964, 13.152842899999998], [80.2419463, 13.1530908], [80.2415555, 13.153490200000002], [80.2379203, 13.156310199999998], [80.2374844, 13.156644599999998], [80.2369654, 13.157041200000002], [80.236904, 13.1570888], [80.2355995, 13.1580694], [80.2348489, 13.1586149], [80.2336998, 13.159428399999998], [80.2329918, 13.1598883], [80.2322942, 13.160378799999998], [80.2314515, 13.161028699999997], [80.2309709, 13.1614062], [80.2306461, 13.1616483], [80.2294164, 13.162553500000001], [80.2290665, 13.162792299999998], [80.2288611, 13.1629093], [80.2286933, 13.162947699999998], [80.2286319, 13.162946099999997], [80.2284499, 13.1629332], [80.2282126, 13.162898100000001], [80.2279793, 13.1628183], [80.2278186, 13.162704300000001], [80.2275392, 13.162373299999999], [80.2273324, 13.1620062], [80.2272101, 13.161724099999997], [80.2268699, 13.160929899999998], [80.2266757, 13.1604446], [80.2264371, 13.1598722], [80.2261508, 13.1591692], [80.2258639, 13.158457000000002], [80.2257595, 13.158212700000002], [80.2254421, 13.157410199999998], [80.2241949, 13.154375399999997], [80.2230438, 13.1515379], [80.2225169, 13.1502235], [80.2224943, 13.149669499999998], [80.2223221, 13.149231599999998], [80.2221668, 13.148743300000001], [80.22199390000002, 13.148333199999998], [80.2217365, 13.147699999999999], [80.2212266, 13.146542899999998], [80.2207055, 13.145343799999997], [80.2203489, 13.1445854], [80.2202608, 13.1443431], [80.2199621, 13.143460199999998], [80.2195204, 13.142473599999997], [80.2190493, 13.141425999999997], [80.2185199, 13.140190900000002], [80.2182016, 13.139569], [80.2179646, 13.139378099999998], [80.2158004, 13.1343399], [80.21415850000001, 13.130706600000002], [80.21376150000002, 13.130093199999997], [80.21296380000001, 13.129464999999996], [80.21207210000001, 13.1289712], [80.20934430000001, 13.127531699999997], [80.2071282, 13.1262589], [80.2067697, 13.126078800000002], [80.2064804, 13.1259012], [80.206235, 13.1257598], [80.20549410000001, 13.125371400000002], [80.2053882, 13.125312599999999], [80.2046231, 13.1248882], [80.2043684, 13.1246743], [80.2041804, 13.1244077], [80.2040955, 13.124279099999999], [80.2040313, 13.123957499999996], [80.2039845, 13.123547000000002], [80.2040467, 13.1232396], [80.2041468, 13.123035699999999], [80.204542, 13.122566599999999], [80.2072696, 13.119538099999998], [80.2077486, 13.1190995], [80.2094543, 13.118069], [80.210438, 13.1176928], [80.2110567, 13.116989399999998], [80.2112445, 13.1154445], [80.2114659, 13.1149023], [80.2116394, 13.114480299999999], [80.2117688, 13.1142753], [80.2118077, 13.114191199999999], [80.2118694, 13.113874399999998], [80.2119094, 13.113734299999999], [80.2119109, 13.113452], [80.2119299, 13.1127348], [80.211904, 13.1123218], [80.2118699, 13.1120613], [80.2117517, 13.1118622], [80.2116245, 13.111737699999997], [80.210216, 13.110420300000001], [80.2080488, 13.105633199999998], [80.2077725, 13.1042812], [80.2075338, 13.104012200000001], [80.2070725, 13.103923400000001], [80.2027025, 13.1035798], [80.1993256, 13.103195700000004], [80.1978579, 13.102437000000002], [80.1972878, 13.101888400000002], [80.1968265, 13.1011413], [80.1967513, 13.100650100000001], [80.1967889, 13.100033499999999], [80.1969171, 13.099559699999999], [80.197068, 13.099303799999998], [80.197698, 13.0986365], [80.1984179, 13.097883099999999], [80.1986797, 13.096900799999998], [80.1986557, 13.092901599999998], [80.1986101, 13.091252999999998], [80.1986121, 13.091162099999998], [80.1986536, 13.091028399999999], [80.1987418, 13.090746700000002], [80.1987906, 13.090557499999996], [80.198808, 13.090401999999997], [80.1988157, 13.0899899], [80.1988439, 13.0895092], [80.1988565, 13.0891509], [80.1988506, 13.088907999999996], [80.1988797, 13.087291299999999], [80.1988387, 13.086221399999998], [80.1988072, 13.0856372], [80.1987529, 13.084420199999999], [80.1987425, 13.083024399999998], [80.1985776, 13.082325700000002], [80.1985674, 13.0817499], [80.1985431, 13.080954399999996], [80.1986685, 13.080050099999996], [80.1986454, 13.0790236], [80.1984544, 13.0785044], [80.1977674, 13.077926699999999], [80.196786, 13.077824699999999], [80.1959005, 13.077697300000002], [80.1955363, 13.077457800000001], [80.1952399, 13.0769678], [80.19514, 13.076254299999999], [80.1953385, 13.074482499999998], [80.1952389, 13.072877799999999], [80.195197, 13.072036499999998], [80.195158, 13.071252599999996], [80.19508570000002, 13.0706398], [80.1950388, 13.070298999999999], [80.1950356, 13.070071299999999], [80.1950758, 13.069928499999996], [80.1951097, 13.069845099999998], [80.1951705, 13.0697621], [80.1953847, 13.069563099999998], [80.1955416, 13.0694636], [80.1956951, 13.069376699999996], [80.1958212, 13.069328000000002], [80.1960692, 13.069261700000002], [80.1963189, 13.069238899999998], [80.1968812, 13.069247099999998], [80.197377, 13.0692568], [80.1981734, 13.069279699999997], [80.1985245, 13.0691883], [80.1987598, 13.0691188], [80.1989372, 13.069072700000001], [80.1992209, 13.068815300000002], [80.1993013, 13.0687352], [80.1994252, 13.068439399999999], [80.1994805, 13.068134], [80.1995075, 13.0677779], [80.1995269, 13.0675754], [80.1995257, 13.067484099999998], [80.1988786, 13.066226899999998], [80.1968816, 13.0624112], [80.1960552, 13.0609022], [80.1956871, 13.0602009], [80.1943396, 13.057493599999997], [80.192248, 13.053291299999996], [80.1921687, 13.0529117], [80.1920711, 13.051006699999999], [80.1920947, 13.049636599999996], [80.1921326, 13.0490106], [80.1922243, 13.048336399999998], [80.1923093, 13.047965299999996], [80.1923353, 13.0477671], [80.1923205, 13.0476072], [80.1922948, 13.047506599999998], [80.192265, 13.047406700000002], [80.1921757, 13.047210399999999], [80.1921009, 13.047069800000001], [80.1920125, 13.046925599999998], [80.1918736, 13.046795399999999], [80.1917565, 13.046710099999997], [80.1916645, 13.046653599999997], [80.1915832, 13.046617099999999], [80.1915329, 13.046596899999999], [80.1914154, 13.0465871], [80.1908122, 13.046522299999998], [80.1898411, 13.046473999999996], [80.1893398, 13.046448999999999], [80.188817, 13.046310399999996], [80.187301, 13.0457807], [80.1870448, 13.045624299999998], [80.1863681, 13.0451119], [80.1859261, 13.044827499999998], [80.1849792, 13.044354299999998], [80.1822271, 13.043118899999998], [80.1817851, 13.042660599999998], [80.1812, 13.0424396], [80.1802762, 13.042170599999999], [80.179586, 13.042025999999998], [80.1790077, 13.041978599999998], [80.177128, 13.042012400000003], [80.1762668, 13.041832199999998], [80.1743774, 13.041270399999997], [80.1730849, 13.0408836], [80.1728385, 13.040813700000001], [80.1722661, 13.040525799999994], [80.1703619, 13.039573399999997], [80.1694683, 13.0391264], [80.1689267, 13.038900999999997], [80.16775, 13.038648999999996], [80.1660855, 13.038356299999995], [80.1650401, 13.038253599999999], [80.1633817, 13.0381287], [80.1619684, 13.037848499999999], [80.1601521, 13.037595499999997], [80.1599073, 13.037546300000002], [80.1597732, 13.037518200000003], [80.1595727, 13.037472799999998], [80.1595495, 13.037462699999997], [80.1595296, 13.037451799999998], [80.1595052, 13.037440199999999], [80.1592166, 13.037272700000003], [80.1591435, 13.037186499999999], [80.1590932, 13.037093200000001], [80.1590467, 13.036989700000001], [80.1589839, 13.0368558], [80.15895890000002, 13.036760200000002], [80.1589519, 13.036612699999997], [80.1589681, 13.036476599999999], [80.159005, 13.036280099999999], [80.1590459, 13.036071999999999], [80.1591351, 13.0356521], [80.1593159, 13.0349872], [80.1593446, 13.034899899999997], [80.1593879, 13.034811699999999], [80.1594774, 13.034693299999999], [80.1596044, 13.0345464], [80.1598365, 13.034346899999997], [80.1839664, 13.020883399999999], [80.1845613, 13.020759499999999], [80.1847222, 13.020720499999998], [80.1851057, 13.0206482], [80.1854662, 13.020512200000002], [80.1857222, 13.0203744], [80.1860862, 13.020103300000002], [80.1862466, 13.019960900000001], [80.1868146, 13.0190577], [80.1870169, 13.018608], [80.1871789, 13.018234599999996], [80.1872533, 13.0180572], [80.1873246, 13.017968399999999], [80.1874379, 13.0179061], [80.1894379, 13.016706599999997], [80.1918413, 13.015352899999995], [80.1936763, 13.0141962], [80.1957982, 13.010896299999997], [80.195939, 13.010548300000002], [80.1959444, 13.009523299999998], [80.19628000000002, 13.0087093], [80.1964677, 13.008616099999998], [80.198485, 13.008603799999996], [80.2008829, 13.008621399999997], [80.20211330000001, 13.0085768], [80.2034994, 13.0085789], [80.2038599, 13.008475399999996], [80.2040934, 13.008294899999996], [80.2041977, 13.0081441], [80.2042443, 13.0080153], [80.2042682, 13.007871399999999], [80.2042841, 13.0076905], [80.2042835, 13.007424400000001], [80.2042615, 13.007220100000003], [80.2042213, 13.007049199999999], [80.2041424, 13.0068572], [80.2040932, 13.0067689], [80.2040527, 13.0067061], [80.2040109, 13.006654099999999], [80.2039704, 13.006615], [80.2039033, 13.006578099999999], [80.2023976, 13.005554400000001], [80.2022161, 13.005282500000002], [80.2020797, 13.004938300000001], [80.201897, 13.0044319], [80.2015583, 13.0034695], [80.2012679, 13.0029028], [80.2010573, 13.0024729], [80.2009565, 13.002233199999997], [80.2007658, 13.001934199999999], [80.2006465, 13.001723199999999], [80.2004571, 13.001422899999998], [80.200408, 13.0013149], [80.2002781, 13.0004523], [80.2002789, 12.9997365], [80.2002793, 12.9991823], [80.2002988, 12.9988828], [80.2003407, 12.998681299999996], [80.2003864, 12.998112899999999], [80.2005439, 12.997359799999998], [80.2005836, 12.9967514], [80.2005775, 12.9965947], [80.2005471, 12.996487999999998], [80.2004533, 12.996364499999999], [80.2003188, 12.9962384], [80.2002043, 12.996120100000002], [80.1999759, 12.995994299999998], [80.1996864, 12.995892799999996], [80.19935900000002, 12.9957764], [80.1970859, 12.994942], [80.196892, 12.994883999999997], [80.1967899, 12.994836099999999], [80.196678, 12.994766099999996], [80.1966192, 12.9946991], [80.1965584, 12.994618999999998], [80.1963883, 12.9944217], [80.1961505, 12.9940349], [80.1959253, 12.9937298], [80.19564750000002, 12.993161899999999], [80.1956047, 12.992232099999999], [80.1955858, 12.9918317], [80.1955743, 12.991538499999999], [80.19557, 12.991388299999999], [80.1955746, 12.990853199999995], [80.1955822, 12.990734899999998], [80.1955992, 12.990613499999997], [80.1956201, 12.9905206], [80.1956924, 12.990214399999997], [80.1956817, 12.989566399999994], [80.195661, 12.988791899999997], [80.1956615, 12.988461199999998], [80.1956363, 12.988137399999998], [80.1956911, 12.987493699999996], [80.1957219, 12.987391999999998], [80.19601760000002, 12.986768], [80.19619920000001, 12.986254000000002], [80.1962742, 12.985683199999999], [80.19625430000002, 12.985098], [80.1962732, 12.9848511], [80.1963143, 12.984613399999999], [80.1963809, 12.984323100000001], [80.1964184, 12.9841896], [80.196449, 12.984084799999998], [80.1964581, 12.983999299999997], [80.1964503, 12.983879500000004], [80.19643030000002, 12.983636599999999], [80.1964012, 12.983366599999998], [80.1963635, 12.983074400000001], [80.1962992, 12.9828759], [80.1961944, 12.9826362], [80.195442, 12.981150199999998], [80.194738, 12.979853499999999], [80.1940112, 12.978732799999998], [80.1937123, 12.977304599999997], [80.1928869, 12.976109900000003], [80.1923361, 12.9748073], [80.1913742, 12.972307099999997], [80.1887357, 12.966400100000001], [80.187768, 12.963714899999998], [80.1873254, 12.961380699999998], [80.1871305, 12.960140999999997], [80.18697, 12.9564161], [80.186476, 12.953297399999999], [80.1863036, 12.952208799999998], [80.1853707, 12.949419900000002], [80.1847788, 12.9478293], [80.1833694, 12.945924799999998], [80.1831385, 12.945622399999998], [80.1830897, 12.945499299999998], [80.1830049, 12.944249], [80.182931, 12.942763000000001], [80.1827956, 12.9412524], [80.1826224, 12.939694399999999], [80.1822796, 12.938341199999998], [80.1822659, 12.936362899999999], [80.1823866, 12.935367499999998], [80.1815368, 12.9312771], [80.1815004, 12.931072999999998], [80.1814807, 12.930762499999998], [80.1815626, 12.930341], [80.1822901, 12.927380899999998], [80.1830502, 12.923042999999998], [80.1837173, 12.920804999999998], [80.1839273, 12.9206081], [80.1841664, 12.920501299999998], [80.1857224, 12.920347099999999], [80.1860386, 12.9202503], [80.1882261, 12.918362799999999], [80.1889983, 12.917768300000002], [80.1898435, 12.9173913], [80.1936346, 12.9169354], [80.1939458, 12.9168203], [80.1941711, 12.9165955], [80.1943492, 12.9162299], [80.1951431, 12.912718199999997], [80.1953448, 12.912362699999997], [80.1983499, 12.908054199999999], [80.1985899, 12.907829099999999], [80.1987984, 12.9077493], [80.2024536, 12.9074957], [80.2025964, 12.9074858], [80.2037079, 12.9073582], [80.2043424, 12.907172399999993], [80.2043795, 12.9071616], [80.2049503, 12.906749599999998], [80.2053982, 12.906505299999997], [80.2167885, 12.901984999999996], [80.2173998, 12.9018185], [80.2233879, 12.901094200000001], [80.2280521, 12.9009707], [80.2307134, 12.900805299999996]]]}}, {"id": "4", "type": "Feature", "properties": {"phase": "phase2", "Line": "Yellow Line", "station_count": 0, "source": "osm_overpass", "length_km": 50.99}, "geometry": {"type": "MultiLineString", "coordinates": [[[80.0809867, 13.047747799999998], [80.0838122, 13.048712499999999], [80.084501, 13.048950899999998], [80.0853289, 13.049155900000002], [80.0862613, 13.0492375], [80.0864177, 13.049254399999999], [80.0882756, 13.0494547], [80.0898486, 13.0498334], [80.0915286, 13.050094499999998], [80.0919427, 13.0501742], [80.0923803, 13.0502531], [80.0939348, 13.050851000000002], [80.0947582, 13.050941399999997], [80.0959057, 13.0508929], [80.0992266, 13.050366600000002], [80.10076, 13.0497553], [80.101389, 13.049706099999996], [80.1033684, 13.0497601], [80.1041152, 13.049765200000001], [80.1047186, 13.049613600000002], [80.1059678, 13.0491447], [80.1068434, 13.048828799999999], [80.1073493, 13.048625], [80.1079417, 13.0483102], [80.10878490000002, 13.047805999999998], [80.1095125, 13.047360300000001], [80.1102876, 13.0469919], [80.1125564, 13.045998400000002], [80.1129666, 13.045882599999997], [80.1143478, 13.045399999999999], [80.1157168, 13.0450135], [80.1161148, 13.045021900000002], [80.11699520000002, 13.045300099999997], [80.1172887, 13.0452005], [80.1179899, 13.045025199999996], [80.1191587, 13.044605799999998], [80.120919, 13.043828699999997], [80.122887, 13.043055799999998], [80.124162, 13.042536799999999], [80.1255016, 13.0419704], [80.1267186, 13.041419], [80.1285888, 13.040629200000003], [80.1309008, 13.039819999999999], [80.13261450000002, 13.0391726], [80.135227, 13.038129499999997], [80.1360605, 13.037804999999995], [80.13659, 13.037652899999998], [80.1370711, 13.037571700000003], [80.1398575, 13.037193199999999], [80.1426055, 13.036791], [80.1448535, 13.0364663], [80.1458098, 13.036332499999999], [80.1464161, 13.0362516], [80.1466564, 13.0362332], [80.1480323, 13.0362083], [80.1493251, 13.036246299999997], [80.151129, 13.036273399999999], [80.1525703, 13.036309399999999], [80.1526774, 13.0362814], [80.1530327, 13.0361944], [80.1533037, 13.036104699999997], [80.1550843, 13.0352598], [80.1554668, 13.035171999999996], [80.1559094, 13.035239999999998], [80.156427, 13.035553500000002], [80.1571751, 13.036298299999999], [80.157584, 13.0366413], [80.1586425, 13.037223299999999], [80.1594907, 13.0374872], [80.1601271, 13.037624399999999], [80.161961, 13.037894], [80.163364, 13.038173200000001], [80.1650454, 13.0382924], [80.1660743, 13.038392400000001], [80.1677438, 13.0386859], [80.1689055, 13.038934299999998], [80.1694551, 13.039155699999998], [80.1704921, 13.039725100000002], [80.1714837, 13.040246399999996], [80.1716352, 13.040327499999998], [80.1727939, 13.040891999999998], [80.1762593, 13.041853599999996], [80.177108, 13.042044999999998], [80.1790023, 13.0419991], [80.179565, 13.042049799999997], [80.1802484, 13.0421976], [80.1811945, 13.0424598], [80.1817549, 13.042677499999998], [80.1822186, 13.043150499999998], [80.183195, 13.043609300000002], [80.1849733, 13.0443888], [80.1859082, 13.044858000000001], [80.1863441, 13.045135], [80.1870303, 13.045645400000002], [80.1872885, 13.0458149], [80.1888117, 13.046336400000001], [80.1893299, 13.046479199999998], [80.1908085, 13.046546899999997], [80.1918747, 13.046610799999996], [80.1935005, 13.046710099999997], [80.1941416, 13.046828799999995], [80.1948545, 13.0473198], [80.1949999, 13.0473815], [80.1952014, 13.0474315], [80.1958319, 13.047465299999999], [80.1962111, 13.0474681], [80.1964489, 13.0474861], [80.1970161, 13.047482800000001], [80.1973787, 13.0474623], [80.1992925, 13.047435499999997], [80.2008735, 13.047405299999996], [80.2015622, 13.047428199999999], [80.202308, 13.0475409], [80.2033013, 13.047790299999999], [80.2042215, 13.0480547], [80.2053011, 13.0483843], [80.2067784, 13.048794999999998], [80.2069301, 13.0488476], [80.2085531, 13.0494104], [80.2099204, 13.049623299999999], [80.2105764, 13.0497254], [80.2108503, 13.049768], [80.2115463, 13.049868500000002], [80.21272590000001, 13.050040200000002], [80.2135888, 13.0501814], [80.214609, 13.050569399999999], [80.2150441, 13.0507277], [80.2155422, 13.0508751], [80.2165993, 13.051186299999996], [80.2175058, 13.051527999999998], [80.2183148, 13.051834599999998], [80.2188051, 13.0520102], [80.2189998, 13.052057499999998], [80.2203012, 13.052373499999998], [80.2237882, 13.0533282], [80.2253078, 13.053669900000001], [80.2257511, 13.053757699999998], [80.226319, 13.053813699999996], [80.2271466, 13.0537831], [80.2278954, 13.053769999999998], [80.2284064, 13.0537544], [80.2290191, 13.053771699999997], [80.22960300000001, 13.053729399999998], [80.2300381, 13.053673599999998], [80.2303049, 13.053563299999999], [80.2304767, 13.053474400000002], [80.2305133, 13.053441099999999], [80.2307388, 13.053284599999998], [80.2309335, 13.053119099999998], [80.2310855, 13.052945], [80.2312112, 13.0527686], [80.2312592, 13.0526596], [80.2312646, 13.052555899999998], [80.2310897, 13.051792], [80.2310261, 13.0514748], [80.2310069, 13.051007200000003], [80.2308248, 13.049188300000003], [80.2308838, 13.0488486], [80.2324235, 13.0424782], [80.2325548, 13.042242799999999], [80.2338037, 13.0405261], [80.2394026, 13.031678199999998], [80.2396943, 13.031213], [80.2402147, 13.030914399999999], [80.2461321, 13.029611299999997], [80.24876670000002, 13.029213499999997], [80.249391, 13.029226999999999], [80.2498551, 13.0294179], [80.2502391, 13.029686500000002], [80.2551336, 13.0360448], [80.2560097, 13.036936499999998], [80.2570858, 13.0379135], [80.2574376, 13.038196299999997], [80.2576667, 13.038325499999996], [80.2582689, 13.038512499999998], [80.2586586, 13.038610899999998], [80.2588915, 13.038640599999999], [80.2590766, 13.038619399999998], [80.2599493, 13.0381693], [80.2614797, 13.037440199999999], [80.2621557, 13.037351399999999], [80.2661361, 13.037199799999998], [80.2676756, 13.036853099999998], [80.2708579, 13.035014700000001], [80.2717851, 13.034688699999998], [80.2744672, 13.034133399999998], [80.2755077, 13.034090199999996], [80.27653770000002, 13.0344299], [80.2774389, 13.0352765], [80.2777876, 13.035877600000001], [80.2794875, 13.040642399999994], [80.2800191, 13.043951900000001]], [[80.2801037, 13.043938799999998], [80.2795538, 13.040630699999996], [80.2778506, 13.0358697], [80.277518, 13.035252999999999], [80.2766115, 13.034401199999998], [80.2755547, 13.034030100000003], [80.2744745, 13.0340692], [80.271724, 13.034629899999999], [80.2708, 13.034946199999997], [80.267669, 13.0367849], [80.2661616, 13.0371345], [80.2621382, 13.0372703], [80.2614516, 13.037374899999996], [80.2597658, 13.0381903], [80.2590628, 13.0385563], [80.2588859, 13.038573499999996], [80.2586697, 13.0385405], [80.2582954, 13.0384548], [80.2577115, 13.038280799999999], [80.2574716, 13.0381579], [80.2571125, 13.037860799999997], [80.2560458, 13.036871999999997], [80.255202, 13.036047399999998], [80.2502708, 13.029662300000002], [80.2498698, 13.029378699999999], [80.2494235, 13.029189099999998], [80.2491789, 13.029186499999998], [80.2487735, 13.029173799999997], [80.2474439, 13.0293636], [80.2461201, 13.0295512], [80.2402113, 13.030884699999996], [80.2396803, 13.031200999999996], [80.2337641, 13.0405236], [80.2325079, 13.042222], [80.23236660000002, 13.042497899999997], [80.2308369, 13.048827700000002], [80.2307752, 13.049201299999998], [80.2309564, 13.051063399999997], [80.2309664, 13.051503900000002], [80.2310249, 13.0518167], [80.2311768, 13.052552700000001], [80.23116060000001, 13.0527075], [80.2309211, 13.053008599999998], [80.2307951, 13.053137899999998], [80.2307133, 13.0532048], [80.2304198, 13.053407899999998], [80.2302764, 13.0534842], [80.2300164, 13.0535903], [80.2296142, 13.053631199999998], [80.2290667, 13.0536656], [80.228407, 13.053665400000002], [80.2282115, 13.0536744], [80.2278822, 13.0536855], [80.2272115, 13.0537156], [80.2263168, 13.0537657], [80.225753, 13.053714399999999], [80.2253729, 13.0536432], [80.2237999, 13.053285100000002], [80.2202986, 13.0523582], [80.2187986, 13.051980499999997], [80.2183194, 13.051795800000003], [80.2175193, 13.051493], [80.2165507, 13.0511356], [80.2155473, 13.0508512], [80.2150551, 13.050702099999999], [80.2146091, 13.0505365], [80.2135935, 13.050149599999997], [80.2127318, 13.050018400000003], [80.2115482, 13.049840199999998], [80.2085687, 13.049389500000002], [80.2069409, 13.048823899999999], [80.20678490000002, 13.0487697], [80.2053373, 13.0483168], [80.2043172, 13.048032000000001], [80.2033131, 13.047733399999998], [80.202324, 13.047513400000001], [80.2015692, 13.047398699999999], [80.2008671, 13.0473823], [80.1992967, 13.0473965], [80.1973664, 13.0474284], [80.196437, 13.047439500000001], [80.1958239, 13.047437699999998], [80.1952039, 13.0474063], [80.1950059, 13.047345699999997], [80.19487230000001, 13.047287799999998], [80.1941532, 13.0468128], [80.1935032, 13.0466982], [80.1908125, 13.046538299999998], [80.1893371, 13.046457799999999], [80.1888114, 13.0463178], [80.1872973, 13.0457928], [80.1870417, 13.045635199999998], [80.1863669, 13.045118299999999], [80.1859232, 13.044840099999996], [80.1849882, 13.0443684], [80.183217, 13.043590199999997], [80.1822223, 13.043127899999996], [80.181783, 13.042667699999999], [80.1812087, 13.042446899999998], [80.18024920000002, 13.042169299999996], [80.1795841, 13.042031699999999], [80.179016, 13.041987299999999], [80.1771183, 13.0420245], [80.1762604, 13.0418402], [80.1731186, 13.040916], [80.172831, 13.040837999999999], [80.1721726, 13.0405005], [80.1718701, 13.040349899999999], [80.1715182, 13.0401846], [80.1714252, 13.040137799999997], [80.1709037, 13.0398781], [80.1706924, 13.039762900000001], [80.1694684, 13.0391392], [80.1689248, 13.038918299999999], [80.1677459, 13.038658499999997], [80.1660904, 13.038367], [80.1650377, 13.038265800000001], [80.1633676, 13.038147100000002], [80.1619693, 13.0378657], [80.160134, 13.037606299999998], [80.1594927, 13.037462899999996], [80.158651, 13.037166099999997], [80.1576019, 13.0366299], [80.1571974, 13.0362899], [80.1564619, 13.035529999999996], [80.1559147, 13.035192899999998], [80.1554614, 13.035138099999998], [80.1550745, 13.035218600000002], [80.1532931, 13.036079799999998], [80.1530259, 13.036177699999998], [80.1526877, 13.036244999999997], [80.1511371, 13.0361972], [80.1480414, 13.0361453], [80.1466385, 13.036170099999996], [80.1464039, 13.036178499999998], [80.1457965, 13.036251100000001], [80.1448489, 13.0363987], [80.1425925, 13.036715600000003], [80.1398553, 13.0371288], [80.1385596, 13.0373239], [80.1370125, 13.0375141], [80.13664350000002, 13.037578199999999], [80.136061, 13.037741199999996], [80.135154, 13.038077699999999], [80.1325846, 13.039115499999996], [80.1308795, 13.039746799999998], [80.1285778, 13.040606500000003], [80.1267015, 13.041355299999998], [80.1254766, 13.041903899999998], [80.1241384, 13.0424717], [80.1228693, 13.043046599999997], [80.1209224, 13.043805], [80.1191503, 13.0445757], [80.1179722, 13.045003800000002], [80.117272, 13.045161099999998], [80.1170079, 13.045252299999998], [80.1161186, 13.044990399999996], [80.1157039, 13.0449928], [80.1143509, 13.045381099999998], [80.1129637, 13.045862999999999], [80.1125538, 13.0459758], [80.1102627, 13.046972600000002], [80.1095083, 13.047347700000001], [80.1087944, 13.047746700000001], [80.1079254, 13.048252300000001], [80.1073307, 13.048571099999997], [80.1068354, 13.048777299999996], [80.1059601, 13.0490976], [80.1046917, 13.0495721], [80.1041202, 13.049700999999999], [80.1033378, 13.0497351], [80.1014017, 13.049683599999998], [80.1007559, 13.0497398], [80.0992232, 13.0503441], [80.095906, 13.050863100000003], [80.0947637, 13.050911699999999], [80.0939541, 13.050794899999998], [80.0923882, 13.0502128], [80.0919761, 13.050139299999998], [80.0914451, 13.0500474], [80.089877, 13.049798199999998], [80.0883038, 13.0494157], [80.0862645, 13.049193199999998], [80.0853239, 13.049097899999996], [80.0845142, 13.048890099999998], [80.0838322, 13.048665699999999], [80.0810091, 13.047697499999996]]]}}]}