{"type": "FeatureCollection", "features": [{"id": "0", "type": "Feature", "properties": {"map_year": "2015-16", "lulc_group": "Water/Wetland", "lulc_class": "Coastal wetland", "LU_Webcode": "21"}, "geometry": {"type": "MultiPolygon", "coordinates": [[[[80.22190281400003, 12.966510055000072], [80.22248605800007, 12.966990214000079], [80.22468410300007, 12.968799809000075], [80.22490450208635, 12.968981258424511], [80.2249044936475, 12.968981250584305], [80.22190282849148, 12.966510049382384], [80.22190281400003, 12.966510055000072]]], [[[80.22533431800008, 12.969380604000035], [80.22725858300004, 12.971168347000058], [80.22786129747728, 12.971728282040893], [80.22725858241768, 12.971168337948484], [80.22684008919879, 12.970779537645566], [80.22490876618622, 12.968985220034993], [80.22533431800008, 12.969380604000035]]], [[[80.22881594900008, 12.972611124000023], [80.23051195100004, 12.973883576000047], [80.23051193950404, 12.973883541181879], [80.22881595009608, 12.972611116709741], [80.22880395441526, 12.972601480916893], [80.22881594900008, 12.972611124000023]]]]}}, {"id": "1", "type": "Feature", "properties": {"map_year": "2015-16", "lulc_group": "Agriculture", "lulc_class": "Crop land", "LU_Webcode": "4"}, "geometry": {"type": "MultiPolygon", "coordinates": [[[[80.26814258700006, 12.979897441000048], [80.26787695900003, 12.97940704900003], [80.26734570000008, 12.976444262000026], [80.26726396900006, 12.97613776600002], [80.26708007200006, 12.97501395200004], [80.26706680531878, 12.974947618779119], [80.26669130006348, 12.974889637247028], [80.2663219215203, 12.974832337980937], [80.26637481500006, 12.975135398000077], [80.26681648200008, 12.975815582000052], [80.26699844200004, 12.976724683000043], [80.26700915600009, 12.978141082000038], [80.26701094100008, 12.978377145000024], [80.26730151300006, 12.979026794000047], [80.26754404300004, 12.979570601000033], [80.26780681900004, 12.980201248000068], [80.26789948500004, 12.980421956000043], [80.2683398760001, 12.980931572000031], [80.26814258700006, 12.979897441000048]]]]}}, {"id": "2", "type": "Feature", "properties": {"map_year": "2015-16", "lulc_group": "Water/Wetland", "lulc_class": "Waterbodies", "LU_Webcode": "23"}, "geometry": {"type": "MultiPolygon", "coordinates": [[[[80.23849550800009, 12.978868460000058], [80.23856411300005, 12.978899976000037], [80.23856414039057, 12.978899974418091], [80.23759515259428, 12.978454682937295], [80.23757455542147, 12.978444084426993], [80.23539545322451, 12.977167775508626], [80.23539544100005, 12.977167793000035], [80.23466470100004, 12.976739791000053], [80.23463791200005, 12.976782518000048], [80.2339553020001, 12.976787397000066], [80.23336237200004, 12.977377420000035], [80.23298949800005, 12.977748463000067], [80.23316144900008, 12.977917489000047], [80.23340477500005, 12.978110038000066], [80.23374509600006, 12.978493914000067], [80.23418218800003, 12.978877097000069], [80.23447378400004, 12.979212776000052], [80.23481571800006, 12.979500623000034], [80.23622984100007, 12.97945774800007], [80.23691333700003, 12.979363632000059], [80.23749908900004, 12.978983280000023], [80.23793987800008, 12.978936058000045], [80.23856390600008, 12.978899977000024], [80.23849550800009, 12.978868460000058]]]]}}, {"id": "3", "type": "Feature", "properties": {"map_year": "2015-16", "lulc_group": "Agriculture", "lulc_class": "Crop land", "LU_Webcode": "4"}, "geometry": {"type": "MultiPolygon", "coordinates": [[[[80.26817739100005, 12.981174220000069], [80.26799479100004, 12.98144691300007], [80.26808943500004, 12.982387146000063], [80.26852801900003, 12.98280979400005], [80.26880344700004, 12.984347390000035], [80.26889369800006, 12.984858425000025], [80.26905516000005, 12.98561770400005], [80.26907524800004, 12.985712171000044], [80.26919238900007, 12.986063739000032], [80.26946472800006, 12.986128402000077], [80.26960613000006, 12.986304718000042], [80.26994069300008, 12.985986478000028], [80.26910293900005, 12.982860227000057], [80.26900077400006, 12.98261503200007], [80.26869428000003, 12.982247237000022], [80.26846951600004, 12.981961175000034], [80.2683398760001, 12.980931572000031], [80.26817739100005, 12.981174220000069]]]]}}, {"id": "4", "type": "Feature", "properties": {"map_year": "2015-16", "lulc_group": "Water/Wetland", "lulc_class": "Waterbodies", "LU_Webcode": "23"}, "geometry": {"type": "MultiPolygon", "coordinates": [[[[80.21858018000006, 12.986257260000059], [80.21844618200004, 12.986260325000046], [80.21809749800008, 12.985838084000024], [80.21739431000003, 12.985765117000025], [80.21690990700006, 12.985835204000065], [80.21636443500006, 12.985904584000023], [80.21587841000007, 12.985913663000074], [80.21539239200007, 12.985923887000068], [80.21472960600005, 12.986175967000065], [80.21418255900005, 12.986186621000058], [80.21410300600007, 12.98594545000003], [80.21224358400008, 12.986330735000022], [80.20962617800006, 12.986925600000061], [80.20581903900006, 12.987014830000023], [80.20556152500006, 12.987125192000065], [80.20573394000007, 12.987704754000049], [80.20790106800007, 12.98784764100003], [80.20885285300005, 12.98802610000007], [80.20980463700005, 12.988620967000031], [80.21251127400006, 12.988888655000038], [80.21554508700007, 12.98796661400007], [80.21619887100007, 12.987385473000073], [80.21780884300006, 12.986686171000029], [80.21797290200004, 12.986557988000076], [80.21831121000008, 12.986479451000037], [80.21858018000006, 12.986257260000059]]]]}}, {"id": "5", "type": "Feature", "properties": {"map_year": "2015-16", "lulc_group": "Built-up", "lulc_class": "Urban", "LU_Webcode": "1"}, "geometry": {"type": "MultiPolygon", "coordinates": [[[[80.20308041700008, 13.026824689000025], [80.20312540600008, 13.026872581000076], [80.20375996100006, 13.026685085000054], [80.20669188600004, 13.026048761000027], [80.20902993800007, 13.025177116000068], [80.20947469800007, 13.024896475000046], [80.21010898700007, 13.024496240000076], [80.21075002500004, 13.022997258000032], [80.21115141200005, 13.02055901700004], [80.21119875600006, 13.020264981000025], [80.21174515800004, 13.018276411000047], [80.21250693700006, 13.017690415000061], [80.21273947500005, 13.017511413000022], [80.21574654600005, 13.016461035000077], [80.21774809600004, 13.015596231000073], [80.21976765000005, 13.015095356000074], [80.21992370500004, 13.015056651000066], [80.22219510800005, 13.015011095000034], [80.22345461100008, 13.014903849000063], [80.22456358000005, 13.015623403000065], [80.22653101000003, 13.01715125800007], [80.22771879200008, 13.017622840000056], [80.22905178100007, 13.017018033000054], [80.23118194700004, 13.014252256000077], [80.23176347300006, 13.013910356000055], [80.23309226600009, 13.01382855500003], [80.23313825600007, 13.013674112000048], [80.23476763100007, 13.01413237400004], [80.23619530700006, 13.01584558700006], [80.23731110800009, 13.018347685000036], [80.23996437300008, 13.024297431000033], [80.24020370200003, 13.02469631300005], [80.24125615500003, 13.025185427000052], [80.24260153300008, 13.025158793000056], [80.24435434200007, 13.024462768000035], [80.24707007700005, 13.021603412000049], [80.24712165100004, 13.020035207000038], [80.24816273900007, 13.01753810900004], [80.24884421100006, 13.016129341000067], [80.24845021000004, 13.014410072000032], [80.24826514200004, 13.01140270900004], [80.24799335400007, 13.006986153000069], [80.24776492500007, 13.004416336000073], [80.24765071200005, 13.001903624000022], [80.24870866900005, 12.998477857000065], [80.24865230100005, 12.998421120000042], [80.24869338700006, 12.997539697000034], [80.24880454600003, 12.997000112000023], [80.24914911500008, 12.996099605000039], [80.24919922200007, 12.995561543000067], [80.24919417300003, 12.99531412900006], [80.24919193900007, 12.995204671000065], [80.24928166400008, 12.99488434400007], [80.24982720000008, 12.99451555200005], [80.24995278300008, 12.994368903000064], [80.24999849500006, 12.994315524000056], [80.24999850100006, 12.99423723700005], [80.25118242700006, 12.990827531000036], [80.25290753500008, 12.98416504100004], [80.25368880200006, 12.981207391000057], [80.25374034700008, 12.981012254000062], [80.25374034700008, 12.975897027000032], [80.25379828000007, 12.975889970000026], [80.25397426233494, 12.975881758438732], [80.25379828376384, 12.975889952259532], [80.25257636590663, 12.976038840420186], [80.25257255008319, 12.976039655205968], [80.2523620970332, 12.97634953370408], [80.25231018906402, 12.97690239822714], [80.2523005312446, 12.977011994108295], [80.2521793889677, 12.978386648325225], [80.25216705566515, 12.978449199770807], [80.25187779592358, 12.97926900735888], [80.25184431146585, 12.979329789838005], [80.25122442137001, 12.979863198427893], [80.251220701774, 12.97986567965745], [80.24975433199688, 12.980581400611186], [80.24883284885692, 12.981031162358304], [80.24878661471058, 12.981055249799963], [80.24531772093616, 12.983038631727538], [80.24519496077886, 12.983108820215932], [80.24415035595423, 12.983723814402536], [80.24403895963036, 12.983768849752662], [80.24385590442648, 12.98369569260217], [80.24369411459179, 12.983589945819404], [80.24356244125374, 12.983138794619716], [80.24355183285087, 12.983044352315062], [80.24349155579074, 12.982204147203674], [80.24348417775263, 12.982135019015972], [80.2434268828444, 12.981598216384612], [80.24335967830655, 12.981282417649481], [80.24279964978405, 12.980846346281908], [80.24224107636462, 12.980589667179462], [80.24107214116646, 12.980052508416577], [80.23856414039057, 12.978899974418091], [80.23856411300005, 12.978899976000037], [80.23849550800009, 12.978868460000058], [80.23856390600008, 12.978899977000024], [80.23793987800008, 12.978936058000045], [80.23749908900004, 12.978983280000023], [80.23691333700003, 12.979363632000059], [80.23622984100007, 12.97945774800007], [80.23481571800006, 12.979500623000034], [80.23447378400004, 12.979212776000052], [80.23418218800003, 12.978877097000069], [80.23374509600006, 12.978493914000067], [80.23340477500005, 12.978110038000066], [80.23316144900008, 12.977917489000047], [80.23298949800005, 12.977748463000067], [80.23336237200004, 12.977377420000035], [80.2339553020001, 12.976787397000066], [80.23463791200005, 12.976782518000048], [80.23466470100004, 12.976739791000053], [80.23539544100005, 12.977167793000035], [80.23539545322451, 12.977167775508626], [80.23309138825704, 12.975818275393124], [80.23308568835387, 12.975814509032432], [80.23051193950404, 12.973883541181879], [80.23051195100004, 12.973883576000047], [80.22881594900008, 12.972611124000023], [80.22880395441526, 12.972601480916893], [80.22878357090514, 12.972585107416819], [80.22786129747728, 12.971728282040893], [80.22725858300004, 12.971168347000058], [80.22533431800008, 12.969380604000035], [80.22490876618622, 12.968985220034993], [80.22490450208635, 12.968981258424511], [80.22468410300007, 12.968799809000075], [80.22248605800007, 12.966990214000079], [80.22190281400003, 12.966510055000072], [80.22190282849148, 12.966510049382384], [80.22116638062403, 12.96590374895891], [80.22108432378258, 12.965853046980557], [80.22006345296603, 12.965755464243331], [80.21992435572452, 12.965769454097087], [80.2195869381867, 12.965866772433627], [80.2185993683662, 12.96624896541749], [80.21852301322656, 12.966291650839082], [80.21700135582796, 12.967339815180368], [80.21693258557042, 12.967395633401791], [80.21678439078704, 12.967515922222104], [80.21650063039982, 12.96778347862471], [80.21622368777304, 12.968057839297897], [80.21621486362511, 12.968064970921718], [80.21591994085264, 12.96830337490087], [80.21469791237882, 12.968900777448994], [80.21389613529846, 12.969342538827163], [80.21381798061537, 12.969406291766974], [80.21302979229114, 12.97029967828757], [80.21299933585072, 12.97034394381802], [80.21205594162848, 12.972090296829776], [80.21203285243428, 12.972133039808], [80.21025190610067, 12.975302773204476], [80.21023395023667, 12.975331001124855], [80.20770291265933, 12.978954873268833], [80.20756292598833, 12.97915529707933], [80.20751360536866, 12.97922398819656], [80.20697287989452, 12.979915226006938], [80.20605033825257, 12.981094551972033], [80.20588970044935, 12.981272946889025], [80.2058371197873, 12.981326243411445], [80.20521215481716, 12.981959724961367], [80.20515975941544, 12.982046677712049], [80.2044967612166, 12.983878297245669], [80.20449015659551, 12.983906696936572], [80.20416241216566, 12.986557599753498], [80.20416204074564, 12.986562626963691], [80.20420091304175, 12.98783774961248], [80.2042011918316, 12.987846887623787], [80.20420627030319, 12.987862241749099], [80.20488583221544, 12.98936619599323], [80.20495683818757, 12.989526512738392], [80.2054302601984, 12.99059539476173], [80.2067912716999, 12.993668194731471], [80.20801261668896, 12.996514518430327], [80.20804425393925, 12.99661019100756], [80.20810261994001, 12.997470320598893], [80.20814168918764, 12.998046053982248], [80.20815119232373, 12.999257858063741], [80.2081767366671, 12.99940957639086], [80.2084783467983, 12.999950734438867], [80.2085438678053, 13.000081540830477], [80.21118430611091, 13.005352744333717], [80.21118156677596, 13.005442119858003], [80.21047846510913, 13.006232140101245], [80.21008128132615, 13.00667842057271], [80.20961656385339, 13.007218420293892], [80.20953139355903, 13.007294088351555], [80.20944971083554, 13.007321473607192], [80.20913169796955, 13.007428093631686], [80.20850941118044, 13.007636727353146], [80.2084528348305, 13.007657591624593], [80.20712022212064, 13.008149055834279], [80.20704236511313, 13.008194110969496], [80.20591213403782, 13.00909672723225], [80.20539813011965, 13.009507211988305], [80.2053842212049, 13.009516858116571], [80.2031947713217, 13.010954849786517], [80.20175689206695, 13.011899206283374], [80.20170674766831, 13.011934070301152], [80.2004064224185, 13.012905721222126], [80.19994213931835, 13.01325264729189], [80.1997471564062, 13.013556405903444], [80.19972911600598, 13.014370018061921], [80.19972922842123, 13.014371910235521], [80.19991775869767, 13.015716039663571], [80.20009874366212, 13.017006344667092], [80.20010158012389, 13.01703165518677], [80.20013459783348, 13.017485108650874], [80.20028881897389, 13.01960301926397], [80.2004215112438, 13.021425210305264], [80.20043351269653, 13.021545857055685], [80.2005651986251, 13.022190557648171], [80.20060805581716, 13.022318758703818], [80.20079864644043, 13.022685447375522], [80.20083137816562, 13.022740625279708], [80.20126103017249, 13.02331366609286], [80.20181186672431, 13.024048333064169], [80.20183036937613, 13.02407605016964], [80.20230692822224, 13.02491281897147], [80.2023305390232, 13.024965420317924], [80.20233386201818, 13.024982889648697], [80.20247684523031, 13.025734568195787], [80.2024782607632, 13.025755872235775], [80.20222600812383, 13.026575014325488], [80.20221788634643, 13.026592133819971], [80.20186675814847, 13.027117249927391], [80.20302320400003, 13.026862832000063], [80.20308041700008, 13.026824689000025]], [[80.23879724000007, 12.99227479600006], [80.23935821100008, 12.992275279000069], [80.23991921300006, 12.992278034000034], [80.24060549000006, 12.992095763000068], [80.24135334500005, 12.991976305000039], [80.24147678100007, 12.992465660000052], [80.24149923700008, 12.992694801000026], [80.24110193500007, 12.99270892600003], [80.24060293600007, 12.992828872000077], [80.24010230000005, 12.993195047000029], [80.23991224900004, 12.993353443000046], [80.23939973900009, 12.993363878000025], [80.23901046900005, 12.993372334000073], [80.23873442800004, 12.993405203000066], [80.23852594900006, 12.993430028000036], [80.23835853600008, 12.993067491000032], [80.23817309500004, 12.992761594000056], [80.23842238800006, 12.992518076000064], [80.23879724000007, 12.99227479600006]], [[80.22808894600007, 13.01163001900005], [80.22730918400005, 13.01164576600007], [80.22581479800004, 13.010987705000046], [80.22508872500003, 13.009855378000054], [80.22515672400004, 13.009394038000037], [80.22661846100004, 13.008448307000037], [80.22758376400003, 13.007949730000067], [80.22816195000007, 13.007651099000043], [80.22775486900008, 13.006818111000031], [80.22728209500008, 13.006598957000053], [80.22642401200005, 13.006616379000032], [80.22610672700006, 13.006392726000055], [80.22656803600006, 13.006000850000019], [80.22757646900004, 13.005750793000061], [80.22764103500003, 13.00513808900007], [80.22693271200006, 13.004846077000026], [80.22599401700006, 13.004712693000041], [80.22536578100005, 13.004495799000038], [80.22498906000006, 13.005115216000034], [80.22500108700007, 13.005650551000032], [80.22461463900004, 13.005887133000044], [80.22351530400006, 13.005527839000026], [80.22226621800007, 13.005475742000046], [80.22116460200004, 13.004962861000028], [80.22077244000008, 13.004894463000028], [80.22060664600008, 13.004439293000072], [80.22044428700008, 13.004135476000043], [80.22020475300008, 13.003835576000029], [80.22011383700004, 13.003225106000057], [80.21930720600005, 13.00194083100007], [80.21860641400008, 13.000013108000076], [80.21781157500004, 13.00001307900004], [80.21770952400004, 12.999606023000066], [80.21733636700003, 12.998994176000052], [80.21715145100006, 12.998443121000037], [80.21702920000008, 12.997954879000076], [80.21671942100005, 12.997342570000058], [80.21672308400008, 12.996119217000057], [80.21681051300004, 12.995992023000044], [80.21709917900006, 12.995572067000067], [80.21715288500008, 12.995046423000078], [80.21764329500007, 12.994378749000079], [80.21793740600003, 12.993805094000038], [80.21810926600006, 12.993054951000031], [80.21862523100003, 12.99241984200006], [80.21950892500007, 12.991511037000066], [80.22014253200007, 12.990893162000077], [80.22054824200006, 12.990458777000073], [80.22079091100005, 12.990877268000077], [80.22091432300004, 12.99136549000002], [80.22128610100003, 12.99179437200007], [80.22175072200008, 12.991847534000044], [80.22197318400003, 12.991403142000022], [80.22258630200008, 12.991133343000058], [80.22297227100006, 12.990834641000047], [80.22366405600008, 12.990298823000044], [80.22438625700005, 12.990293682000072], [80.22475113900003, 12.99025832600006], [80.22510681200004, 12.990223037000021], [80.22570766600006, 12.990165671000055], [80.22592165000003, 12.990442004000045], [80.22683567900003, 12.990516830000045], [80.22716282100004, 12.991452052000056], [80.22716895000008, 12.992278888000042], [80.22777836500006, 12.993217722000054], [80.22801239100005, 12.993244305000074], [80.22874215700007, 12.993328332000035], [80.22968090200004, 12.993321642000069], [80.23018541100004, 12.993316897000055], [80.23139054200004, 12.993661838000037], [80.23259711900005, 12.993888179000065], [80.23335650100007, 12.994702842000036], [80.23368862800004, 12.995060789000034], [80.23429452000005, 12.99552747700005], [80.23455757700003, 12.995736824000062], [80.23491386300003, 12.996017632000076], [80.23562705600006, 12.996579740000072], [80.23593879900005, 12.996831646000034], [80.23635365800004, 12.997164197000073], [80.23707910300004, 12.997748639000065], [80.23739056700003, 12.997963262000042], [80.23792667900005, 12.99833218500004], [80.23841165300007, 12.998799728000051], [80.23861531100005, 13.000005805000054], [80.23916709200006, 13.000005220000045], [80.23948133800008, 13.00089985900007], [80.23965081000006, 13.001377595000061], [80.24010772200006, 13.002713989000027], [80.24048221900006, 13.003808116000071], [80.24065134900007, 13.004861920000051], [80.24075161700006, 13.005484727000066], [80.23598677400008, 13.005122450000043], [80.23550538200004, 13.004520443000045], [80.23554097200008, 13.006202146000021], [80.23547697100008, 13.006891632000075], [80.23517117300008, 13.007127642000059], [80.23169386900008, 13.008017341000027], [80.23135570700003, 13.007896569000026], [80.23071849500008, 13.007746637000023], [80.22951046200006, 13.008426155000048], [80.22832073100005, 13.008783075000055], [80.22808278500008, 13.009972805000073], [80.22826124400007, 13.010448697000072], [80.23004584000006, 13.010389211000074], [80.23111659700004, 13.01110305000003], [80.23113319200007, 13.011401745000057], [80.22988748000006, 13.011822743000037], [80.22871667100003, 13.01177012100004], [80.22808894600007, 13.01163001900005]], [[80.22382407200007, 13.008946123000044], [80.22370985800006, 13.008946123000044], [80.22360992100005, 13.008931846000054], [80.22350998400003, 13.008917569000062], [80.22341004600008, 13.008903292000074], [80.22332438500007, 13.00884618500004], [80.22326727800004, 13.008746248000023], [80.22321017100006, 13.008646310000072], [80.22316734100008, 13.008546373000058], [80.22316734200007, 13.008432159000055], [80.22310925600004, 13.00827726600005], [80.22308168000006, 13.008203730000048], [80.22323872500004, 13.008103793000032], [80.22332438500007, 13.008046686000055], [80.22339577000008, 13.007975303000023], [80.22348143000005, 13.007918195000059], [80.22358136700007, 13.007875365000071], [80.22368130500008, 13.007875365000073], [80.22379551900008, 13.007875365000077], [80.2238954570001, 13.007918195000059], [80.22399539400004, 13.007946748000046], [80.22410960900004, 13.008003856000073], [80.22418099200007, 13.008075239000048], [80.22425237600004, 13.008160900000066], [80.22425237600004, 13.008260837000021], [80.22425237600004, 13.008360775000027], [80.22423809800006, 13.008460712000042], [80.22419526900006, 13.008560650000048], [80.22413816100004, 13.008660587000064], [80.22408105400007, 13.008746248000019], [80.22402394700003, 13.008831908000047], [80.22393828700007, 13.00890329200007], [80.22382407200007, 13.008946123000044]], [[80.21410300600007, 12.98594545000003], [80.21418255900005, 12.986186621000058], [80.21472960600005, 12.986175967000065], [80.21539239200007, 12.985923887000068], [80.21587841000007, 12.985913663000074], [80.21636443500006, 12.985904584000023], [80.21690990700006, 12.985835204000065], [80.21739431000003, 12.985765117000025], [80.21809749800008, 12.985838084000024], [80.21844618200004, 12.986260325000046], [80.21858018000006, 12.986257260000059], [80.21831121000008, 12.986479451000037], [80.21797290200004, 12.986557988000076], [80.21780884300006, 12.986686171000029], [80.21619887100007, 12.987385473000073], [80.21554508700007, 12.98796661400007], [80.21251127400006, 12.988888655000038], [80.20980463700005, 12.988620967000031], [80.20885285300005, 12.98802610000007], [80.20790106800007, 12.98784764100003], [80.20573394000007, 12.987704754000049], [80.20556152500006, 12.987125192000065], [80.20581903900006, 12.987014830000023], [80.20962617800006, 12.986925600000061], [80.21224358400008, 12.986330735000022], [80.21410300600007, 12.98594545000003]]], [[[80.25421623900007, 12.977353833000048], [80.25418649500007, 12.980833795000022], [80.25402839700007, 12.981509311000023], [80.25353214400008, 12.983629662000054], [80.25284804900008, 12.985979379000073], [80.25156908900004, 12.991184450000048], [80.24972500600006, 12.996686954000035], [80.24902738900005, 12.998798660000036], [80.24903896000008, 12.99881030600005], [80.24850731800007, 13.00253180200002], [80.24856442500004, 13.006757726000043], [80.24887969800005, 13.012235599000062], [80.24902128100007, 13.014695607000021], [80.24917235700008, 13.015450979000038], [80.24961361200008, 13.014538790000074], [80.24970460500003, 13.014480981000075], [80.25000569700006, 13.014289684000062], [80.25021357500003, 13.014208001000041], [80.25049993100004, 13.013986782000075], [80.25075170600007, 13.013768069000037], [80.25096887600006, 13.013690842000074], [80.25118574100003, 13.013579694000041], [80.25136435100006, 13.013433819000056], [80.25154296400007, 13.013286812000047], [80.25190246100006, 13.01299278300007], [80.25208108200007, 13.012846895000052], [80.25229796500008, 13.012735775000063], [80.25247654700007, 13.012588750000075], [80.25269345000004, 13.012476490000038], [80.25291058800008, 13.012400364000026], [80.25305205500007, 13.012218620000054], [80.25319467600008, 13.012036840000066], [80.25344703100006, 13.01188929800003], [80.25366132100004, 13.011740915000074], [80.25387818300004, 13.011629793000052], [80.25405796100006, 13.011483906000025], [80.25427342000006, 13.011336602000029], [80.25448887700009, 13.011188227000048], [80.25466747600007, 13.011042330000066], [80.25480868700004, 13.010825553000076], [80.25502697500008, 13.010748288000055], [80.25524271500007, 13.010637155000035], [80.25545817100004, 13.010489899000046], [80.25567504900005, 13.010378748000052], [80.25589219400007, 13.010302628000032], [80.25618191400008, 13.010224844000046], [80.25647303600005, 13.010183203000054], [80.25672758500008, 13.010177960000021], [80.25698185000005, 13.010136576000036], [80.25749322800004, 13.010126103000061], [80.25778462400007, 13.010120591000028], [80.25803917200005, 13.010115357000073], [80.25836744500003, 13.010108468000055], [80.25865884200005, 13.010102939000033], [80.25909106200004, 13.01013482500002], [80.25928692800005, 13.010139056000073], [80.25939352000006, 13.010374364000027], [80.25954487800004, 13.010585640000045], [80.25969365100008, 13.010760753000055], [80.25988105300007, 13.010818245000051], [80.26112764900006, 13.010737297000048], [80.26286465600003, 13.010451761000068], [80.26403059100005, 13.010856270000032], [80.26693452200004, 13.011056542000064], [80.26695542500005, 13.01104225000006], [80.26717230200006, 13.010931096000034], [80.26742345000008, 13.010782422000032], [80.26775170200006, 13.01077550700006], [80.26800741000005, 13.010771384000066], [80.26821287500007, 13.010766696000076], [80.26829880200006, 13.010764738000034], [80.26859019800008, 13.010759230000076], [80.26881099900004, 13.010861532000034], [80.26910266900006, 13.010891032000073], [80.26939407700007, 13.010885508000056], [80.26957381600005, 13.010738492000028], [80.26961799600008, 13.011096240000027], [80.26987566300005, 13.011198278000048], [80.27016550800005, 13.011442401000066], [80.27028406800008, 13.01158272800006], [80.27036589300008, 13.011678907000032], [80.27123049100004, 13.011782657000026], [80.27389548700006, 13.011354353000058], [80.27465691500005, 13.010735693000072], [80.27487996800005, 13.010334200000043], [80.27497469800005, 13.010163683000032], [80.27506651600004, 13.01016178800006], [80.27535793700008, 13.01015624800004], [80.27565074800003, 13.010185759000022], [80.27587127700008, 13.010254164000058], [80.27608551200007, 13.01024919500003], [80.27604960000008, 13.01007099800006], [80.27581774600003, 13.009906877000049], [80.27575426500005, 13.009861940000064], [80.27541896400004, 13.009548099000027], [80.27526536100004, 13.009193424000044], [80.27514834000004, 13.008802310000023], [80.27506756700006, 13.008482116000039], [80.27491369800003, 13.008092419000038], [80.27479837000004, 13.00777247800005], [80.27464701900004, 13.00756122200005], [80.27449483700008, 13.007242661000078], [80.27425233900004, 13.007015138000039], [80.27433587300004, 13.006638388000056], [80.27425651800007, 13.006353197000067], [80.27414290500008, 13.006105540000018], [80.27410584400008, 13.00601411000002], [80.27402785500004, 13.005821712000056], [80.27394877800003, 13.005573801000024], [80.27387085100008, 13.005324734000054], [80.27379152000005, 13.005039545000047], [80.27373747400003, 13.004822282000076], [80.27414520700006, 13.00485003900007], [80.27403597200004, 13.00446732100005], [80.27402549700008, 13.00399976700004], [80.27401985900008, 13.003712890000031], [80.27401449800004, 13.003462171000024], [80.27400770700007, 13.003176447000042], [80.27396740400008, 13.003048157000022], [80.27392981700007, 13.002928506000043], [80.27377845500007, 13.002717250000044], [80.27360400800006, 13.002585667000062], [80.27359307200004, 13.002577418000042], [80.27340859800006, 13.002402560000062], [80.27322323200008, 13.002263855000024], [80.27300102200007, 13.002125407000051], [80.27281563900004, 13.00198556200007], [80.27266687400004, 13.001809317000035], [80.27248150600008, 13.00167060700005], [80.27233157900008, 13.001495479000027], [80.27218137600005, 13.001283098000044], [80.27203116400005, 13.001071835000065], [80.27191639400007, 13.000824183000075], [80.27176618000004, 13.000612914000042], [80.27158083600006, 13.000474200000042], [80.27135861700003, 13.000335757000073], [80.27125938800003, 13.00001004700004], [80.27084089000004, 12.999204339000071], [80.27058139300004, 12.997949035000032], [80.27072370400003, 12.997219977000043], [80.27073662000005, 12.997153808000064], [80.27125630100005, 12.996721911000066], [80.27133048100006, 12.996554525000024], [80.27159155100009, 12.995965435000073], [80.27159830800008, 12.995950188000053], [80.27150297900005, 12.994925249000062], [80.27123504600007, 12.99407325200002], [80.27096580200003, 12.993049582000024], [80.27087192900007, 12.992366873000037], [80.27036144500005, 12.991384061000074], [80.27035874900008, 12.991378872000038], [80.27057554800007, 12.990803469000067], [80.27027778900003, 12.988219784000021], [80.27024140300006, 12.987904064000077], [80.27021847400005, 12.987846338000054], [80.26960613000006, 12.986304718000042], [80.26946472800006, 12.986128402000077], [80.26919238900007, 12.986063739000032], [80.26907524800004, 12.985712171000044], [80.26905516000005, 12.98561770400005], [80.26889369800006, 12.984858425000025], [80.26880344700004, 12.984347390000035], [80.26852801900003, 12.98280979400005], [80.26808943500004, 12.982387146000063], [80.26799479100004, 12.98144691300007], [80.26817739100005, 12.981174220000069], [80.2683398760001, 12.980931572000031], [80.26789948500004, 12.980421956000043], [80.26780681900004, 12.980201248000068], [80.26754404300004, 12.979570601000033], [80.26730151300006, 12.979026794000047], [80.26701094100008, 12.978377145000024], [80.26700915600009, 12.978141082000038], [80.26699844200004, 12.976724683000043], [80.26681648200008, 12.975815582000052], [80.26637481500006, 12.975135398000077], [80.2663219215203, 12.974832337980937], [80.2661015939135, 12.974798160007138], [80.26610055609586, 12.974797886613203], [80.26556526882217, 12.974657525824227], [80.2654158743432, 12.974635889934406], [80.26390179283351, 12.974647617993242], [80.2621896914012, 12.974746282614886], [80.2621504036183, 12.97475564995335], [80.26145778984517, 12.974978930932991], [80.2614480375969, 12.97498207496284], [80.26067479330715, 12.975409707092352], [80.26056649514771, 12.975444919147776], [80.25917753631433, 12.975696382182319], [80.25910756276386, 12.975700089187795], [80.25842350334204, 12.975653795686183], [80.25825085509298, 12.97556011510727], [80.25801639284231, 12.975398593270539], [80.25797115784269, 12.97536743086232], [80.25775316757466, 12.975173186293546], [80.25753060875064, 12.975033755403556], [80.2571375798355, 12.975085018558783], [80.25711411832198, 12.975090091634456], [80.25656164500396, 12.975327358870576], [80.25650884131005, 12.975350037074579], [80.25563003909508, 12.975803478847524], [80.25554426535564, 12.975818331151116], [80.25413960615793, 12.975874340028838], [80.25410731777345, 12.975875626496299], [80.25421623900007, 12.977353833000048]]], [[[80.19535805200007, 13.027212916000053], [80.19536261303585, 13.02721409668533], [80.19533980938343, 13.027208182302966], [80.19535805200007, 13.027212916000053]]], [[[80.19620635000007, 13.027430231000041], [80.19634811775549, 13.02746465645284], [80.1962061848438, 13.027430190357801], [80.19620635000007, 13.027430231000041]]], [[[80.19882511000003, 13.027818566000064], [80.19936534400006, 13.027784877000046], [80.19944104852415, 13.027775522106124], [80.1993653222519, 13.027784871374763], [80.19850137902283, 13.027838753367385], [80.19882511000003, 13.027818566000064]]], [[[80.20069758700004, 13.027532207000034], [80.20069764580768, 13.027532194347241], [80.20068047855385, 13.02753555169071], [80.20069758700004, 13.027532207000034]]], [[[80.20178607300005, 13.027197251000075], [80.20179698336183, 13.027191846862433], [80.20177765109608, 13.027201414989763], [80.20178607300005, 13.027197251000075]]]]}}, {"id": "6", "type": "Feature", "properties": {"map_year": "2015-16", "lulc_group": "Water/Wetland", "lulc_class": "Waterbodies", "LU_Webcode": "23"}, "geometry": {"type": "MultiPolygon", "coordinates": [[[[80.24135334500005, 12.991976305000039], [80.24060549000006, 12.992095763000068], [80.23991921300006, 12.992278034000034], [80.23935821100008, 12.992275279000069], [80.23879724000007, 12.99227479600006], [80.23842238800006, 12.992518076000064], [80.23817309500004, 12.992761594000056], [80.23835853600008, 12.993067491000032], [80.23852594900006, 12.993430028000036], [80.23873442800004, 12.993405203000066], [80.23901046900005, 12.993372334000073], [80.23939973900009, 12.993363878000025], [80.23991224900004, 12.993353443000046], [80.24010230000005, 12.993195047000029], [80.24060293600007, 12.992828872000077], [80.24110193500007, 12.99270892600003], [80.24149923700008, 12.992694801000026], [80.24147678100007, 12.992465660000052], [80.24135334500005, 12.991976305000039]]]]}}, {"id": "7", "type": "Feature", "properties": {"map_year": "2015-16", "lulc_group": "Agriculture", "lulc_class": "Fallow", "LU_Webcode": "6"}, "geometry": {"type": "MultiPolygon", "coordinates": [[[[80.23472860600003, 13.001842127000032], [80.23457854200007, 13.001490777000072], [80.23428105200009, 13.001142739000045], [80.23398860600008, 13.001007023000057], [80.23362694800005, 13.001014129000055], [80.23333785600005, 13.00101958500005], [80.23297736000006, 13.001026685000054], [80.23254429700006, 13.001035434000071], [80.23225405700003, 13.001042022000034], [80.23210504900004, 13.00083185900007], [80.23195435400004, 13.00055054100005], [80.23180535200004, 13.000341509000064], [80.23158662900005, 13.000205263000057], [80.23131561400004, 13.000008385000058], [80.23123250900005, 12.999830513000063], [80.23142054800007, 12.99940331400006], [80.23173251800006, 12.999221480000074], [80.23217053000008, 12.998794755000059], [80.23223530100006, 12.998366178000028], [80.23167527800007, 12.997875423000039], [80.23130208500004, 12.997568592000052], [80.23049321300005, 12.997383469000054], [80.22993344000008, 12.996770717000063], [80.22987315300009, 12.996097917000043], [80.22993916100006, 12.99505935700006], [80.23006500300005, 12.994632605000048], [80.23006667400006, 12.994081354000057], [80.22968090200004, 12.993321642000069], [80.22874215700007, 12.993328332000035], [80.22801239100005, 12.993244305000074], [80.22801122900006, 12.993709701000055], [80.22782084200009, 12.99444190500003], [80.22744761200005, 12.994441178000045], [80.22682582400007, 12.994316836000051], [80.22639214700008, 12.993154196000035], [80.22614383200005, 12.99290971700003], [80.22577203600008, 12.992479730000069], [80.22527306200004, 12.99229577400007], [80.22498199700004, 12.992034659000065], [80.22497456500008, 12.991652910000028], [80.22477285000008, 12.991323376000025], [80.22472400100008, 12.991104579000021], [80.22434202000005, 12.991009025000043], [80.22384463600008, 12.990884924000055], [80.22334421300008, 12.991127955000023], [80.22296955800005, 12.991555348000077], [80.22328002200004, 12.99210551000004], [80.22390012700005, 12.992779974000028], [80.22414795900005, 12.993269580000058], [80.22476945700004, 12.993820913000034], [80.22526726000007, 12.994312132000061], [80.22563974500008, 12.994679980000058], [80.22613663800007, 12.995048074000065], [80.22669734100003, 12.995476707000023], [80.22731791100006, 12.99621216400004], [80.22737799100008, 12.996701971000052], [80.22825066700007, 12.99694878000002], [80.22887362500006, 12.997073108000048], [80.22887149100006, 12.997562227000058], [80.22899444100005, 12.998295583000068], [80.2294291730001, 12.998357996000035], [80.22961551600008, 12.998787038000046], [80.22967674300008, 12.999275709000072], [80.22948869600003, 12.999702900000043], [80.22926289200007, 13.000009506000026], [80.23017636600008, 13.000009762000047], [80.23000222900005, 13.000448150000068], [80.22979126100006, 13.000736569000027], [80.22957862300007, 13.000953845000028], [80.22921696700007, 13.000960945000028], [80.22892787500007, 13.000966394000045], [80.22856737700005, 13.000974612000052], [80.22827492300007, 13.000837769000043], [80.22790991800008, 13.000703686000065], [80.22768835000007, 13.000495171000068], [80.22739821000005, 13.000359430000058], [80.22717718400008, 13.000223200000054], [80.22688808900006, 13.00022864600004], [80.22659900400004, 13.00023522600003], [80.22630991000005, 13.000240672000073], [80.22602531900003, 13.000387292000026], [80.22595831500007, 13.000672429000073], [80.22589246800004, 13.000957553000035], [80.22582546600006, 13.00124269400004], [80.22583216700008, 13.001526166000074], [80.22583670900008, 13.001756929000065], [80.22583772500008, 13.001808526000048], [80.22572578600005, 13.00224759700006], [80.22593947500008, 13.002326280000034], [80.22623548400009, 13.002320778000067], [80.22653263800005, 13.002314137000042], [80.22682864300003, 13.002308643000049], [80.22704056700007, 13.002303737000032], [80.22737772600004, 13.002256151000038], [80.22771634000003, 13.002249214000074], [80.22796973800007, 13.002244016000077], [80.22822426800008, 13.00223881200003], [80.22824343200006, 13.002238456000043], [80.22852028100004, 13.002233317000048], [80.22877482500007, 13.002228103000046], [80.22902821000008, 13.002222911000045], [80.22914986900008, 13.002220419000029], [80.22928274300006, 13.002217697000047], [80.22957874600007, 13.002211067000076], [80.2298747550001, 13.002205564000063], [80.23008521400006, 13.002160006000056], [80.23038121300004, 13.002153369000043], [80.23071983000006, 13.002146432000075], [80.23101699000006, 13.002140922000022], [80.23122776500009, 13.002137157000048], [80.23143968700003, 13.002132250000047], [80.23173569800008, 13.002126748000023], [80.23193235000008, 13.002122718000066], [80.23215954000005, 13.00211806100003], [80.23258399900004, 13.002191836000065], [80.23283854000005, 13.002186630000038], [80.23309192800008, 13.002181423000023], [80.23322445600007, 13.00215741000005], [80.23334501000005, 13.002135567000037], [80.23359809000004, 13.00208856300003], [80.23383939000007, 13.00200776500003], [80.23406002100006, 13.001935025000025], [80.23420061800005, 13.002562070000067], [80.23438375200004, 13.00255849900003], [80.23466833500005, 13.002410742000048], [80.23473532400004, 13.002125610000064], [80.23472860600003, 13.001842127000032]]]]}}, {"id": "8", "type": "Feature", "properties": {"map_year": "2015-16", "lulc_group": "Agriculture", "lulc_class": "Crop land", "LU_Webcode": "4"}, "geometry": {"type": "MultiPolygon", "coordinates": [[[[80.27057554800007, 12.990803469000067], [80.27035874900008, 12.991378872000038], [80.27036144500005, 12.991384061000074], [80.27087192900007, 12.992366873000037], [80.27096580200003, 12.993049582000024], [80.27123504600007, 12.99407325200002], [80.27150297900005, 12.994925249000062], [80.27159830800008, 12.995950188000053], [80.27159155100009, 12.995965435000073], [80.27133048100006, 12.996554525000024], [80.27125630100005, 12.996721911000066], [80.27073662000005, 12.997153808000064], [80.27072370400003, 12.997219977000043], [80.27058139300004, 12.997949035000032], [80.27084089000004, 12.999204339000071], [80.27125938800003, 13.00001004700004], [80.27135861700003, 13.000335757000073], [80.27158083600006, 13.000474200000042], [80.27176618000004, 13.000612914000042], [80.27191639400007, 13.000824183000075], [80.27203116400005, 13.001071835000065], [80.27218137600005, 13.001283098000044], [80.27233157900008, 13.001495479000027], [80.27248150600008, 13.00167060700005], [80.27266687400004, 13.001809317000035], [80.27281563900004, 13.00198556200007], [80.27300102200007, 13.002125407000051], [80.27322323200008, 13.002263855000024], [80.27340859800006, 13.002402560000062], [80.27359307200004, 13.002577418000042], [80.27360400800006, 13.002585667000062], [80.27377845500007, 13.002717250000044], [80.27392981700007, 13.002928506000043], [80.27396740400008, 13.003048157000022], [80.27400770700007, 13.003176447000042], [80.27401449800004, 13.003462171000024], [80.27401985900008, 13.003712890000031], [80.27402549700008, 13.00399976700004], [80.27403597200004, 13.00446732100005], [80.27501834900005, 13.004460131000029], [80.27472076900006, 13.003426609000028], [80.27408859400003, 13.002394188000036], [80.27320997500004, 13.00176076400004], [80.27229048900006, 13.000923011000054], [80.27157533400003, 12.999717462000037], [80.27132892900005, 12.997403839000071], [80.27202486000004, 12.996897708000063], [80.27243352100004, 12.996366448000058], [80.27247438700006, 12.99581475800005], [80.27145273500008, 12.991564690000075], [80.27120754000003, 12.991094732000022], [80.27057554800007, 12.990803469000067]]]]}}, {"id": "9", "type": "Feature", "properties": {"map_year": "2015-16", "lulc_group": "Agriculture", "lulc_class": "Fallow", "LU_Webcode": "6"}, "geometry": {"type": "MultiPolygon", "coordinates": [[[[80.22466406000007, 13.001053287000047], [80.22458709200005, 13.000770308000027], [80.22436553300008, 13.00056290800006], [80.22407142100008, 13.000357165000025], [80.22384932500006, 13.000077476000056], [80.22388152800005, 12.999136300000034], [80.22344637800006, 12.998706770000066], [80.22294811700004, 12.998155686000075], [80.22295284800003, 12.997238425000031], [80.22314116100006, 12.99668923400003], [80.2234536220001, 12.996262283000018], [80.22345531000008, 12.995712165000043], [80.22351945900004, 12.995040734000042], [80.22333498300003, 12.99455067300005], [80.22289840300004, 12.994549264000057], [80.22252353400006, 12.994793660000028], [80.22214815700005, 12.995280927000065], [80.22146305000007, 12.994850907000055], [80.22121617500005, 12.99417829200007], [80.22065731900005, 12.993686376000026], [80.22003388800005, 12.993807153000034], [80.22003194800004, 12.994480404000056], [80.22040372100008, 12.994909261000032], [80.22040227100007, 12.995336262000023], [80.21990398500003, 12.995090164000032], [80.21928004000006, 12.995456063000065], [80.21952881200008, 12.995761539000055], [80.22015056300006, 12.996192017000055], [80.22077282100008, 12.996377365000058], [80.22102203900005, 12.996743842000056], [80.22114356000003, 12.997600340000075], [80.22076843300005, 12.997965602000024], [80.22076744200007, 12.99845472000004], [80.22109369600008, 12.99888407000003], [80.22113967300004, 12.998944575000053], [80.22138750600004, 12.999434188000066], [80.22156932200005, 12.999720941000021], [80.22131618800006, 12.999915893000034], [80.22117609800006, 13.000131516000065], [80.22103818800008, 13.000487186000042], [80.22104490500004, 13.000771797000024], [80.22119442500008, 13.001052003000042], [80.22155942200004, 13.00118608300005], [80.22185072300005, 13.001322954000045], [80.22213981700008, 13.001316377000025], [80.22242891200005, 13.001310935000049], [80.22279056400004, 13.001303844000065], [80.22308133200005, 13.00136841500006], [80.22344351300006, 13.001432486000056], [80.22380852100008, 13.001566564000028], [80.22409814100007, 13.001632278000047], [80.22439057800005, 13.001766875000042], [80.22460491800007, 13.001621889000035], [80.22466961600009, 13.001336769000034], [80.22466406000007, 13.001053287000047]]]]}}, {"id": "10", "type": "Feature", "properties": {"map_year": "2015-16", "lulc_group": "Water/Wetland", "lulc_class": "Waterbodies", "LU_Webcode": "23"}, "geometry": {"type": "MultiPolygon", "coordinates": [[[[80.22476365900008, 12.995838408000054], [80.22451246200006, 12.996449027000038], [80.22451054100003, 12.997121166000053], [80.22450905300008, 12.997854281000059], [80.22450666200007, 12.998466517000054], [80.22450381200008, 12.999015512000028], [80.22462724400003, 12.999504890000024], [80.22465520500003, 13.000011879000056], [80.22507910000007, 13.000011115000065], [80.22518894900008, 12.999445532000038], [80.22525144300005, 12.999016970000069], [80.22537869500007, 12.998469334000049], [80.22581599400007, 12.998102506000068], [80.22600431300003, 12.997553306000043], [80.22600715400006, 12.997003178000055], [80.22600814200007, 12.996515195000025], [80.22557299500005, 12.996085654000064], [80.22544951100008, 12.995902406000026], [80.22476365900008, 12.995838408000054]]]]}}, {"id": "11", "type": "Feature", "properties": {"map_year": "2015-16", "lulc_group": "Forest/Scrub", "lulc_class": "Deciduous", "LU_Webcode": "9"}, "geometry": {"type": "MultiPolygon", "coordinates": [[[[80.23113319200007, 13.011401745000057], [80.23111659700004, 13.01110305000003], [80.23004584000006, 13.010389211000074], [80.22826124400007, 13.010448697000072], [80.22808278500008, 13.009972805000073], [80.22832073100005, 13.008783075000055], [80.22951046200006, 13.008426155000048], [80.23071849500008, 13.007746637000023], [80.23135570700003, 13.007896569000026], [80.23169386900008, 13.008017341000027], [80.23517117300008, 13.007127642000059], [80.23547697100008, 13.006891632000075], [80.23554097200008, 13.006202146000021], [80.23550538200004, 13.004520443000045], [80.23598677400008, 13.005122450000043], [80.24075161700006, 13.005484727000066], [80.24065134900007, 13.004861920000051], [80.24048221900006, 13.003808116000071], [80.24010772200006, 13.002713989000027], [80.23965081000006, 13.001377595000061], [80.23948133800008, 13.00089985900007], [80.23916709200006, 13.000005220000045], [80.23861531100005, 13.000005805000054], [80.23841165300007, 12.998799728000051], [80.23792667900005, 12.99833218500004], [80.23739056700003, 12.997963262000042], [80.23707910300004, 12.997748639000065], [80.23635365800004, 12.997164197000073], [80.23593879900005, 12.996831646000034], [80.23562705600006, 12.996579740000072], [80.23491386300003, 12.996017632000076], [80.23455757700003, 12.995736824000062], [80.23429452000005, 12.99552747700005], [80.23368862800004, 12.995060789000034], [80.23335650100007, 12.994702842000036], [80.23259711900005, 12.993888179000065], [80.23139054200004, 12.993661838000037], [80.23018541100004, 12.993316897000055], [80.22968090200004, 12.993321642000069], [80.23006667400006, 12.994081354000057], [80.23006500300005, 12.994632605000048], [80.22993916100006, 12.99505935700006], [80.22987315300009, 12.996097917000043], [80.22993344000008, 12.996770717000063], [80.23049321300005, 12.997383469000054], [80.23130208500004, 12.997568592000052], [80.23167527800007, 12.997875423000039], [80.23223530100006, 12.998366178000028], [80.23217053000008, 12.998794755000059], [80.23173251800006, 12.999221480000074], [80.23142054800007, 12.99940331400006], [80.23123250900005, 12.999830513000063], [80.23131561400004, 13.000008385000058], [80.23158662900005, 13.000205263000057], [80.23180535200004, 13.000341509000064], [80.23195435400004, 13.00055054100005], [80.23210504900004, 13.00083185900007], [80.23225405700003, 13.001042022000034], [80.23254429700006, 13.001035434000071], [80.23297736000006, 13.001026685000054], [80.23333785600005, 13.00101958500005], [80.23362694800005, 13.001014129000055], [80.23398860600008, 13.001007023000057], [80.23428105200009, 13.001142739000045], [80.23457854200007, 13.001490777000072], [80.23472860600003, 13.001842127000032], [80.23473532400004, 13.002125610000064], [80.23466833500005, 13.002410742000048], [80.23438375200004, 13.00255849900003], [80.23420061800005, 13.002562070000067], [80.23406002100006, 13.001935025000025], [80.23383939000007, 13.00200776500003], [80.23359809000004, 13.00208856300003], [80.23334501000005, 13.002135567000037], [80.23322445600007, 13.00215741000005], [80.23309192800008, 13.002181423000023], [80.23283854000005, 13.002186630000038], [80.23258399900004, 13.002191836000065], [80.23215954000005, 13.00211806100003], [80.23193235000008, 13.002122718000066], [80.23173569800008, 13.002126748000023], [80.23143968700003, 13.002132250000047], [80.23122776500009, 13.002137157000048], [80.23101699000006, 13.002140922000022], [80.23071983000006, 13.002146432000075], [80.23038121300004, 13.002153369000043], [80.23008521400006, 13.002160006000056], [80.2298747550001, 13.002205564000063], [80.22957874600007, 13.002211067000076], [80.22928274300006, 13.002217697000047], [80.22914986900008, 13.002220419000029], [80.22902821000008, 13.002222911000045], [80.22877482500007, 13.002228103000046], [80.22852028100004, 13.002233317000048], [80.22824343200006, 13.002238456000043], [80.22822426800008, 13.00223881200003], [80.22796973800007, 13.002244016000077], [80.22771634000003, 13.002249214000074], [80.22737772600004, 13.002256151000038], [80.22704056700007, 13.002303737000032], [80.22682864300003, 13.002308643000049], [80.22653263800005, 13.002314137000042], [80.22623548400009, 13.002320778000067], [80.22593947500008, 13.002326280000034], [80.22572578600005, 13.00224759700006], [80.22583772500008, 13.001808526000048], [80.22583670900008, 13.001756929000065], [80.22583216700008, 13.001526166000074], [80.22582546600006, 13.00124269400004], [80.22589246800004, 13.000957553000035], [80.22595831500007, 13.000672429000073], [80.22602531900003, 13.000387292000026], [80.22630991000005, 13.000240672000073], [80.22659900400004, 13.00023522600003], [80.22688808900006, 13.00022864600004], [80.22717718400008, 13.000223200000054], [80.22739821000005, 13.000359430000058], [80.22768835000007, 13.000495171000068], [80.22790991800008, 13.000703686000065], [80.22827492300007, 13.000837769000043], [80.22856737700005, 13.000974612000052], [80.22892787500007, 13.000966394000045], [80.22921696700007, 13.000960945000028], [80.22957862300007, 13.000953845000028], [80.22979126100006, 13.000736569000027], [80.23000222900005, 13.000448150000068], [80.23017636600008, 13.000009762000047], [80.22926289200007, 13.000009506000026], [80.22948869600003, 12.999702900000043], [80.22967674300008, 12.999275709000072], [80.22961551600008, 12.998787038000046], [80.2294291730001, 12.998357996000035], [80.22899444100005, 12.998295583000068], [80.22887149100006, 12.997562227000058], [80.22887362500006, 12.997073108000048], [80.22825066700007, 12.99694878000002], [80.22737799100008, 12.996701971000052], [80.22731791100006, 12.99621216400004], [80.22669734100003, 12.995476707000023], [80.22613663800007, 12.995048074000065], [80.22563974500008, 12.994679980000058], [80.22526726000007, 12.994312132000061], [80.22476945700004, 12.993820913000034], [80.22414795900005, 12.993269580000058], [80.22390012700005, 12.992779974000028], [80.22328002200004, 12.99210551000004], [80.22296955800005, 12.991555348000077], [80.22334421300008, 12.991127955000023], [80.22384463600008, 12.990884924000055], [80.22434202000005, 12.991009025000043], [80.22472400100008, 12.991104579000021], [80.22477285000008, 12.991323376000025], [80.22497456500008, 12.991652910000028], [80.22498199700004, 12.992034659000065], [80.22527306200004, 12.99229577400007], [80.22577203600008, 12.992479730000069], [80.22614383200005, 12.99290971700003], [80.22639214700008, 12.993154196000035], [80.22682582400007, 12.994316836000051], [80.22744761200005, 12.994441178000045], [80.22782084200009, 12.99444190500003], [80.22801122900006, 12.993709701000055], [80.22801239100005, 12.993244305000074], [80.22777836500006, 12.993217722000054], [80.22716895000008, 12.992278888000042], [80.22716282100004, 12.991452052000056], [80.22683567900003, 12.990516830000045], [80.22592165000003, 12.990442004000045], [80.22570766600006, 12.990165671000055], [80.22510681200004, 12.990223037000021], [80.22475113900003, 12.99025832600006], [80.22438625700005, 12.990293682000072], [80.22366405600008, 12.990298823000044], [80.22297227100006, 12.990834641000047], [80.22258630200008, 12.991133343000058], [80.22197318400003, 12.991403142000022], [80.22175072200008, 12.991847534000044], [80.22128610100003, 12.99179437200007], [80.22091432300004, 12.99136549000002], [80.22079091100005, 12.990877268000077], [80.22054824200006, 12.990458777000073], [80.22014253200007, 12.990893162000077], [80.21950892500007, 12.991511037000066], [80.21862523100003, 12.99241984200006], [80.21810926600006, 12.993054951000031], [80.21793740600003, 12.993805094000038], [80.21764329500007, 12.994378749000079], [80.21715288500008, 12.995046423000078], [80.21709917900006, 12.995572067000067], [80.21681051300004, 12.995992023000044], [80.21672308400008, 12.996119217000057], [80.21671942100005, 12.997342570000058], [80.21702920000008, 12.997954879000076], [80.21715145100006, 12.998443121000037], [80.21733636700003, 12.998994176000052], [80.21770952400004, 12.999606023000066], [80.21781157500004, 13.00001307900004], [80.21860641400008, 13.000013108000076], [80.21930720600005, 13.00194083100007], [80.22011383700004, 13.003225106000057], [80.22020475300008, 13.003835576000029], [80.22044428700008, 13.004135476000043], [80.22060664600008, 13.004439293000072], [80.22077244000008, 13.004894463000028], [80.22116460200004, 13.004962861000028], [80.22226621800007, 13.005475742000046], [80.22351530400006, 13.005527839000026], [80.22461463900004, 13.005887133000044], [80.22500108700007, 13.005650551000032], [80.22498906000006, 13.005115216000034], [80.22536578100005, 13.004495799000038], [80.22599401700006, 13.004712693000041], [80.22693271200006, 13.004846077000026], [80.22764103500003, 13.00513808900007], [80.22757646900004, 13.005750793000061], [80.22656803600006, 13.006000850000019], [80.22610672700006, 13.006392726000055], [80.22642401200005, 13.006616379000032], [80.22728209500008, 13.006598957000053], [80.22775486900008, 13.006818111000031], [80.22816195000007, 13.007651099000043], [80.22758376400003, 13.007949730000067], [80.22661846100004, 13.008448307000037], [80.22515672400004, 13.009394038000037], [80.22508872500003, 13.009855378000054], [80.22581479800004, 13.010987705000046], [80.22730918400005, 13.01164576600007], [80.22808894600007, 13.01163001900005], [80.22871667100003, 13.01177012100004], [80.22988748000006, 13.011822743000037], [80.23113319200007, 13.011401745000057]], [[80.23068048900006, 13.005422141000054], [80.23088869300005, 13.005451883000037], [80.23112663800005, 13.005541114000039], [80.23127535500004, 13.00571957300002], [80.23124561100009, 13.005957519000047], [80.23112663800005, 13.00613597900002], [80.23085894900004, 13.006165722000048], [80.23062100300007, 13.006135979000021], [80.23044254400008, 13.005987262000076], [80.23044254300004, 13.00574931600005], [80.23041280000007, 13.005541114000039], [80.23068048900006, 13.005422141000054]], [[80.22476365900008, 12.995838408000054], [80.22544951100008, 12.995902406000026], [80.22557299500005, 12.996085654000064], [80.22600814200007, 12.996515195000025], [80.22600715400006, 12.997003178000055], [80.22600431300003, 12.997553306000043], [80.22581599400007, 12.998102506000068], [80.22537869500007, 12.998469334000049], [80.22525144300005, 12.999016970000069], [80.22518894900008, 12.999445532000038], [80.22507910000007, 13.000011115000065], [80.22465520500003, 13.000011879000056], [80.22462724400003, 12.999504890000024], [80.22450381200008, 12.999015512000028], [80.22450666200007, 12.998466517000054], [80.22450905300008, 12.997854281000059], [80.22451054100003, 12.997121166000053], [80.22451246200006, 12.996449027000038], [80.22476365900008, 12.995838408000054]], [[80.22279056400004, 13.001303844000065], [80.22242891200005, 13.001310935000049], [80.22213981700008, 13.001316377000025], [80.22185072300005, 13.001322954000045], [80.22155942200004, 13.00118608300005], [80.22119442500008, 13.001052003000042], [80.22104490500004, 13.000771797000024], [80.22103818800008, 13.000487186000042], [80.22117609800006, 13.000131516000065], [80.22131618800006, 12.999915893000034], [80.22156932200005, 12.999720941000021], [80.22138750600004, 12.999434188000066], [80.22113967300004, 12.998944575000053], [80.22109369600008, 12.99888407000003], [80.22076744200007, 12.99845472000004], [80.22076843300005, 12.997965602000024], [80.22114356000003, 12.997600340000075], [80.22102203900005, 12.996743842000056], [80.22077282100008, 12.996377365000058], [80.22015056300006, 12.996192017000055], [80.21952881200008, 12.995761539000055], [80.21928004000006, 12.995456063000065], [80.21990398500003, 12.995090164000032], [80.22040227100007, 12.995336262000023], [80.22040372100008, 12.994909261000032], [80.22003194800004, 12.994480404000056], [80.22003388800005, 12.993807153000034], [80.22065731900005, 12.993686376000026], [80.22121617500005, 12.99417829200007], [80.22146305000007, 12.994850907000055], [80.22214815700005, 12.995280927000065], [80.22252353400006, 12.994793660000028], [80.22289840300004, 12.994549264000057], [80.22333498300003, 12.99455067300005], [80.22351945900004, 12.995040734000042], [80.22345531000008, 12.995712165000043], [80.2234536220001, 12.996262283000018], [80.22314116100006, 12.99668923400003], [80.22295284800003, 12.997238425000031], [80.22294811700004, 12.998155686000075], [80.22344637800006, 12.998706770000066], [80.22388152800005, 12.999136300000034], [80.22384932500006, 13.000077476000056], [80.22407142100008, 13.000357165000025], [80.22436553300008, 13.00056290800006], [80.22458709200005, 13.000770308000027], [80.22466406000007, 13.001053287000047], [80.22466961600009, 13.001336769000034], [80.22460491800007, 13.001621889000035], [80.22439057800005, 13.001766875000042], [80.22409814100007, 13.001632278000047], [80.22380852100008, 13.001566564000028], [80.22344351300006, 13.001432486000056], [80.22308133200005, 13.00136841500006], [80.22279056400004, 13.001303844000065]]]]}}, {"id": "12", "type": "Feature", "properties": {"map_year": "2015-16", "lulc_group": "Barren/Open", "lulc_class": "Sandy area", "LU_Webcode": "17"}, "geometry": {"type": "MultiPolygon", "coordinates": [[[[80.26708007200006, 12.97501395200004], [80.26726396900006, 12.97613776600002], [80.26734570000008, 12.976444262000026], [80.26787695900003, 12.97940704900003], [80.26814258700006, 12.979897441000048], [80.2683398760001, 12.980931572000031], [80.26846951600004, 12.981961175000034], [80.26869428000003, 12.982247237000022], [80.26900077400006, 12.98261503200007], [80.26910293900005, 12.982860227000057], [80.26994069300008, 12.985986478000028], [80.26960613000006, 12.986304718000042], [80.27021847400005, 12.987846338000054], [80.27024140300006, 12.987904064000077], [80.27027778900003, 12.988219784000021], [80.27057554800007, 12.990803469000067], [80.27120754000003, 12.991094732000022], [80.27145273500008, 12.991564690000075], [80.27247438700006, 12.99581475800005], [80.27243352100004, 12.996366448000058], [80.27202486000004, 12.996897708000063], [80.27132892900005, 12.997403839000071], [80.27157533400003, 12.999717462000037], [80.27229048900006, 13.000923011000054], [80.27320997500004, 13.00176076400004], [80.27408859400003, 13.002394188000036], [80.27472076900006, 13.003426609000028], [80.27501834900005, 13.004460131000029], [80.27403597200004, 13.00446732100005], [80.27414520700006, 13.00485003900007], [80.27449904800005, 13.00608975500006], [80.27571257300008, 13.009316304000038], [80.27611232200007, 13.009815991000037], [80.27604960000008, 13.01007099800006], [80.27608551200007, 13.01024919500003], [80.27596157400006, 13.011290351000069], [80.27595202500004, 13.011370566000037], [80.27595202600008, 13.012084405000051], [80.27623756000008, 13.012703065000037], [80.27676104200003, 13.013131368000076], [80.27689630900005, 13.013153912000064], [80.27704657700008, 13.013178956000049], [80.27701612700008, 13.013026701000058], [80.27695139900004, 13.012703064000053], [80.27680863100005, 13.012274762000061], [80.27666586300006, 13.011798870000064], [80.27671345300007, 13.011370566000037], [80.27673554400008, 13.011282204000056], [80.27680863200004, 13.010989853000067], [80.27685622100006, 13.010561550000036], [80.27686154300005, 13.010054225000031], [80.27761164700007, 13.011886036000021], [80.27781823500004, 13.012390575000039], [80.27802717200007, 13.012899585000069], [80.27813275200003, 13.013448902000047], [80.27818803600007, 13.013737151000042], [80.27757768100008, 13.013766216000022], [80.27850546600007, 13.019469365000075], [80.27866495300003, 13.02161822000005], [80.27878301800007, 13.023208942000053], [80.27897754900006, 13.02507643900003], [80.27902968300003, 13.025576924000061], [80.27917768100009, 13.026908914000044], [80.27967101100006, 13.029474231000052], [80.28011500800005, 13.03268087300006], [80.28016434200003, 13.034900858000071], [80.28050967200005, 13.036528845000074], [80.28050967100006, 13.037860836000046], [80.28037614900006, 13.03826140800004], [80.28038087600004, 13.03830094300002], [80.28084487100006, 13.043654731000059], [80.28115304400008, 13.04593524900002], [80.28233499300006, 13.05285806200004], [80.28246174800006, 13.053534111000031], [80.28337899700006, 13.05768165300003], [80.28334304400005, 13.057825464000075], [80.28327333100003, 13.057862577000035], [80.28356911900005, 13.059440072000031], [80.28356910500008, 13.059440095000069], [80.28396298100006, 13.061540666000042], [80.28427413500003, 13.062124082000025], [80.28452113700007, 13.062285911000057], [80.28512690200006, 13.062537081000071], [80.28539363700008, 13.06262599300004], [80.28621828600006, 13.06290087600007], [80.28628163100007, 13.06292199100005], [80.28676530100006, 13.063133597000046], [80.28679646000006, 13.063470127000071], [80.28681975900008, 13.063721744000077], [80.28670078600004, 13.064340403000072], [80.28667699200008, 13.064887679000035], [80.28677638500005, 13.065158754000038], [80.28693873200007, 13.065601518000049], [80.28717667800004, 13.066006025000036], [80.28767636500004, 13.065863259000023], [80.28827123000008, 13.065506339000024], [80.28857224400008, 13.065426383000043], [80.28874081400005, 13.065381607000063], [80.28872309300004, 13.065353460000042], [80.28739279400008, 13.063227627000058], [80.28519629900008, 13.05548345100004], [80.28491662613696, 13.052862328376394], [80.28389754313719, 13.048409504994707], [80.28326672358048, 13.045831996749316], [80.28181959479849, 13.03886109796133], [80.28142630777796, 13.036878468766359], [80.28113288417535, 13.035399242281244], [80.27996275557678, 13.026489255874479], [80.2790961085986, 13.01889204043539], [80.27869662434978, 13.015992513743582], [80.2786958867424, 13.015989145199097], [80.27881294000008, 13.016840485000044], [80.27909586300007, 13.018891930000052], [80.2793218830001, 13.020873212000026], [80.27912834900008, 13.020002297000074], [80.27868435100004, 13.01659832200005], [80.27824035500004, 13.015118332000043], [80.27819171100003, 13.013756322000061], [80.27819973553078, 13.013798159989912], [80.27802293231252, 13.012874613672523], [80.2760824516439, 13.00815520719709], [80.27427578559906, 13.001880448424], [80.27352217980479, 12.999160331983772], [80.27256304384946, 12.995150585031523], [80.27094840734316, 12.988467754383409], [80.2702955139269, 12.98612944511785], [80.26883383861082, 12.980258401903766], [80.26762416772124, 12.975033680759793], [80.26706680531878, 12.974947618779119], [80.26708007200006, 12.97501395200004]]], [[[80.27837623400006, 13.014563139000071], [80.27851649246108, 13.015169877886542], [80.27851338478496, 13.015155685586477], [80.27822891805022, 13.013925662707951], [80.27837623400006, 13.014563139000071]]]]}}, {"id": "13", "type": "Feature", "properties": {"map_year": "2015-16", "lulc_group": "Water/Wetland", "lulc_class": "River / Stream / Canals", "LU_Webcode": "22"}, "geometry": {"type": "MultiPolygon", "coordinates": [[[[80.20536697300008, 13.026847365000036], [80.20782300200005, 13.026644573000056], [80.20906425200008, 13.026239839000027], [80.20930215600004, 13.026161332000074], [80.20969851900009, 13.02587719400003], [80.21044297900005, 13.025343518000057], [80.21096042700003, 13.02497257400006], [80.21144382600005, 13.023972848000028], [80.21162505400008, 13.022927793000063], [80.21174438000008, 13.022235665000037], [80.21196082700004, 13.020497930000031], [80.21277290600005, 13.019077923000056], [80.21317979900006, 13.01879377600005], [80.21434764100007, 13.01797445300002], [80.21702015900007, 13.017013393000072], [80.21952798000007, 13.016220680000062], [80.22057589600007, 13.016011025000065], [80.22137076300004, 13.015852868000021], [80.22296948800005, 13.01582114300004], [80.22551798700005, 13.017560612000068], [80.22578660100004, 13.017743943000026], [80.22706373400007, 13.018460016000061], [80.22815859400004, 13.018521123000026], [80.22949511400003, 13.018081196000026], [80.23006074000006, 13.016997261000027], [80.23010641700006, 13.01696227000002], [80.23105503000005, 13.016235586000048], [80.23256499000007, 13.016039519000056], [80.23408141500005, 13.016090790000021], [80.23519984100005, 13.017306087000064], [80.23600431100004, 13.019516578000033], [80.23678759900008, 13.020738793000016], [80.23727868300006, 13.021687313000026], [80.23792844200005, 13.022942314000035], [80.23864418600004, 13.024990734000026], [80.24000727900005, 13.025788583000063], [80.24073007300008, 13.025853393000036], [80.24228289800004, 13.025990210000032], [80.24371530100007, 13.026044252000075], [80.24504472400008, 13.025273343000034], [80.24595487700003, 13.024513340000055], [80.24791623500005, 13.021833384000047], [80.24916091800003, 13.02098285200003], [80.24921126700008, 13.020784836000075], [80.24939482300006, 13.020070732000022], [80.24962226100007, 13.018911288000025], [80.24999687000007, 13.01847707300004], [80.24999666900004, 13.017993609000028], [80.25003111400008, 13.018038620000027], [80.25004377000005, 13.017827677000069], [80.25014205000008, 13.017336277000025], [80.25027517200004, 13.017552943000055], [80.25042111900007, 13.017754466000044], [80.25059659100003, 13.018136834000073], [80.25060350400008, 13.018139382000072], [80.25218752900008, 13.019825602000026], [80.25218817100006, 13.019824924000034], [80.25231555500005, 13.019661049000034], [80.25235923800005, 13.019554192000042], [80.25157852300003, 13.01814890500003], [80.25068622500004, 13.016971071000055], [80.25064637700007, 13.016552672000046], [80.25069842000005, 13.016486218000068], [80.25084107400006, 13.016304477000059], [80.25098253700008, 13.016121576000044], [80.25112516000007, 13.01593980700005], [80.25126665000005, 13.015759202000025], [80.25140926400007, 13.015577413000072], [80.25158903800008, 13.015430409000034], [80.25173051800004, 13.015248655000047], [80.25194711400007, 13.01510135600006], [80.25216285800008, 13.014990262000028], [80.25238002500004, 13.014914107000038], [80.25255861900007, 13.014767100000029], [80.25273839300007, 13.014620094000065], [80.25291671800005, 13.014439194000031], [80.25302081400008, 13.014185433000023], [80.25308917000007, 13.01393417000003], [80.25326773500007, 13.013787143000057], [80.25352347600005, 13.013781916000028], [80.25377804600004, 13.013777813000045], [80.25389136200005, 13.01399047800004], [80.25389670600003, 13.014240079000047], [80.25375691300007, 13.014492989000075], [80.25357715300004, 13.014638875000056], [80.25339855200008, 13.014785873000049], [80.25322024100007, 13.014969041000027], [80.25315042200003, 13.015184161000036], [80.25312005600006, 13.015436260000056], [80.25326999000005, 13.015610258000038], [80.25377856100005, 13.015529772000036], [80.25399568200004, 13.01545252300002], [80.25424830300005, 13.015341114000023], [80.25449919100004, 13.015156319000024], [80.25467894300004, 13.015010432000054], [80.25468839200005, 13.015007590000037], [80.25493295900003, 13.014934026000047], [80.25518579700008, 13.01485652800005], [80.25540411200006, 13.014781511000024], [80.25562011700003, 13.014705380000064], [80.25583843400005, 13.014629242000069], [80.25634750200004, 13.014618796000034], [80.25660322400006, 13.014613535000025], [80.25685774700008, 13.014608311000075], [80.25711204500004, 13.014568055000037], [80.25733034200005, 13.014491907000036], [80.25754607200008, 13.014379662000065], [80.25780063400003, 13.014374445000044], [80.25805606300008, 13.014334162000068], [80.25830890600008, 13.014257781000024], [80.25845154500007, 13.014074868000023], [80.25866725600008, 13.013963761000067], [80.25888441900008, 13.013888750000033], [80.25917387700008, 13.013774819000048], [80.25939100900007, 13.013699815000052], [80.25960814700005, 13.013622574000063], [80.25986383100008, 13.013617311000074], [80.26015526600008, 13.013611815000043], [80.26044665700005, 13.013605181000058], [80.26073109400005, 13.013743173000021], [80.26092540100007, 13.013846814000031], [80.26118163200005, 13.013912733000039], [80.26137190700007, 13.013962268000059], [80.26143903100007, 13.013979743000048], [80.26165956400007, 13.014045920000058], [80.26180834900003, 13.014222179000056], [80.26199486200005, 13.014360891000022], [80.26221591400008, 13.014499360000062], [80.26243673000005, 13.014602798000054], [80.26265613100009, 13.014670102000027], [80.26284264500003, 13.014808803000049], [80.26309746100003, 13.01483859600006], [80.26335371100005, 13.014905612000064], [80.26361057600008, 13.014900372000056], [80.26386537100008, 13.014931276000029], [80.26415989700007, 13.015031907000036], [80.26445297900005, 13.01509755400002], [80.26463837200004, 13.015236254000058], [80.26485943600005, 13.01537470100004], [80.26515282900004, 13.015477616000057], [80.26533819400004, 13.015616343000032], [80.26555871100004, 13.015682498000045], [80.26585012100008, 13.015676997000071], [80.26610580500005, 13.015671727000036], [80.26636035500009, 13.015666493000028], [80.26661463400006, 13.01562510000002], [80.26683125600005, 13.01547782600005], [80.26712095500005, 13.015401149000068], [80.26733695700005, 13.015325018000052], [80.26759291600007, 13.01535590700007], [80.26785004200008, 13.015385650000042], [80.26810460200005, 13.015381534000026], [80.26835690300004, 13.015232869000043], [80.26853548700008, 13.015085834000047], [80.26871524800003, 13.014939938000055], [80.26889240200006, 13.014756807000023], [80.26907188800004, 13.014574741000045], [80.26928902100008, 13.014498601000069], [80.26954303100007, 13.014422220000029], [80.26972165000006, 13.014275183000052], [80.26997590500008, 13.014234934000056], [80.27023187900005, 13.014264673000069], [80.27057545800005, 13.014454216000049], [80.27086686300004, 13.014601167000025], [80.27121491600008, 13.014774844000042], [80.27219080000003, 13.014946185000042], [80.27264319200003, 13.015054702000043], [80.27297351300007, 13.015168628000026], [80.27336882400004, 13.01549442200007], [80.27366549300007, 13.015726073000055], [80.27406008500003, 13.015957005000075], [80.27435184700005, 13.015997805000039], [80.27445500000005, 13.016234240000074], [80.27450752100003, 13.016472193000025], [80.27456267300005, 13.01675756100008], [80.27466469400008, 13.016992893000067], [80.27476785900006, 13.01722935600003], [80.27487024300007, 13.01751323800005], [80.27497226700007, 13.017749708000052], [80.27512382400005, 13.01798467800006], [80.27522584800005, 13.018221122000057], [80.27537740400004, 13.018456091000076], [80.27547827700006, 13.01869257000004], [80.27558144500006, 13.018929022000066], [80.27563394500004, 13.019166966000057], [80.27563921600006, 13.019404128000076], [80.27564448700008, 13.019642418000046], [80.27550310900006, 13.019835507000037], [80.27535872300007, 13.019934845000023], [80.27521734600003, 13.020127887000058], [80.27483257500006, 13.020278686000038], [80.27472037500007, 13.020521215000029], [80.27497079900007, 13.020578147000037], [80.27489561400006, 13.020992080000045], [80.27446282900007, 13.021191792000025], [80.27393403100007, 13.021489357000062], [80.27359801000006, 13.021686102000048], [80.27307049800004, 13.021938557000055], [80.27297242100008, 13.021985494000035], [80.27258836800007, 13.022231178000027], [80.27227945100003, 13.02235541600004], [80.27196244700008, 13.022481981000057], [80.27154569300006, 13.02290782800003], [80.27153378200006, 13.022919998000075], [80.27090023200003, 13.022997787000063], [80.26995967600004, 13.023224643000047], [80.26964560000005, 13.023226939000038], [80.26910280300007, 13.023053930000062], [80.26896926300003, 13.023052840000046], [80.26877639900005, 13.02305246700007], [80.26872504300007, 13.023052367000044], [80.26852159100008, 13.023051963000054], [80.26837838700004, 13.022869702000035], [80.26807798000006, 13.02256929600003], [80.26760591100003, 13.02183973500007], [80.26696218100005, 13.02059519000005], [80.26691376100007, 13.020539320000067], [80.26697904000008, 13.020508720000063], [80.26709366500006, 13.020454990000074], [80.26708789300005, 13.020443484000053], [80.26698019500003, 13.020228786000075], [80.26683473600008, 13.020036683000054], [80.26678571500008, 13.019798721000026], [80.26678619100005, 13.01955925000004], [80.26707922900005, 13.019464476000051], [80.26747032800006, 13.019084345000065], [80.26766586500008, 13.018893157000036], [80.26790246300004, 13.01880107200003], [80.26752048500003, 13.01855876500002], [80.26722823000006, 13.018606065000032], [80.26683805100004, 13.01865182900002], [80.26649655800009, 13.018889272000024], [80.2662535730001, 13.018746460000044], [80.26601138700005, 13.018410478000021], [80.26586260000005, 13.018840799000033], [80.26566720400007, 13.019508662000021], [80.26547180700004, 13.019412963000036], [80.26518054200007, 13.018982436000044], [80.26518081400008, 13.018714743000034], [80.26498632400006, 13.018742135000021], [80.26474333200008, 13.018598212000029], [80.26462434300004, 13.018586124000024], [80.26425564300007, 13.018548670000028], [80.26401173800008, 13.018740196000069], [80.26362098700008, 13.01916777300005], [80.26357090000005, 13.019551061000072], [80.26361959500008, 13.019742732000054], [80.26375828200008, 13.020256793000046], [80.26418147900006, 13.02031358800002], [80.26444560800007, 13.020508206000041], [80.26488475200006, 13.020080284000075], [80.26532323500004, 13.020177626000077], [80.26546819800006, 13.020606924000047], [80.26536934800004, 13.020940886000062], [80.26523224600004, 13.021241204000034], [80.2654914380001, 13.021394059000045], [80.26570131200003, 13.021575514000062], [80.26588140600006, 13.021715560000072], [80.26592150700003, 13.021746742000056], [80.26609859300004, 13.02168546100006], [80.26618970400006, 13.021796820000075], [80.26745172800008, 13.022979966000037], [80.26737599700004, 13.023047552000035], [80.26738218000008, 13.023084853000055], [80.26744239000004, 13.02344806200006], [80.26786445500005, 13.023956654000074], [80.26810303400003, 13.024124351000069], [80.26869135400005, 13.02422734500004], [80.26916331900003, 13.024333502000045], [80.26963370300007, 13.024382012000045], [80.27016126200004, 13.024371382000023], [80.27057131400005, 13.024362711000038], [80.27099633700004, 13.024204851000038], [80.27156154600004, 13.02399629000007], [80.27236756200006, 13.023642484000046], [80.27312969400003, 13.02327430300005], [80.27335428200007, 13.023130450000052], [80.27359170500006, 13.022978375000037], [80.27382869900003, 13.022937100000036], [80.27415011700003, 13.022880461000057], [80.27454429800008, 13.022811000000047], [80.27497821900005, 13.022612407000056], [80.27533374400008, 13.022249478000047], [80.27564618000008, 13.021978351000028], [80.27588205800005, 13.021640013000022], [80.27588692800003, 13.021636378000037], [80.27622494200006, 13.021551875000057], [80.27624873600008, 13.021528080000053], [80.27627253100007, 13.02148049100003], [80.27636770900006, 13.021456696000028], [80.27643909300008, 13.021385312000062], [80.27648668200004, 13.021385313000053], [80.27651047700004, 13.021361518000047], [80.27655806700007, 13.021337723000045], [80.27662945100008, 13.021266339000023], [80.27665324600008, 13.021242545000062], [80.27667703900005, 13.021194955000054], [80.27670083400005, 13.021171160000053], [80.27672462800007, 13.021147367000026], [80.27679601200003, 13.021147366000033], [80.27686739600006, 13.021123572000022], [80.27691453100005, 13.021076437000032], [80.27691498600007, 13.021075983000056], [80.27693878000008, 13.021052188000054], [80.27698636900004, 13.021004598000049], [80.27698637000003, 13.020957009000028], [80.27701016400005, 13.02093321500007], [80.27703395900005, 13.020861831000046], [80.27703395900005, 13.020814242000027], [80.27705775300007, 13.020766652000077], [80.27705775300007, 13.020719063000056], [80.27708154800007, 13.020671474000034], [80.27708154800007, 13.020600090000073], [80.27708154800007, 13.020552501000054], [80.27710534300007, 13.02048111800008], [80.27710534200008, 13.02043352800007], [80.27712913700003, 13.020385938000063], [80.27712913700003, 13.020314555000024], [80.27712913700003, 13.02024317100006], [80.27712913800008, 13.020171788000027], [80.27715293200004, 13.02014799300002], [80.27715293200004, 13.020100403000072], [80.27715293300008, 13.020052814000056], [80.27715293200004, 13.019981430000032], [80.27715293300008, 13.019933840000022], [80.27720052100005, 13.019886252000047], [80.27720052100005, 13.01983866300003], [80.27720052100005, 13.019791074000068], [80.27720052100005, 13.019743484000061], [80.27720052100005, 13.019672100000037], [80.27720052100005, 13.019624511000073], [80.27720052200004, 13.019576922000054], [80.27720052100005, 13.019505538000033], [80.27720052100005, 13.019434154000068], [80.27720052100005, 13.019362771000031], [80.27720052100005, 13.019315182000073], [80.27720052000006, 13.01926759200006], [80.27717672600005, 13.019243798000048], [80.27717672700004, 13.019172414000023], [80.27717672600005, 13.019124824000073], [80.27712913800008, 13.019101030000057], [80.27712913700003, 13.019053440000048], [80.27712913700003, 13.019005851000031], [80.27712913800008, 13.018958261000023], [80.27712913700003, 13.018910673000049], [80.27710534200008, 13.018863084000028], [80.27710534300007, 13.018815494000025], [80.27708154800007, 13.018767905000061], [80.27708154800007, 13.018720316000042], [80.27708154800007, 13.018672727000022], [80.27705775300007, 13.018625137000068], [80.27705775400005, 13.018577548000053], [80.27705775300007, 13.018529959000032], [80.27705775300007, 13.018482370000068], [80.27703395900005, 13.018434780000064], [80.27703395900005, 13.018387192000034], [80.27701016400005, 13.018363397000032], [80.27701016400005, 13.018292013000062], [80.27698637000003, 13.018268218000062], [80.27696257500008, 13.018220629000039], [80.27696257500008, 13.01817304000002], [80.27696257500008, 13.01812545000007], [80.27693878000008, 13.01807786200004], [80.27693878000008, 13.018030272000031], [80.27691498500008, 13.01800647800007], [80.27691498600007, 13.017958889000058], [80.27691498600007, 13.017911300000037], [80.27689119100006, 13.017887505000031], [80.27689119100006, 13.017839915000021], [80.27689119100006, 13.017792327000052], [80.27689119100006, 13.017744737000044], [80.27689119200005, 13.017673353000076], [80.27689119100006, 13.017625764000059], [80.27686739700005, 13.017601969000053], [80.27684360200004, 13.017554380000036], [80.27684360200004, 13.017506791000075], [80.27681980700004, 13.01748299600007], [80.27681980800008, 13.017435407000049], [80.27681980700004, 13.01736402300003], [80.27679601300008, 13.017340229000068], [80.27679601300008, 13.017292640000049], [80.27677221800008, 13.01722125600003], [80.27677221800008, 13.017173667000066], [80.27674842300007, 13.01714987100007], [80.27674842300007, 13.01710228300004], [80.27672462800007, 13.017054693000034], [80.27670083300006, 13.01700710400007], [80.27670083400005, 13.016959515000051], [80.27667704000004, 13.016911926000034], [80.27665324500003, 13.016864337000072], [80.27665324500003, 13.01681674700006], [80.27662945000003, 13.016769158000043], [80.27660565600007, 13.016673980000064], [80.27660565600007, 13.016602596000038], [80.27660565600007, 13.016531212000071], [80.27658186000008, 13.016507418000057], [80.27658186100007, 13.016493127000047], [80.27658186100007, 13.01645982800005], [80.27658186100007, 13.016412239000031], [80.27658186100007, 13.016364650000073], [80.27658186200006, 13.01631706100005], [80.27658186100007, 13.016269471000044], [80.27658186100007, 13.016221882000027], [80.27658186100007, 13.01615049800006], [80.27660565500008, 13.016126703000053], [80.27660565600007, 13.016079114000034], [80.27662945000003, 13.016031525000075], [80.27665324500003, 13.015983936000055], [80.27667703900005, 13.015936346000045], [80.27670083400005, 13.01588875800007], [80.27672462800007, 13.015841168000065], [80.27674842400006, 13.015817374000049], [80.27675232600006, 13.015809568000062], [80.27670352700005, 13.015763693000054], [80.27674601800004, 13.015726216000076], [80.27720586300006, 13.01532061500006], [80.27719834600003, 13.01493888800007], [80.27713640700006, 13.014367773000062], [80.27693045700005, 13.013799992000031], [80.27692330100007, 13.01346680500006], [80.27686932600005, 13.013182559000027], [80.27689630900005, 13.013153912000064], [80.27676104200003, 13.013131368000076], [80.27623756000008, 13.012703065000037], [80.27595202600008, 13.012084405000051], [80.27595202500004, 13.011370566000037], [80.27596157400006, 13.011290351000069], [80.27608551200007, 13.01024919500003], [80.27587127700008, 13.010254164000058], [80.27565074800003, 13.010185759000022], [80.27535793700008, 13.01015624800004], [80.27506651600004, 13.01016178800006], [80.27497469800005, 13.010163683000032], [80.27487996800005, 13.010334200000043], [80.27465691500005, 13.010735693000072], [80.27389548700006, 13.011354353000058], [80.27123049100004, 13.011782657000026], [80.27036589300008, 13.011678907000032], [80.27043401200007, 13.011758976000069], [80.27044521300007, 13.011779668000033], [80.27054851500003, 13.01197049900003], [80.27036876500006, 13.012116399000034], [80.27007710600003, 13.01208802800005], [80.26982140500007, 13.012093285000049], [80.26956713300007, 13.012133547000076], [80.26946260400007, 13.012192042000038], [80.26925627000008, 13.012307508000049], [80.26905858400005, 13.012215203000041], [80.26865749000007, 13.012187631000073], [80.26840064000005, 13.01219288800007], [80.26818126900008, 13.012126735000042], [80.26799589500007, 13.01198687400006], [80.26748681500004, 13.01199736800004], [80.26722798000003, 13.011894205000033], [80.26697006200004, 13.011757166000052], [80.26678468600005, 13.01161730100006], [80.26663477000005, 13.011443319000023], [80.26652310900005, 13.011301814000033], [80.26673997400007, 13.011189535000028], [80.26678182100005, 13.011160927000047], [80.26687968900006, 13.011094024000045], [80.26693452200004, 13.011056542000064], [80.26403059100005, 13.010856270000032], [80.26286465600003, 13.010451761000068], [80.26112764900006, 13.010737297000048], [80.25988105300007, 13.010818245000051], [80.25969365100008, 13.010760753000055], [80.25954487800004, 13.010585640000045], [80.25939352000006, 13.010374364000027], [80.25928692800005, 13.010139056000073], [80.25909106200004, 13.01013482500002], [80.25865884200005, 13.010102939000033], [80.25836744500003, 13.010108468000055], [80.25803917200005, 13.010115357000073], [80.25778462400007, 13.010120591000028], [80.25749322800004, 13.010126103000061], [80.25698185000005, 13.010136576000036], [80.25672758500008, 13.010177960000021], [80.25647303600005, 13.010183203000054], [80.25618191400008, 13.010224844000046], [80.25589219400007, 13.010302628000032], [80.25567504900005, 13.010378748000052], [80.25545817100004, 13.010489899000046], [80.25524271500007, 13.010637155000035], [80.25502697500008, 13.010748288000055], [80.25480868700004, 13.010825553000076], [80.25466747600007, 13.011042330000066], [80.25448887700009, 13.011188227000048], [80.25427342000006, 13.011336602000029], [80.25405796100006, 13.011483906000025], [80.25387818300004, 13.011629793000052], [80.25366132100004, 13.011740915000074], [80.25344703100006, 13.01188929800003], [80.25319467600008, 13.012036840000066], [80.25305205500007, 13.012218620000054], [80.25291058800008, 13.012400364000026], [80.25269345000004, 13.012476490000038], [80.25247654700007, 13.012588750000075], [80.25229796500008, 13.012735775000063], [80.25208108200007, 13.012846895000052], [80.25190246100006, 13.01299278300007], [80.25154296400007, 13.013286812000047], [80.25136435100006, 13.013433819000056], [80.25118574100003, 13.013579694000041], [80.25096887600006, 13.013690842000074], [80.25075170600007, 13.013768069000037], [80.25049993100004, 13.013986782000075], [80.25021357500003, 13.014208001000041], [80.25000569700006, 13.014289684000062], [80.24970460500003, 13.014480981000075], [80.24961361200008, 13.014538790000074], [80.24917235700008, 13.015450979000038], [80.24902128100007, 13.014695607000021], [80.24887969800005, 13.012235599000062], [80.24856442500004, 13.006757726000043], [80.24850731800007, 13.00253180200002], [80.24903896000008, 12.99881030600005], [80.24902738900005, 12.998798660000036], [80.24972500600006, 12.996686954000035], [80.25156908900004, 12.991184450000048], [80.25284804900008, 12.985979379000073], [80.25353214400008, 12.983629662000054], [80.25402839700007, 12.981509311000023], [80.25418649500007, 12.980833795000022], [80.25421623900007, 12.977353833000048], [80.25410731777345, 12.975875626496299], [80.2540978938028, 12.975876001975962], [80.25397426233494, 12.975881758438732], [80.25379828000007, 12.975889970000026], [80.25374034700008, 12.975897027000032], [80.25374034700008, 12.981012254000062], [80.25368880200006, 12.981207391000057], [80.25290753500008, 12.98416504100004], [80.25118242700006, 12.990827531000036], [80.24999850100006, 12.99423723700005], [80.24999849500006, 12.994315524000056], [80.24995278300008, 12.994368903000064], [80.24982720000008, 12.99451555200005], [80.24928166400008, 12.99488434400007], [80.24919193900007, 12.995204671000065], [80.24919417300003, 12.99531412900006], [80.24919922200007, 12.995561543000067], [80.24914911500008, 12.996099605000039], [80.24880454600003, 12.997000112000023], [80.24869338700006, 12.997539697000034], [80.24865230100005, 12.998421120000042], [80.24870866900005, 12.998477857000065], [80.24765071200005, 13.001903624000022], [80.24776492500007, 13.004416336000073], [80.24799335400007, 13.006986153000069], [80.24826514200004, 13.01140270900004], [80.24845021000004, 13.014410072000032], [80.24884421100006, 13.016129341000067], [80.24816273900007, 13.01753810900004], [80.24712165100004, 13.020035207000038], [80.24707007700005, 13.021603412000049], [80.24435434200007, 13.024462768000035], [80.24260153300008, 13.025158793000056], [80.24125615500003, 13.025185427000052], [80.24020370200003, 13.02469631300005], [80.23996437300008, 13.024297431000033], [80.23731110800009, 13.018347685000036], [80.23619530700006, 13.01584558700006], [80.23476763100007, 13.01413237400004], [80.23313825600007, 13.013674112000048], [80.23309226600009, 13.01382855500003], [80.23176347300006, 13.013910356000055], [80.23118194700004, 13.014252256000077], [80.22905178100007, 13.017018033000054], [80.22771879200008, 13.017622840000056], [80.22653101000003, 13.01715125800007], [80.22456358000005, 13.015623403000065], [80.22345461100008, 13.014903849000063], [80.22219510800005, 13.015011095000034], [80.21992370500004, 13.015056651000066], [80.21976765000005, 13.015095356000074], [80.21774809600004, 13.015596231000073], [80.21574654600005, 13.016461035000077], [80.21273947500005, 13.017511413000022], [80.21250693700006, 13.017690415000061], [80.21174515800004, 13.018276411000047], [80.21119875600006, 13.020264981000025], [80.21115141200005, 13.02055901700004], [80.21075002500004, 13.022997258000032], [80.21010898700007, 13.024496240000076], [80.20947469800007, 13.024896475000046], [80.20902993800007, 13.025177116000068], [80.20669188600004, 13.026048761000027], [80.20375996100006, 13.026685085000054], [80.20312540600008, 13.026872581000076], [80.20308041700008, 13.026824689000025], [80.20302320400003, 13.026862832000063], [80.20186675814847, 13.027117249927391], [80.20182671812859, 13.027177130220421], [80.20179698336183, 13.027191846862433], [80.20178607300005, 13.027197251000075], [80.20177765109608, 13.027201414989763], [80.20177181361834, 13.027204304135353], [80.20079716795499, 13.02751273112767], [80.20069764580768, 13.027532194347241], [80.20069758700004, 13.027532207000034], [80.20068047855385, 13.02753555169071], [80.19947462225605, 13.027771377047486], [80.19944104852415, 13.027775522106124], [80.19936534400006, 13.027784877000046], [80.19882511000003, 13.027818566000064], [80.19850137902283, 13.027838753367385], [80.1984073482206, 13.027844617834885], [80.19787619962699, 13.02783572623781], [80.19634811775549, 13.02746465645284], [80.19620635000007, 13.027430231000041], [80.1962061848438, 13.027430190357801], [80.1960430557425, 13.027390577113463], [80.19536261303585, 13.02721409668533], [80.19535805200007, 13.027212916000053], [80.19533980938343, 13.027208182302966], [80.19402615428368, 13.026867471156892], [80.1919451689139, 13.025283836329367], [80.19259016500007, 13.02589377700002], [80.19451068100005, 13.027709920000062], [80.19760398100004, 13.028394015000059], [80.20093522600007, 13.028066839000074], [80.20536697300008, 13.026847365000036]], [[80.26310668400004, 13.011644102000044], [80.26333940400008, 13.011799414000048], [80.26360835900005, 13.011872012000026], [80.26388624100008, 13.01190613700004], [80.26416517300004, 13.01192669900007], [80.26444513600006, 13.011931431000052], [80.26472507400007, 13.011933915000041], [80.26500517200003, 13.011955590000067], [80.26528193500008, 13.011994242000068], [80.26555980500007, 13.012027237000039], [80.26583982900007, 13.012039877000062], [80.26606604400007, 13.01209696400002], [80.26625169500005, 13.012272951000055], [80.26643705700008, 13.012411670000063], [80.26665956500005, 13.012586256000077], [80.26688178400008, 13.012724699000044], [80.26717488200006, 13.012790334000044], [80.26750483600006, 13.012855703000069], [80.26763256600003, 13.012894231000075], [80.26772421200008, 13.012921876000066], [80.26794475100007, 13.012989178000057], [80.26816583000004, 13.013127628000062], [80.26835120800007, 13.013267469000029], [80.26860717600005, 13.013298354000026], [80.26893543900007, 13.013291440000044], [80.26899684600005, 13.01329858100007], [80.26912723800007, 13.013313744000074], [80.26919139000006, 13.013321204000023], [80.26944594100009, 13.013315950000049], [80.26959614600008, 13.013527211000053], [80.26956579800003, 13.013778196000032], [80.26938747900005, 13.013961357000026], [80.26920773800003, 13.014107252000027], [80.26899201700009, 13.014219526000034], [80.26870114600007, 13.01429619800007], [80.26841117000004, 13.014337851000052], [80.26819599000004, 13.014521290000063], [80.26801821600004, 13.014774476000067], [80.26783960600005, 13.014921496000056], [80.26754962200005, 13.014963146000069], [80.26725709000004, 13.01496979600006], [80.26700111600007, 13.014938906000056], [80.26681688600007, 13.014799043000039], [80.26659492800007, 13.01469675000004], [80.26640786100006, 13.01448575300003], [80.26625793600004, 13.014310641000062], [80.26574883200004, 13.014321120000034], [80.26549286500006, 13.014290241000028], [80.26523546000004, 13.014223204000075], [80.26501467300005, 13.014120882000041], [80.26482902700008, 13.013946029000065], [80.26464364100008, 13.013806195000027], [80.26445802400009, 13.013632459000066], [80.26416268100007, 13.013423390000073], [80.26394073200004, 13.013321075000023], [80.26372132900008, 13.013252649000036], [80.26349937400005, 13.013150355000045], [80.26320770700005, 13.013120837000029], [80.26295005700007, 13.013018802000031], [80.26269354000004, 13.012916733000054], [80.26247160400004, 13.01281443700003], [80.26221339600005, 13.012641232000021], [80.26195573400008, 13.01253919100003], [80.26169664700006, 13.012401007000047], [80.26151244200008, 13.012262279000026], [80.26154279700006, 13.012010170000053], [80.26171935300005, 13.011890106000067], [80.26175939000007, 13.011862878000043], [80.26199626600004, 13.011825216000034], [80.26201252000004, 13.011822630000035], [80.26226821100005, 13.011817385000029], [80.26248536400004, 13.011741251000046], [80.26270250900006, 13.011666244000027], [80.26310668400004, 13.011644102000044]]]]}}, {"id": "14", "type": "Feature", "properties": {"map_year": "2015-16", "lulc_group": "Water/Wetland", "lulc_class": "Waterbodies", "LU_Webcode": "23"}, "geometry": {"type": "MultiPolygon", "coordinates": [[[[80.23068048900006, 13.005422141000054], [80.23041280000007, 13.005541114000039], [80.23044254300004, 13.00574931600005], [80.23044254400008, 13.005987262000076], [80.23062100300007, 13.006135979000021], [80.23085894900004, 13.006165722000048], [80.23112663800005, 13.00613597900002], [80.23124561100009, 13.005957519000047], [80.23127535500004, 13.00571957300002], [80.23112663800005, 13.005541114000039], [80.23088869300005, 13.005451883000037], [80.23068048900006, 13.005422141000054]]]]}}, {"id": "15", "type": "Feature", "properties": {"map_year": "2015-16", "lulc_group": "Agriculture", "lulc_class": "Plantation", "LU_Webcode": "5"}, "geometry": {"type": "MultiPolygon", "coordinates": [[[[80.27373747400003, 13.004822282000076], [80.27379152000005, 13.005039545000047], [80.27387085100008, 13.005324734000054], [80.27394877800003, 13.005573801000024], [80.27402785500004, 13.005821712000056], [80.27410584400008, 13.00601411000002], [80.27414290500008, 13.006105540000018], [80.27425651800007, 13.006353197000067], [80.27433587300004, 13.006638388000056], [80.27425233900004, 13.007015138000039], [80.27449483700008, 13.007242661000078], [80.27464701900004, 13.00756122200005], [80.27479837000004, 13.00777247800005], [80.27491369800003, 13.008092419000038], [80.27506756700006, 13.008482116000039], [80.27514834000004, 13.008802310000023], [80.27526536100004, 13.009193424000044], [80.27541896400004, 13.009548099000027], [80.27575426500005, 13.009861940000064], [80.27581774600003, 13.009906877000049], [80.27604960000008, 13.01007099800006], [80.27611232200007, 13.009815991000037], [80.27571257300008, 13.009316304000038], [80.27449904800005, 13.00608975500006], [80.27414520700006, 13.00485003900007], [80.27373747400003, 13.004822282000076]]]]}}, {"id": "16", "type": "Feature", "properties": {"map_year": "2015-16", "lulc_group": "Water/Wetland", "lulc_class": "Waterbodies", "LU_Webcode": "23"}, "geometry": {"type": "MultiPolygon", "coordinates": [[[[80.22358136700007, 13.007875365000071], [80.22348143000005, 13.007918195000059], [80.22339577000008, 13.007975303000023], [80.22332438500007, 13.008046686000055], [80.22323872500004, 13.008103793000032], [80.22308168000006, 13.008203730000048], [80.22310925600004, 13.00827726600005], [80.22316734200007, 13.008432159000055], [80.22316734100008, 13.008546373000058], [80.22321017100006, 13.008646310000072], [80.22326727800004, 13.008746248000023], [80.22332438500007, 13.00884618500004], [80.22341004600008, 13.008903292000074], [80.22350998400003, 13.008917569000062], [80.22360992100005, 13.008931846000054], [80.22370985800006, 13.008946123000044], [80.22382407200007, 13.008946123000044], [80.22393828700007, 13.00890329200007], [80.22402394700003, 13.008831908000047], [80.22408105400007, 13.008746248000019], [80.22413816100004, 13.008660587000064], [80.22419526900006, 13.008560650000048], [80.22423809800006, 13.008460712000042], [80.22425237600004, 13.008360775000027], [80.22425237600004, 13.008260837000021], [80.22425237600004, 13.008160900000066], [80.22418099200007, 13.008075239000048], [80.22410960900004, 13.008003856000073], [80.22399539400004, 13.007946748000046], [80.2238954570001, 13.007918195000059], [80.22379551900008, 13.007875365000077], [80.22368130500008, 13.007875365000073], [80.22358136700007, 13.007875365000071]]]]}}, {"id": "17", "type": "Feature", "properties": {"map_year": "2015-16", "lulc_group": "Barren/Open", "lulc_class": "Scrub land", "LU_Webcode": "16"}, "geometry": {"type": "MultiPolygon", "coordinates": [[[[80.27007710600003, 13.01208802800005], [80.27036876500006, 13.012116399000034], [80.27054851500003, 13.01197049900003], [80.27044521300007, 13.011779668000033], [80.27043401200007, 13.011758976000069], [80.27036589300008, 13.011678907000032], [80.27028406800008, 13.01158272800006], [80.27016550800005, 13.011442401000066], [80.26987566300005, 13.011198278000048], [80.26961799600008, 13.011096240000027], [80.26957381600005, 13.010738492000028], [80.26939407700007, 13.010885508000056], [80.26910266900006, 13.010891032000073], [80.26881099900004, 13.010861532000034], [80.26859019800008, 13.010759230000076], [80.26829880200006, 13.010764738000034], [80.26821287500007, 13.010766696000076], [80.26800741000005, 13.010771384000066], [80.26775170200006, 13.01077550700006], [80.26742345000008, 13.010782422000032], [80.26717230200006, 13.010931096000034], [80.26695542500005, 13.01104225000006], [80.26740593800008, 13.011354172000042], [80.26744044300005, 13.011368289000073], [80.26780664000006, 13.011518096000028], [80.26826198200007, 13.011718447000023], [80.26877196700008, 13.011882370000023], [80.26946260400007, 13.012192042000038], [80.26956713300007, 13.012133547000076], [80.26982140500007, 13.012093285000049], [80.27007710600003, 13.01208802800005]]]]}}, {"id": "18", "type": "Feature", "properties": {"map_year": "2015-16", "lulc_group": "Water/Wetland", "lulc_class": "River / Stream / Canals", "LU_Webcode": "22"}, "geometry": {"type": "MultiPolygon", "coordinates": [[[[80.27747380800008, 13.012994022000042], [80.27773698800007, 13.01291413300004], [80.27771772900007, 13.012653358000023], [80.27756965500004, 13.012420632000042], [80.27740667400008, 13.012198165000028], [80.27731488500008, 13.01194017000006], [80.27727130900007, 13.011668276000023], [80.27761164700007, 13.011886036000021], [80.27686154300005, 13.010054225000031], [80.27685622100006, 13.010561550000036], [80.27680863200004, 13.010989853000067], [80.27673554400008, 13.011282204000056], [80.27671345300007, 13.011370566000037], [80.27666586300006, 13.011798870000064], [80.27680863100005, 13.012274762000061], [80.27695139900004, 13.012703064000053], [80.27701612700008, 13.013026701000058], [80.27702358500005, 13.01301878200007], [80.27727954100004, 13.013048516000023], [80.27747380800008, 13.012994022000042]]]]}}, {"id": "19", "type": "Feature", "properties": {"map_year": "2015-16", "lulc_group": "Agriculture", "lulc_class": "Crop land", "LU_Webcode": "4"}, "geometry": {"type": "MultiPolygon", "coordinates": [[[[80.26877196700008, 13.011882370000023], [80.26826198200007, 13.011718447000023], [80.26780664000006, 13.011518096000028], [80.26744044300005, 13.011368289000073], [80.26740593800008, 13.011354172000042], [80.26695542500005, 13.01104225000006], [80.26693452200004, 13.011056542000064], [80.26687968900006, 13.011094024000045], [80.26678182100005, 13.011160927000047], [80.26673997400007, 13.011189535000028], [80.26652310900005, 13.011301814000033], [80.26663477000005, 13.011443319000023], [80.26678468600005, 13.01161730100006], [80.26697006200004, 13.011757166000052], [80.26722798000003, 13.011894205000033], [80.26748681500004, 13.01199736800004], [80.26799589500007, 13.01198687400006], [80.26818126900008, 13.012126735000042], [80.26840064000005, 13.01219288800007], [80.26865749000007, 13.012187631000073], [80.26905858400005, 13.012215203000041], [80.26925627000008, 13.012307508000049], [80.26946260400007, 13.012192042000038], [80.26877196700008, 13.011882370000023]]]]}}, {"id": "20", "type": "Feature", "properties": {"map_year": "2015-16", "lulc_group": "Barren/Open", "lulc_class": "Scrub land", "LU_Webcode": "16"}, "geometry": {"type": "MultiPolygon", "coordinates": [[[[80.26944594100009, 13.013315950000049], [80.26919139000006, 13.013321204000023], [80.26912723800007, 13.013313744000074], [80.26899684600005, 13.01329858100007], [80.26893543900007, 13.013291440000044], [80.26860717600005, 13.013298354000026], [80.26835120800007, 13.013267469000029], [80.26816583000004, 13.013127628000062], [80.26794475100007, 13.012989178000057], [80.26772421200008, 13.012921876000066], [80.26763256600003, 13.012894231000075], [80.26750483600006, 13.012855703000069], [80.26717488200006, 13.012790334000044], [80.26688178400008, 13.012724699000044], [80.26665956500005, 13.012586256000077], [80.26643705700008, 13.012411670000063], [80.26625169500005, 13.012272951000055], [80.26606604400007, 13.01209696400002], [80.26583982900007, 13.012039877000062], [80.26555980500007, 13.012027237000039], [80.26528193500008, 13.011994242000068], [80.26500517200003, 13.011955590000067], [80.26472507400007, 13.011933915000041], [80.26444513600006, 13.011931431000052], [80.26416517300004, 13.01192669900007], [80.26388624100008, 13.01190613700004], [80.26360835900005, 13.011872012000026], [80.26333940400008, 13.011799414000048], [80.26310668400004, 13.011644102000044], [80.26270250900006, 13.011666244000027], [80.26248536400004, 13.011741251000046], [80.26226821100005, 13.011817385000029], [80.26201252000004, 13.011822630000035], [80.26199626600004, 13.011825216000034], [80.26175939000007, 13.011862878000043], [80.26201767800006, 13.012054186000059], [80.26268797400007, 13.012550665000047], [80.26499807400006, 13.013297363000047], [80.26602478400008, 13.013577376000057], [80.26653813900003, 13.013857388000075], [80.26679481800005, 13.014137401000026], [80.26709816400006, 13.014277407000064], [80.26763485400005, 13.014300740000069], [80.26841117000004, 13.014337851000052], [80.26870114600007, 13.01429619800007], [80.26899201700009, 13.014219526000034], [80.26920773800003, 13.014107252000027], [80.26938747900005, 13.013961357000026], [80.26956579800003, 13.013778196000032], [80.26959614600008, 13.013527211000053], [80.26944594100009, 13.013315950000049]]]]}}, {"id": "21", "type": "Feature", "properties": {"map_year": "2015-16", "lulc_group": "Agriculture", "lulc_class": "Crop land", "LU_Webcode": "4"}, "geometry": {"type": "MultiPolygon", "coordinates": [[[[80.26709816400006, 13.014277407000064], [80.26679481800005, 13.014137401000026], [80.26653813900003, 13.013857388000075], [80.26602478400008, 13.013577376000057], [80.26499807400006, 13.013297363000047], [80.26268797400007, 13.012550665000047], [80.26201767800006, 13.012054186000059], [80.26175939000007, 13.011862878000043], [80.26171935300005, 13.011890106000067], [80.26154279700006, 13.012010170000053], [80.26151244200008, 13.012262279000026], [80.26169664700006, 13.012401007000047], [80.26195573400008, 13.01253919100003], [80.26221339600005, 13.012641232000021], [80.26247160400004, 13.01281443700003], [80.26269354000004, 13.012916733000054], [80.26295005700007, 13.013018802000031], [80.26320770700005, 13.013120837000029], [80.26349937400005, 13.013150355000045], [80.26372132900008, 13.013252649000036], [80.26394073200004, 13.013321075000023], [80.26416268100007, 13.013423390000073], [80.26445802400009, 13.013632459000066], [80.26464364100008, 13.013806195000027], [80.26482902700008, 13.013946029000065], [80.26501467300005, 13.014120882000041], [80.26523546000004, 13.014223204000075], [80.26549286500006, 13.014290241000028], [80.26574883200004, 13.014321120000034], [80.26625793600004, 13.014310641000062], [80.26640786100006, 13.01448575300003], [80.26659492800007, 13.01469675000004], [80.26681688600007, 13.014799043000039], [80.26700111600007, 13.014938906000056], [80.26725709000004, 13.01496979600006], [80.26754962200005, 13.014963146000069], [80.26783960600005, 13.014921496000056], [80.26801821600004, 13.014774476000067], [80.26819599000004, 13.014521290000063], [80.26841117000004, 13.014337851000052], [80.26763485400005, 13.014300740000069], [80.26709816400006, 13.014277407000064]]]]}}, {"id": "22", "type": "Feature", "properties": {"map_year": "2015-16", "lulc_group": "Agriculture", "lulc_class": "Crop land", "LU_Webcode": "4"}, "geometry": {"type": "MultiPolygon", "coordinates": [[[[80.27757768100008, 13.013766216000022], [80.27818803600007, 13.013737151000042], [80.27813275200003, 13.013448902000047], [80.27802717200007, 13.012899585000069], [80.27781823500004, 13.012390575000039], [80.27761164700007, 13.011886036000021], [80.27727130900007, 13.011668276000023], [80.27731488500008, 13.01194017000006], [80.27740667400008, 13.012198165000028], [80.27756965500004, 13.012420632000042], [80.27771772900007, 13.012653358000023], [80.27773698800007, 13.01291413300004], [80.27747380800008, 13.012994022000042], [80.27727954100004, 13.013048516000023], [80.27702358500005, 13.01301878200007], [80.27701612700008, 13.013026701000058], [80.27704657700008, 13.013178956000049], [80.27689630900005, 13.013153912000064], [80.27686932600005, 13.013182559000027], [80.27692330100007, 13.01346680500006], [80.27693045700005, 13.013799992000031], [80.27713640700006, 13.014367773000062], [80.27719834600003, 13.01493888800007], [80.27720586300006, 13.01532061500006], [80.27674601800004, 13.015726216000076], [80.27670352700005, 13.015763693000054], [80.27675232600006, 13.015809568000062], [80.27696343300005, 13.016008027000051], [80.27713552600005, 13.016215712000076], [80.27728218400006, 13.016115248000062], [80.27755087700007, 13.016150550000079], [80.27773430000008, 13.016336713000046], [80.27785639500007, 13.016484925000043], [80.27785591900005, 13.016723257000022], [80.27785545500006, 13.016962717000068], [80.27790332100007, 13.017201861000046], [80.27790284700006, 13.017441303000055], [80.27790122200008, 13.017679663000024], [80.27790110100005, 13.017965433000029], [80.27799740600005, 13.018205331000047], [80.27804531200007, 13.018444445000055], [80.27809437000008, 13.018683542000073], [80.27809388600008, 13.018923021000033], [80.27809340200008, 13.019161344000052], [80.27809178800004, 13.019399693000027], [80.27809129500008, 13.01963917300003], [80.27809081000004, 13.019877524000036], [80.27807628700003, 13.01994716200005], [80.27866495300003, 13.02161822000005], [80.27850546600007, 13.019469365000075], [80.27757768100008, 13.013766216000022]]]]}}, {"id": "23", "type": "Feature", "properties": {"map_year": "2015-16", "lulc_group": "Agriculture", "lulc_class": "Crop land", "LU_Webcode": "4"}, "geometry": {"type": "MultiPolygon", "coordinates": [[[[80.27819171100003, 13.013756322000061], [80.27824035500004, 13.015118332000043], [80.27868435100004, 13.01659832200005], [80.27912834900008, 13.020002297000074], [80.2793218830001, 13.020873212000026], [80.27909586300007, 13.018891930000052], [80.27881294000008, 13.016840485000044], [80.2786958867424, 13.015989145199097], [80.27851649246108, 13.015169877886542], [80.27837623400006, 13.014563139000071], [80.27822891805022, 13.013925662707951], [80.27820120132446, 13.013805816685135], [80.27819973553078, 13.013798159989912], [80.27819171100003, 13.013756322000061]]]]}}, {"id": "24", "type": "Feature", "properties": {"map_year": "2015-16", "lulc_group": "Water/Wetland", "lulc_class": "Waterbodies", "LU_Webcode": "23"}, "geometry": {"type": "MultiPolygon", "coordinates": [[[[80.27154220100005, 13.029794224000055], [80.27085810600005, 13.030002427000053], [80.27075958100005, 13.030731509000075], [80.27186937600004, 13.030805495000036], [80.27186937600004, 13.030389089000037], [80.27154220100005, 13.029794224000055]]]]}}, {"id": "25", "type": "Feature", "properties": {"map_year": "2015-16", "lulc_group": "Agriculture", "lulc_class": "Crop land", "LU_Webcode": "4"}, "geometry": {"type": "MultiPolygon", "coordinates": [[[[80.27897754900006, 13.02507643900003], [80.27902458300008, 13.02613000100007], [80.27952426900004, 13.03002041900004], [80.27959565400005, 13.031733631000066], [80.28037614900006, 13.03826140800004], [80.28050967100006, 13.037860836000046], [80.28050967200005, 13.036528845000074], [80.28016434200003, 13.034900858000071], [80.28011500800005, 13.03268087300006], [80.27967101100006, 13.029474231000052], [80.27917768100009, 13.026908914000044], [80.27902968300003, 13.025576924000061], [80.27897754900006, 13.02507643900003]]]]}}, {"id": "26", "type": "Feature", "properties": {"map_year": "2015-16", "lulc_group": "Water/Wetland", "lulc_class": "Waterbodies", "LU_Webcode": "23"}, "geometry": {"type": "MultiPolygon", "coordinates": [[[[80.26838941500006, 13.031311131000052], [80.26851407300006, 13.033405392000073], [80.26978734800008, 13.033363416000041], [80.26963863200007, 13.031311131000054], [80.26838941500006, 13.031311131000052]]]]}}, {"id": "27", "type": "Feature", "properties": {"map_year": "2015-16", "lulc_group": "Water/Wetland", "lulc_class": "River / Stream / Canals", "LU_Webcode": "22"}, "geometry": {"type": "MultiPolygon", "coordinates": [[[[80.27577034900008, 13.040709957000047], [80.27498512600005, 13.040424422000058], [80.27446164500003, 13.040519599000048], [80.27370021800004, 13.04092410800007], [80.27310535300006, 13.04092410800007], [80.27115419400008, 13.040091296000071], [80.27001205300007, 13.038330496000073], [80.26963133900006, 13.035617910000042], [80.26661275600003, 13.032877966000056], [80.26645532800006, 13.033032801000049], [80.26621108700006, 13.033031189000042], [80.26596682900004, 13.03303071500005], [80.26572374000006, 13.03303022000006], [80.26543231900007, 13.03288552600003], [80.26523769500005, 13.032742352000072], [80.26504305300006, 13.032598078000035], [80.26489725300007, 13.03235965500005], [80.26489768200008, 13.032138715000032], [80.26384924900005, 13.03138247000004], [80.26336501000003, 13.030785240000055], [80.26337053700007, 13.030781192000061], [80.26285772800009, 13.030512578000073], [80.26220337600006, 13.029412077000073], [80.26215152300006, 13.029293120000032], [80.26169774000005, 13.028252090000025], [80.26095415900005, 13.026735184000072], [80.26000237400007, 13.024504439000054], [80.25949893600006, 13.024094863000073], [80.25824752200003, 13.023076762000068], [80.25500550700008, 13.021797802000041], [80.25322091100008, 13.020786532000045], [80.25318802300006, 13.020781338000061], [80.25318775400007, 13.02090628700006], [80.25324538000007, 13.02121085400006], [80.25314677200004, 13.021195524000062], [80.25420244000009, 13.022035748000064], [80.25768240100007, 13.023403938000058], [80.25928080900007, 13.024352148000046], [80.25917508100008, 13.024454855000043], [80.25944426300003, 13.024707045000072], [80.25937511800004, 13.02516051800006], [80.25950514500005, 13.025293969000074], [80.25997261900007, 13.025566201000059], [80.26010164400003, 13.025716628000056], [80.26048448400007, 13.026524866000047], [80.26080135800004, 13.027601293000028], [80.26087230500008, 13.027841365000027], [80.26145486300005, 13.02931345600007], [80.26164259000006, 13.029305335000059], [80.26179424100009, 13.030010218000031], [80.26189136200009, 13.030208300000027], [80.26241672400005, 13.030823450000067], [80.26258831600006, 13.030767987000047], [80.26299264300008, 13.031239702000052], [80.26453929300004, 13.032595995000065], [80.26701393200005, 13.03361916400007], [80.26848919800007, 13.034999250000057], [80.26932200900006, 13.036855229000025], [80.26996446400005, 13.039115718000058], [80.27065450800006, 13.039948529000073], [80.27129696200006, 13.040614778000075], [80.27189182700005, 13.040971697000028], [80.27270084400004, 13.041233438000063], [80.27379539500004, 13.041138260000023], [80.27474718100007, 13.040947903000074], [80.27534204600005, 13.040995492000038], [80.27593691100003, 13.04180450900003], [80.27651471000007, 13.043098778000058], [80.27651987900003, 13.043126101000041], [80.27696200200006, 13.04405348200004], [80.27694330300005, 13.043996263000055], [80.27690312900006, 13.043405207000035], [80.27689265600003, 13.043251123000061], [80.27679827500003, 13.042809047000047], [80.27646188500006, 13.042059233000034], [80.27627653200005, 13.041772567000065], [80.27610981600003, 13.041516244000036], [80.27583566100003, 13.04137142600007], [80.27596686900006, 13.041201259000047], [80.27577034900008, 13.040709957000047]]]]}}, {"id": "28", "type": "Feature", "properties": {"map_year": "2015-16", "lulc_group": "Water/Wetland", "lulc_class": "River / Stream / Canals", "LU_Webcode": "22"}, "geometry": {"type": "MultiPolygon", "coordinates": [[[[80.27041372700006, 13.078957598000041], [80.27066864800008, 13.078841642000043], [80.27093415700006, 13.078754987000023], [80.27120203200009, 13.07867395100004], [80.27133405500007, 13.07863085700006], [80.27146753200003, 13.078587287000063], [80.27173419700006, 13.078502872000055], [80.27199148200003, 13.078394781000041], [80.27223174200003, 13.078625061000023], [80.27224267900004, 13.078617953000045], [80.27364877300005, 13.078399767000063], [80.27372996800005, 13.07850625700007], [80.27424170400008, 13.078675326000052], [80.27543765500008, 13.07851065400007], [80.27688954200005, 13.07851464800007], [80.27842731700008, 13.078603834000031], [80.27919604400006, 13.078773258000071], [80.27994040900006, 13.07877565800004], [80.28001927800005, 13.078707786000054], [80.28015438800008, 13.078736926000033], [80.28110617000004, 13.07897487200006], [80.28167263300008, 13.07886157900003], [80.28172961900003, 13.078797465000035], [80.28186663800005, 13.078787906000056], [80.28255478400007, 13.077981793000049], [80.28311585500006, 13.077324537000036], [80.28377080800004, 13.07564863200002], [80.28427979300005, 13.074346224000069], [80.28463253300004, 13.073700959000059], [80.28465465900007, 13.072831065000061], [80.28465278400007, 13.072823702000049], [80.28502011700004, 13.071439139000065], [80.28498550000006, 13.069119768000064], [80.28514848500004, 13.069017584000049], [80.28563003200009, 13.06871567200005], [80.28685338400004, 13.06852589700003], [80.2869244170001, 13.06864894300003], [80.28766954200006, 13.068102147000047], [80.28886007100004, 13.067381421000052], [80.28892029800006, 13.06734496000007], [80.28906086000006, 13.067243846000052], [80.28943551700007, 13.067209787000023], [80.28943583424076, 13.067209758158967], [80.288828041135, 13.065520148274812], [80.28882797800003, 13.065520048000057], [80.28882746200003, 13.065519229000074], [80.28843687800008, 13.065583003000025], [80.28814301400007, 13.065725244000076], [80.28789910000006, 13.065771104000023], [80.28765595200008, 13.065915210000071], [80.28741126200003, 13.066009681000022], [80.28721648500004, 13.066152310000062], [80.28702055800005, 13.066294936000075], [80.28683650900007, 13.06648608100005], [80.28667776300007, 13.06591795000003], [80.28643279600004, 13.065829386000074], [80.28622036100006, 13.066071560000065], [80.28610227300004, 13.06660535700007], [80.28608536100006, 13.066681808000054], [80.28534302900005, 13.06700981500006], [80.28336637200005, 13.067199358000039], [80.28279909800005, 13.067232338000052], [80.28258365800008, 13.066474574000038], [80.28193199800006, 13.065339679000033], [80.28173968800007, 13.064750342000021], [80.28159102500007, 13.064297363000037], [80.28147421500006, 13.063940159000026], [80.28126530600008, 13.062993990000049], [80.28123340000008, 13.062736689000076], [80.28108731200007, 13.06157208500002], [80.28096078900006, 13.060394901000048], [80.28100199500005, 13.059306828000047], [80.28101512000006, 13.058914782000045], [80.28102011700008, 13.058746151000038], [80.28106179500008, 13.057339837000027], [80.28108023300007, 13.056739922000077], [80.28110786600007, 13.055837219000068], [80.28115879800004, 13.05481345800007], [80.28117998900007, 13.054423591000043], [80.28118882800004, 13.054000781000072], [80.28125391600008, 13.053545166000047], [80.27993331500005, 13.050761197000044], [80.27861271500007, 13.048084303000051], [80.27774978500008, 13.045661464000032], [80.27748831500008, 13.045663995000039], [80.27760746900003, 13.046027957000033], [80.27796581000007, 13.047085991000074], [80.27826813100006, 13.048203156000055], [80.27837603400008, 13.048601087000064], [80.27863531100007, 13.049061168000033], [80.27874827400007, 13.04921846700006], [80.27885271500008, 13.049467324000032], [80.27954651600004, 13.050697958000057], [80.28054116600003, 13.05269783700004], [80.28088867200006, 13.053395609000063], [80.28095075000004, 13.053675286000045], [80.28083356200005, 13.055824538000024], [80.28085642100007, 13.056850011000051], [80.28065554400007, 13.059803017000034], [80.28067713200005, 13.060665818000075], [80.28073179700004, 13.061186124000072], [80.28075905600008, 13.061433300000033], [80.28094944300005, 13.062671011000077], [80.28116993500004, 13.063776354000026], [80.28131897300005, 13.064277920000052], [80.28164069800005, 13.065365555000026], [80.28172048700003, 13.065551335000064], [80.28218432600005, 13.06623806600004], [80.28243343100007, 13.066865386000076], [80.28246608600006, 13.06725170000004], [80.28103770700005, 13.06733474500004], [80.27843826600008, 13.068363691000059], [80.27673238300008, 13.069825876000039], [80.27529727600006, 13.070963131000044], [80.27464741600005, 13.072344084000061], [80.27462376100006, 13.072462360000031], [80.27443341600008, 13.072793803000026], [80.27422710700006, 13.073153040000024], [80.27421455600006, 13.073298478000027], [80.27412760600004, 13.07430592700007], [80.27380251700004, 13.07549096200006], [80.27335005800008, 13.076592220000066], [80.27324408200008, 13.076900227000063], [80.27317870800005, 13.077090465000026], [80.27294641100008, 13.077302251000049], [80.27269351400008, 13.077378690000044], [80.27244114900003, 13.077526248000025], [80.27226251000008, 13.077673272000027], [80.27208301600007, 13.077855326000074], [80.27190436900008, 13.078002350000073], [80.27168717600006, 13.078078491000042], [80.27139598800005, 13.078120169000046], [80.27129999700009, 13.07814916700005], [80.27114305000003, 13.078196580000053], [80.27088757000007, 13.07823799600004], [80.27067178600004, 13.078349149000074], [80.27041744600007, 13.078390546000037], [80.27020052800003, 13.07850168800007], [80.27002073700004, 13.078648738000023], [80.27001826400004, 13.078650437000016], [80.26980640000005, 13.07879602300005], [80.26962662500006, 13.078943036000053], [80.26937226700005, 13.078984442000033], [80.26911768000008, 13.078989724000051], [80.26882617600006, 13.078995230000034], [80.26856900100006, 13.078964361000033], [80.26831294800007, 13.078933482000023], [80.26812753000007, 13.078794774000075], [80.26794323300004, 13.078654936000019], [80.26772239500008, 13.078552623000062], [80.26753582400005, 13.07841396000003], [80.26738699000003, 13.07823769300006], [80.26723533700005, 13.07799142600004], [80.26708505600004, 13.07777902500004], [80.26697167200008, 13.07756751900007], [80.26689372100003, 13.07731845500007], [80.26685896800007, 13.077223183000056], [80.26666072000006, 13.076679702000035], [80.26654705300007, 13.076432045000049], [80.26643355800007, 13.076325839000049], [80.26651477800004, 13.075334962000055], [80.26672893000006, 13.073312421000024], [80.26813281200003, 13.071908539000049], [80.26963187200005, 13.069885998000077], [80.26975084600008, 13.069100775000038], [80.26973771200005, 13.068977317000074], [80.26978360300006, 13.06890593400004], [80.26978360100009, 13.067240310000047], [80.26883181800008, 13.066359911000065], [80.26610412900004, 13.065395814000055], [80.26605670400005, 13.065492883000047], [80.26583369600007, 13.065455716000027], [80.26454878700008, 13.06545571500004], [80.26319249400007, 13.065312947000052], [80.26243106600003, 13.064932234000024], [80.26181240700004, 13.064194600000063], [80.26159339500003, 13.062508211000022], [80.26170854000003, 13.062463275000027], [80.26037949600004, 13.060613036000063], [80.25819039200007, 13.05961366200006], [80.25723860700003, 13.059804019000067], [80.25677852600006, 13.060264100000039], [80.25672156800005, 13.060293439000075], [80.25650462700008, 13.060405734000028], [80.25640029000004, 13.060622236000025], [80.25627564300004, 13.060749656000043], [80.25604355000007, 13.06098627900008], [80.25590204200006, 13.06116805600004], [80.25579654100005, 13.061385713000048], [80.25568175800004, 13.061596619000056], [80.25554952200008, 13.061783972000056], [80.25540828700008, 13.062000761000036], [80.25537821000007, 13.062286752000032], [80.25534784600006, 13.062538841000048], [80.25535319900007, 13.062788440000078], [80.25539452200007, 13.063073921000068], [80.25540016000008, 13.063359690000025], [80.25540550400007, 13.063609253000037], [80.25541228200007, 13.06389612100003], [80.25541619900008, 13.064110718000054], [80.2554232510001, 13.064431453000052], [80.25542884900007, 13.064717185000063], [80.25539992400007, 13.065004316000055], [80.2552587150001, 13.06522222400002], [80.25507892300004, 13.065368116000059], [80.25493742800006, 13.065550983000037], [80.25475790000007, 13.065731908000032], [80.25461835200008, 13.06602094200002], [80.25451427500008, 13.066273615000057], [80.25437277100009, 13.066455354000025], [80.25419295900008, 13.066601264000044], [80.25397719200004, 13.06671465100004], [80.25383568000007, 13.06689528800007], [80.25365591500008, 13.067041180000045], [80.25343925100003, 13.067188440000054], [80.25331144600005, 13.067353191000052], [80.25315651700004, 13.067589280000048], [80.25305214400004, 13.067804634000026], [80.25290950800007, 13.067986408000024], [80.25273113400004, 13.068169570000064], [80.25258848100003, 13.06835019700003], [80.25241098500004, 13.068497218000058], [80.25223119600008, 13.068644221000055], [80.25201454000006, 13.068791509000048], [80.25179904700009, 13.068938805000071], [80.25162067400004, 13.06912082000002], [80.25144088300004, 13.069267829000069], [80.25122651100008, 13.06941511800005], [80.25100985400007, 13.069562405000058], [80.2507940660001, 13.069673532000024], [80.25054144600006, 13.069787194000073], [80.25045560000007, 13.069826604000072], [80.24929049300005, 13.069806163000067], [80.24598899200004, 13.06817028300003], [80.24477658500007, 13.067486692000045], [80.24471570800006, 13.067487818000075], [80.24435560100005, 13.067407966000074], [80.24408173100005, 13.067150146000076], [80.24371982800005, 13.066981058000067], [80.24331660000007, 13.066989645000037], [80.24291453400008, 13.066998188000069], [80.24255262100007, 13.066830235000053], [80.24223381400003, 13.066572740000026], [80.24220435800004, 13.066540443000061], [80.24209262400007, 13.066534404000036], [80.23807728400004, 13.065017498000026], [80.23721335000005, 13.065070662000037], [80.23714436800003, 13.065183928000067], [80.23703603800004, 13.065485188000022], [80.23737120200008, 13.06547035400007], [80.23840828000004, 13.065480932000073], [80.23858896900003, 13.065549999000039], [80.23970479800005, 13.065976515000045], [80.24195340900008, 13.066976882000061], [80.24483565500003, 13.068272003000063], [80.24800829700007, 13.069867688000045], [80.24927002700008, 13.070181592000038], [80.24998909200008, 13.070187665000049], [80.25008983800006, 13.070076331000053], [80.25068842700006, 13.070133339000048], [80.25366275400006, 13.068259514000035], [80.25469618200003, 13.067291356000053], [80.25515578400007, 13.066693661000045], [80.25561191700007, 13.066065710000032], [80.25587086000007, 13.065569055000028], [80.25593364700006, 13.065261516000023], [80.25630990300004, 13.064749808000045], [80.25639913400005, 13.063113929000053], [80.25662324400008, 13.06164475500003], [80.25660744900006, 13.061658792000056], [80.25651155800006, 13.061768849000032], [80.25662518200005, 13.061101301000066], [80.25700589700006, 13.060768177000055], [80.25745799300006, 13.060554025000043], [80.25848116200007, 13.06043505200006], [80.26012299100006, 13.061719962000037], [80.26093200600008, 13.063694914000052], [80.26166964000004, 13.06509879600003], [80.26186342700004, 13.065129556000043], [80.26187536200007, 13.065158186000078], [80.26218405300006, 13.065180449000025], [80.26225926400008, 13.065185874000065], [80.26228064900005, 13.065195782000044], [80.26248009800008, 13.06528819400006], [80.26263009100006, 13.065464430000079], [80.26281577200007, 13.06563928500003], [80.26310867800004, 13.065669902000028], [80.26336495500004, 13.065735811000023], [80.26362124900004, 13.065802838000026], [80.26384183200008, 13.065868989000023], [80.26409788000007, 13.065899874000024], [80.26435244300006, 13.06589463700004], [80.26464393300006, 13.065887988000043], [80.26489966900004, 13.065882713000061], [80.26519228100005, 13.065877204000062], [80.26544586100005, 13.065888906000055], [80.26573864600005, 13.065902578000076], [80.26595948400006, 13.066004868000048], [80.26625264900008, 13.066069384000059], [80.26650980800008, 13.06610024000002], [80.26676467900006, 13.066131131000073], [80.26705785200005, 13.066195628000056], [80.26727729800007, 13.066264059000048], [80.26750070800006, 13.066402500000036], [80.26772014600004, 13.06646865500005], [80.26797757500003, 13.066535669000075], [80.26819871600003, 13.066674108000027], [80.26864041500005, 13.066878711000072], [80.2687904140001, 13.067054961000053], [80.26893921200008, 13.067231210000045], [80.26912579100008, 13.067369919000038], [80.26923916300007, 13.067581442000062], [80.26924479700006, 13.067867171000046], [80.26920467000008, 13.068042559000048], [80.26934587500006, 13.068276445000036], [80.26935778300003, 13.068334933000077], [80.26916494200003, 13.069001112000024], [80.26909358500006, 13.069095610000034], [80.26910988800006, 13.069211188000049], [80.26902436800003, 13.069480652000035], [80.26892027600007, 13.06973331800003], [80.26885308800007, 13.069985705000022], [80.26874755900008, 13.070202228000026], [80.26856894300006, 13.07034812000006], [80.26842772600008, 13.07056603500007], [80.26821053700007, 13.070642144000034], [80.26803074900005, 13.070788063000064], [80.26781521800007, 13.070935373000054], [80.26767401900008, 13.071153251000055], [80.26760539300005, 13.071369523000044], [80.26738848800005, 13.071480689000053], [80.26724699500005, 13.071662435000064], [80.26706833800006, 13.071809446000032], [80.26692685300003, 13.071991208000044], [80.26674709100007, 13.072137109000039], [80.26656729200005, 13.072284156000023], [80.26642606200005, 13.072500931000034], [80.26621030900003, 13.072613199000045], [80.26614164300008, 13.072829462000072], [80.26607442700005, 13.073080720000062], [80.26596894000005, 13.073297234000052], [80.26582770900006, 13.073513990000038], [80.26572334700006, 13.073731644000077], [80.26578521800008, 13.074138976000029], [80.26569544900008, 13.074302270000029], [80.26558272900007, 13.075087009000072], [80.26563848300003, 13.075749659000051], [80.26588831000004, 13.07602570700004], [80.26600168500005, 13.076236084000072], [80.26608350500004, 13.076385713000036], [80.26615811100004, 13.076651747000028], [80.26617032100006, 13.076687700000036], [80.26624650100007, 13.07691203300004], [80.26631193400004, 13.077179270000043], [80.26637043400007, 13.077447679000043], [80.26644963300004, 13.077710283000041], [80.26655755800004, 13.07796363500006], [80.26668159200005, 13.078208965000044], [80.26682052700005, 13.078448544000027], [80.26696749800004, 13.078682427000047], [80.26713967200004, 13.078899176000048], [80.26735418200008, 13.079073804000073], [80.26756323500007, 13.079185324000036], [80.26760062900007, 13.07920527300007], [80.26785725900004, 13.079314081000062], [80.26812518900005, 13.079392332000056], [80.26854372800005, 13.079428803000042], [80.26882361900005, 13.079413184000032], [80.26910227300004, 13.079386295000061], [80.26938087200006, 13.079354890000047], [80.26965473000007, 13.079304310000055], [80.26991908100007, 13.079215390000057], [80.27016929900003, 13.079090419000067], [80.27041372700006, 13.078957598000041]], [[80.28122418300006, 13.068258791000064], [80.28218786400004, 13.068294483000047], [80.28226153300005, 13.068542279000042], [80.28278170800007, 13.068645916000035], [80.28281122900006, 13.068651797000026], [80.28293025100004, 13.068827400000032], [80.28299784300003, 13.06880862500003], [80.28406860100007, 13.06946297700006], [80.28421184100006, 13.06976736400003], [80.28399169700003, 13.070227835000026], [80.28417091700004, 13.070931577000069], [80.28400911300008, 13.07208038400006], [80.28320604600003, 13.074459845000035], [80.28216503200008, 13.077255712000063], [80.28121324700004, 13.078177753000032], [80.28084371000006, 13.078154656000036], [80.28094569200005, 13.078089393000022], [80.28127070700003, 13.07768407800006], [80.28070007700006, 13.077885476000061], [80.27916532400008, 13.078206703000031], [80.27634566300003, 13.078099627000027], [80.27427553100006, 13.077956859000038], [80.27377847800005, 13.077578150000022], [80.27398935200006, 13.077168099000062], [80.27424795900004, 13.076330320000066], [80.27442143100006, 13.075661483000031], [80.27451002700008, 13.074741387000074], [80.27468236600004, 13.074071423000078], [80.27476610800005, 13.073275966000036], [80.27477043100004, 13.07323489600003], [80.27519891200006, 13.072764112000073], [80.27526363300007, 13.072692450000034], [80.27526363300007, 13.072687954000058], [80.27526363300007, 13.072470436000058], [80.27596265000005, 13.071434857000044], [80.27622731500009, 13.071042759000022], [80.27822606200004, 13.069722159000035], [80.28011773300005, 13.068544326000051], [80.28122418300006, 13.068258791000064]]]]}}, {"id": "29", "type": "Feature", "properties": {"map_year": "2015-16", "lulc_group": "Water/Wetland", "lulc_class": "River / Stream / Canals", "LU_Webcode": "22"}, "geometry": {"type": "MultiPolygon", "coordinates": [[[[80.22015267800003, 13.078701548000025], [80.22091871800006, 13.077623103000063], [80.22110870800003, 13.077355631000046], [80.22200283500007, 13.076607059000025], [80.22286538900005, 13.074673747000078], [80.22310333500008, 13.071996854000076], [80.22322934500005, 13.071773914000062], [80.22392143200005, 13.071532248000038], [80.22602920300005, 13.071415504000072], [80.22867369400007, 13.071730862000042], [80.22980048300008, 13.071560134000036], [80.23023735300006, 13.070812609000027], [80.23019408200008, 13.070656764000033], [80.23024171900005, 13.070598920000066], [80.23033094900006, 13.069855338000025], [80.23015248800004, 13.069082013000068], [80.22970633900007, 13.068219459000034], [80.22926019100004, 13.067624594000051], [80.22923829100007, 13.06736179300003], [80.22918895500004, 13.067402098000057], [80.22917234200008, 13.067003390000025], [80.22924435400006, 13.066988209000044], [80.23044020000005, 13.067118548000053], [80.23210631200004, 13.067269247000068], [80.23302489200006, 13.067302183000034], [80.23320237800004, 13.067307672000027], [80.23392496300005, 13.067170317000034], [80.23469936700008, 13.06672422200006], [80.23525145900004, 13.066129469000032], [80.23577746500007, 13.065748417000064], [80.23621476500006, 13.065523861000031], [80.23606196200006, 13.065199345000053], [80.23605169300004, 13.06517753700007], [80.23476269300005, 13.066137430000024], [80.23366219400003, 13.06682152600007], [80.23301482200003, 13.06682152600007], [80.23301408900005, 13.066783216000035], [80.23165749700007, 13.066817560000063], [80.22960521300007, 13.066579614000034], [80.22880214400004, 13.066906790000074], [80.22875061800005, 13.067092287000037], [80.22858977400006, 13.067126192000044], [80.22837568300008, 13.067467730000034], [80.22851163300004, 13.067926488000069], [80.22877889700004, 13.068690409000055], [80.22959061000006, 13.06999717800005], [80.22969957700008, 13.070702390000063], [80.22960146800006, 13.070930645000033], [80.22740421100008, 13.070624697000028], [80.22338887100007, 13.070713926000055], [80.22291155600004, 13.071254884000039], [80.22256171000004, 13.071523886000021], [80.22229001200003, 13.072021717000041], [80.22200008900006, 13.073165826000032], [80.22193733800003, 13.074642613000037], [80.22167507000006, 13.075632878000022], [80.22021501600005, 13.077785020000022], [80.21905081800008, 13.079131900000046], [80.21863659400003, 13.079365273000064], [80.21808921800005, 13.079674159000035], [80.21752139600005, 13.079708749000078], [80.21758152900009, 13.079427030000032], [80.21757820300007, 13.07927388200005], [80.21667879100005, 13.078837804000045], [80.21633636900003, 13.077994919000048], [80.21587572300007, 13.075893221000058], [80.21519684600008, 13.075461208000036], [80.21519864200008, 13.075551453000061], [80.21509777800003, 13.075780366000059], [80.21553796700006, 13.07624939200002], [80.21558513700006, 13.076337427000059], [80.21553458100006, 13.077318202000072], [80.21561194400005, 13.077833678000045], [80.21563002900007, 13.07871912500008], [80.21602266100007, 13.079450569000073], [80.21656108200006, 13.079957322000041], [80.21799543800006, 13.080075841000053], [80.21904680200004, 13.079832257000021], [80.22015267800003, 13.078701548000025]]]]}}, {"id": "30", "type": "Feature", "properties": {"map_year": "2015-16", "lulc_group": "Built-up", "lulc_class": "Urban", "LU_Webcode": "1"}, "geometry": {"type": "MultiPolygon", "coordinates": [[[[80.24591991700004, 13.127589921000038], [80.24968091400007, 13.126361922000056], [80.26257390600006, 13.125151923000029], [80.26504037900008, 13.126502015000026], [80.26626476000007, 13.127172191000053], [80.2672819030001, 13.127728922000074], [80.27015383000008, 13.128077454000048], [80.27060019300006, 13.128131620000032], [80.27465468100007, 13.12862356900007], [80.27462570100005, 13.12843482200003], [80.27462622300004, 13.12820439300003], [80.27462054600005, 13.12776392500007], [80.27451089400006, 13.127591921000032], [80.27447397000003, 13.127287187000036], [80.27439612600006, 13.127057356000023], [80.27431945500007, 13.126827488000057], [80.27428081600004, 13.126598468000052], [80.27420268400004, 13.126331338000055], [80.27416402200004, 13.125948724000066], [80.27408819400006, 13.125527936000026], [80.27401585400008, 13.125366943000076], [80.27347998000005, 13.125337977000072], [80.27347345600003, 13.125316731000053], [80.27320908700005, 13.125409060000038], [80.27294527800007, 13.125424570000066], [80.27265260800004, 13.125430106000067], [80.27242145100007, 13.125492799000028], [80.27218750000003, 13.125497920000043], [80.27189597100006, 13.125503446000037], [80.27166366400009, 13.125565037000058], [80.27141779100003, 13.125666611000042], [80.27137415200008, 13.125684640000031], [80.27123341400005, 13.125810259000048], [80.27042973200008, 13.125942369000025], [80.26794881100005, 13.12667492900004], [80.26800364300004, 13.126364208000041], [80.26795230600004, 13.124849749000079], [80.26797129900007, 13.124839940000072], [80.26796610600007, 13.124610673000063], [80.26796204500006, 13.124382535000048], [80.26795682500006, 13.12415440600006], [80.26795163200006, 13.123925148000067], [80.26794949600009, 13.123805156000058], [80.26794757100004, 13.123697010000056], [80.26794235300008, 13.12346774300005], [80.26793715000008, 13.123239613000065], [80.26793193100008, 13.123010346000056], [80.26792993000004, 13.122897883000064], [80.26794067400004, 13.122768966000024], [80.26809823600007, 13.122605882000071], [80.26819128400007, 13.122414294000063], [80.26799809900007, 13.122079870000048], [80.26790864700007, 13.121925023000074], [80.26772737600004, 13.121585232000026], [80.26771293300004, 13.120898567000038], [80.26781369400004, 13.120209927000076], [80.26768240100006, 13.119468788000063], [80.26778678000005, 13.11895180600004], [80.26778681300004, 13.118951352000067], [80.26798604500004, 13.119014819000025], [80.26823992300007, 13.119178021000039], [80.26851938000004, 13.115824487000054], [80.26888387600007, 13.119600287000022], [80.26930028300006, 13.121741802000031], [80.26974643300008, 13.122663843000055], [80.27081860700008, 13.123564929000052], [80.27074180900007, 13.123078509000036], [80.27046027000006, 13.122872046000053], [80.27001412200008, 13.122247437000055], [80.26953822900003, 13.121027963000072], [80.26912411400008, 13.115557283000044], [80.26906898600004, 13.11549224600003], [80.26838152900007, 13.114911532000065], [80.26778136400003, 13.114581219000057], [80.26751878300007, 13.114583150000042], [80.26751439100008, 13.114381365000042], [80.26773789400005, 13.113920028000052], [80.26822576800004, 13.113519947000045], [80.26799715100003, 13.11346400700006], [80.26777303800003, 13.11338999000003], [80.26747454900004, 13.113388806000046], [80.26724868600007, 13.113241358000039], [80.26725048600008, 13.112874238000073], [80.26725171300008, 13.112581677000035], [80.26725292300006, 13.11228797800004], [80.26725415100003, 13.11199541600007], [80.26717870300007, 13.111774567000053], [80.26710557500007, 13.111554856000051], [80.26710564400008, 13.11126116500003], [80.26718115000006, 13.111040345000047], [80.26740650600004, 13.110821811000053], [80.26763184700008, 13.110602147000066], [80.26763191300006, 13.11030848300004], [80.26748272800006, 13.110088176000033], [80.26725978100006, 13.109868419000062], [80.26718547500008, 13.10964757000005], [80.26696135600008, 13.109573543000064], [80.26673665700008, 13.109426076000034], [80.26651251000004, 13.109352058000068], [80.26628898300004, 13.109204601000046], [80.26606484500007, 13.109131683000044], [80.26606490500006, 13.108836870000065], [80.26606727700005, 13.108544301000052], [80.26629148400008, 13.108324665000053], [80.26644077500004, 13.108105561000057], [80.26666728200007, 13.107885871000066], [80.26674166300006, 13.107666217000032], [80.26689207800007, 13.107447086000034], [80.26689426500008, 13.107443883000032], [80.26706930800003, 13.108396898000022], [80.26974620200008, 13.106076923000046], [80.27025183800004, 13.105184625000051], [80.27014079600008, 13.105211063000068], [80.27046004000005, 13.104678990000021], [80.26977594500005, 13.104411301000026], [80.27007337800006, 13.103578490000073], [80.27025183700005, 13.10265644800006], [80.26950825500006, 13.102507732000046], [80.26950825600005, 13.102180555000075], [80.26959748600007, 13.100990825000054], [80.26900262000005, 13.10102056800002], [80.26900262100008, 13.100485190000027], [80.26796025200008, 13.100466575000041], [80.26796247100003, 13.100187512000048], [80.26796254800007, 13.09989495700006], [80.26811361100005, 13.099455566000074], [80.26818913600005, 13.099234763000027], [80.26818918500004, 13.09894106300004], [80.26819155500004, 13.098648502000064], [80.26819105400006, 13.09828140000008], [80.26826775500007, 13.098061681000047], [80.26828360200005, 13.098038604000067], [80.26841818900004, 13.097842595000031], [80.26864237500007, 13.097621795000062], [80.26871903900008, 13.097403233000025], [80.26879459100007, 13.09718354100005], [80.26879407600006, 13.096816448000025], [80.26886960700006, 13.096596776000068], [80.26894627200005, 13.096375946000025], [80.26894634900003, 13.096083384000053], [80.26909738200004, 13.095644010000058], [80.26909984000008, 13.095056629000055], [80.26909990700005, 13.094762930000055], [80.26902620600004, 13.094469780000054], [80.26880092300007, 13.094396917000038], [80.26865289100004, 13.09417545100007], [80.26857862100007, 13.09395463000004], [80.26857983000008, 13.093662069000061], [80.26858106100008, 13.093368360000058], [80.26880521800007, 13.093296676000023], [80.26908932200007, 13.093296738000051], [80.26910367200009, 13.093296742000062], [80.26940557200004, 13.093297902000073], [80.26962856100005, 13.093371975000027], [80.26985208400004, 13.093519430000073], [80.26992633900005, 13.093739143000048], [80.27007553200008, 13.093959422000069], [80.27014983300006, 13.094179169000029], [80.27022410700005, 13.094399981000041], [80.27022289800004, 13.094693690000042], [80.27029718000006, 13.094914548000077], [80.27037146500004, 13.09513312000007], [80.27044459700005, 13.09535397600007], [80.27060279300008, 13.09569846200003], [80.27074233000008, 13.096014852000053], [80.27081662300003, 13.096235673000022], [80.27089089800006, 13.096455410000035], [80.27085049900006, 13.096747113000049], [80.27061639900006, 13.09657376100006], [80.27050056100006, 13.096344188000046], [80.27026664200008, 13.096343658000022], [80.27003153300006, 13.09634311900004], [80.26979760400008, 13.096342570000047], [80.26956367700006, 13.09634089400004], [80.26926982700007, 13.096340814000028], [80.26909483000009, 13.096511517000065], [80.26909427800007, 13.096741965000035], [80.26915133700004, 13.096971962000053], [80.26915023500004, 13.097430565000025], [80.26914855300004, 13.097659874000044], [80.26914914400005, 13.097890323000057], [80.26914858500004, 13.098119624000047], [80.26914734200005, 13.098406532000071], [80.26920556100004, 13.098636521000058], [80.26937974800006, 13.098810332000026], [80.26961455200006, 13.098926069000072], [80.26984778900004, 13.098984232000078], [80.27008286200004, 13.098984762000045], [80.27031677700006, 13.098984172000028], [80.27049409600005, 13.098813449000033], [80.27061103500006, 13.098584404000064], [80.27067150700003, 13.098354662000077], [80.27078913700007, 13.098066898000074], [80.27078855200006, 13.09783757900004], [80.27084786300009, 13.097608993000051], [80.27096596200005, 13.097378828000048], [80.27118804500003, 13.097337655000048], [80.27133607300004, 13.097556823000048], [80.27140976700008, 13.097851091000052], [80.27148519500008, 13.098070793000032], [80.27148340000008, 13.098437912000067], [80.27155884400008, 13.098658760000037], [80.27155648000007, 13.098951330000036], [80.27155641600007, 13.099245030000077], [80.27155521700007, 13.099537591000058], [80.27155515300007, 13.099831281000037], [80.27155274100005, 13.100418661000049], [80.27147835500006, 13.100638344000059], [80.27140168200003, 13.100858017000062], [80.27125065000007, 13.10115057000007], [80.27117628200006, 13.101370253000027], [80.27102583800007, 13.101590468000042], [80.27087478000004, 13.102029862000052], [80.27087358400007, 13.102322431000063], [80.27079807100006, 13.102543244000062], [80.27079741500006, 13.102910345000055], [80.27079620900008, 13.10320405300007], [80.27079615600007, 13.103496606000022], [80.27079492000007, 13.103790315000024], [80.27079485700006, 13.104082849000065], [80.27079250500003, 13.104377685000028], [80.27079243500003, 13.10467022800003], [80.27079124500005, 13.104963909000046], [80.27101478100008, 13.105111381000027], [80.27131440100004, 13.105111425000075], [80.27153912900008, 13.104965189000039], [80.27161467100007, 13.104745515000047], [80.27169020000008, 13.104526942000062], [80.27169201500004, 13.10415981400007], [80.27176698300008, 13.103866728000071], [80.27176817700007, 13.103571911000074], [80.27184312700007, 13.103278807000036], [80.27191867400006, 13.103059096000038], [80.27191987000003, 13.102766536000049], [80.27192054000007, 13.10239943400006], [80.27192173600008, 13.102106874000068], [80.27222198700008, 13.10188778500003], [80.27252159100004, 13.101887837000051], [80.27282067100003, 13.101815597000037], [80.27305736000005, 13.101873733000046], [80.27305228200004, 13.101891987000045], [80.27346633200005, 13.10191682800007], [80.27350403700007, 13.101816229000061], [80.27360058000005, 13.101182963000042], [80.27371563700007, 13.100706581000056], [80.27389155100008, 13.10020601600007], [80.27392175600005, 13.099634254000021], [80.27392675900006, 13.099501013000063], [80.27424057400003, 13.098984142000063], [80.27421083000007, 13.095950329000063], [80.27404205900007, 13.093475010000077], [80.27437716100007, 13.093050132000029], [80.27448590300008, 13.092503759000065], [80.27422471200003, 13.091953334000037], [80.27392891500006, 13.091245028000056], [80.27392585500007, 13.090937807000046], [80.27392385300004, 13.090736763000052], [80.27398698800005, 13.088600316000056], [80.27398516400008, 13.088361993000031], [80.27408460500004, 13.088104843000055], [80.27397894100005, 13.087549878000061], [80.27397248100004, 13.08685526200003], [80.27409214400006, 13.085781297000038], [80.27414439200004, 13.085503097000071], [80.27415417200007, 13.085451024000063], [80.27435563600005, 13.084373089000051], [80.27466632000005, 13.08296563500005], [80.27483390000003, 13.08182692300005], [80.27483515600005, 13.081820990000036], [80.27494289200007, 13.081312175000047], [80.27517049300008, 13.079589091000058], [80.27520534600006, 13.079458461000058], [80.27522512100006, 13.079384348000076], [80.27523994700005, 13.079328776000063], [80.27530447700008, 13.07932482900003], [80.27541607900008, 13.079318006000051], [80.27535938800008, 13.07928364600002], [80.27542747600006, 13.07923258100004], [80.27614131300004, 13.07929206800003], [80.27622283200003, 13.079329522000023], [80.27621939100004, 13.079329450000044], [80.27602830900008, 13.079323930000044], [80.27586156600006, 13.080583766000075], [80.27537593400007, 13.081424284000036], [80.27539650000006, 13.081428205000067], [80.27502161600006, 13.083552540000026], [80.27439343900005, 13.08726449900007], [80.27445054600008, 13.090348281000045], [80.27473608100007, 13.09251835000003], [80.27463475800005, 13.092967073000068], [80.27480918600008, 13.096673685000042], [80.27469021200005, 13.099243503000025], [80.27456239000009, 13.099431477000055], [80.27456476000003, 13.099485411000044], [80.27398508300007, 13.10132984000006], [80.27399935100004, 13.101335353000023], [80.27367722100007, 13.102075058000025], [80.27366806500004, 13.102085624000038], [80.27366271000005, 13.102072606000036], [80.27364667800003, 13.10204670200005], [80.27349995200007, 13.103538426000055], [80.27305380200005, 13.105709684000031], [80.27126826900007, 13.108678135000048], [80.27125212200008, 13.108715151000071], [80.27080546900004, 13.109530599000038], [80.27074295100005, 13.10964629500006], [80.27074399100007, 13.109652540000067], [80.27093690700008, 13.110810038000066], [80.27115689200008, 13.112129937000075], [80.27118837300003, 13.112260208000064], [80.27170892600003, 13.11441422100006], [80.27198928900003, 13.115535674000055], [80.27198996400006, 13.115538371000069], [80.27224192600005, 13.116546218000055], [80.27319238800004, 13.120092179000041], [80.27323178000006, 13.120239141000068], [80.27403453900007, 13.123497397000053], [80.27420260200006, 13.124179529000058], [80.27500903300006, 13.127441096000041], [80.27504076900004, 13.127409522000049], [80.27506806100007, 13.127398562000053], [80.27520219600007, 13.128516354000055], [80.27518233100005, 13.12854283000007], [80.27519262500006, 13.128617974000061], [80.27753767300004, 13.128384353000056], [80.27831730800006, 13.128306677000069], [80.28114532500007, 13.128024885000057], [80.28182337300008, 13.127957315000058], [80.29012389000007, 13.127129923000041], [80.29196288900005, 13.126960924000057], [80.29328793700006, 13.126881087000072], [80.29489521400006, 13.126784232000036], [80.29748138500008, 13.126628357000074], [80.29733723300006, 13.12616985000005], [80.29719158100005, 13.125681150000048], [80.29718483600004, 13.125658568000063], [80.29699552300008, 13.125024660000065], [80.29695631800007, 13.124948725000023], [80.29691682300006, 13.124872885000057], [80.29662514100005, 13.124970954000046], [80.29651252499826, 13.124916549157225], [80.29650711381231, 13.124913951018073], [80.29644730080236, 13.124761399019407], [80.29644730328084, 13.124761378216057], [80.29644723300004, 13.124761199000034], [80.29644724700006, 13.124761092000027], [80.29644720800007, 13.124761043000033], [80.29646638600008, 13.12460119900004], [80.29646698047122, 13.124596215978231], [80.29648379798897, 13.124455056655563], [80.29648382690563, 13.12445500428328], [80.29648386400004, 13.12445469200003], [80.29667379000006, 13.124109889000067], [80.29673737598854, 13.123995789869108], [80.29679145156427, 13.123897851104969], [80.29687228422416, 13.12380927064764], [80.29712704700007, 13.123530061000048], [80.29737133300006, 13.123262032000067], [80.29737144300005, 13.123261912000032], [80.29745429700006, 13.123228825000067], [80.29754130524353, 13.123193912564012], [80.29780412036801, 13.123088448920228], [80.29798400500005, 13.11913824100003], [80.29909879600007, 13.116352385000026], [80.29939858600005, 13.115603196000048], [80.30014901300007, 13.113727819000076], [80.30037537498654, 13.112416729870208], [80.30014436517035, 13.111628429208674], [80.29930286863254, 13.108995345558812], [80.29898981372895, 13.108902193781262], [80.2987748047135, 13.108865648031268], [80.2984936919304, 13.107911392696678], [80.29847227907248, 13.107681987333876], [80.29870581412206, 13.107603615914172], [80.29915546435325, 13.107695683109338], [80.29935032495757, 13.107655876417592], [80.2993484246901, 13.107426351444984], [80.29912439187723, 13.106299526102305], [80.2978815863662, 13.102330528331265], [80.29747531043728, 13.10204008508191], [80.29731012026588, 13.101665539033432], [80.29740404995698, 13.101224804681067], [80.29794398103006, 13.100512933858381], [80.29794398000007, 13.10051293300006], [80.29795981144916, 13.100492062280448], [80.29800252089967, 13.100435752108297], [80.29828944120506, 13.100099361755658], [80.29833071200005, 13.10005081500003], [80.29817823300004, 13.09967984700006], [80.29803658200272, 13.099336238914404], [80.29803237479433, 13.09932603456889], [80.29788531605519, 13.099279285000565], [80.29776682200009, 13.09924163200003], [80.29768006400008, 13.099214168000058], [80.29758503291363, 13.099229180263956], [80.29747110804881, 13.099247287450916], [80.29735776400008, 13.09926530800004], [80.29717364700008, 13.099294763000046], [80.29689709600007, 13.099406874000064], [80.29678766900008, 13.099451235000059], [80.29635690000005, 13.099626157000044], [80.29635651400008, 13.099626280000052], [80.29629370109505, 13.099626766544318], [80.29620041531695, 13.099627507103836], [80.29617051321401, 13.099497740092236], [80.29617038700007, 13.099497651000032], [80.29611075300005, 13.099239423000027], [80.29581679400007, 13.098341408000069], [80.29578555800003, 13.09824773100007], [80.29558693827069, 13.097652080959913], [80.29540301912459, 13.097100534514945], [80.29518449200003, 13.096446228000044], [80.29499810600004, 13.095887346000039], [80.29399417700007, 13.092414122000037], [80.29227879900003, 13.087913233000053], [80.29227880693013, 13.087913220499292], [80.29227880282457, 13.087913209726876], [80.29227901915333, 13.087912885957266], [80.29227914600006, 13.087912686000038], [80.29243291700006, 13.087682247000032], [80.29284931300003, 13.08758653800004], [80.29291065200005, 13.087321764000023], [80.29337565100008, 13.087253924000036], [80.29361721600003, 13.087648599000032], [80.29415552600005, 13.08826696500006], [80.29457745800005, 13.088888472000065], [80.29487984700006, 13.08939674800007], [80.29518018400007, 13.089791004000062], [80.29542495700008, 13.090300854000077], [80.29558871400008, 13.090910715000065], [80.29597257700004, 13.091375475000062], [80.29649955400004, 13.091422388000069], [80.29696617500008, 13.091413276000024], [80.29719887900006, 13.09140813700003], [80.29765877800008, 13.091604550000055], [80.29769141200006, 13.091526821000059], [80.29773255800006, 13.091427885000032], [80.29761815500007, 13.091235605000064], [80.29741614700004, 13.090894845000037], [80.29698488200006, 13.090707175000032], [80.29671081000004, 13.090373447000045], [80.29599977464676, 13.089509675785669], [80.295853125774, 13.089476678857798], [80.29578588700008, 13.089461550000067], [80.29558867200006, 13.089417483000034], [80.2936976636584, 13.08702592834911], [80.29318331665678, 13.086375664905065], [80.29318332626053, 13.086375658914775], [80.29318332000008, 13.086375651000026], [80.29318343000006, 13.086375578000055], [80.29318332100007, 13.086375449000059], [80.29425798065324, 13.085705349212073], [80.2942705277627, 13.085697523022306], [80.29432608689643, 13.085774477289519], [80.29441022000003, 13.085890768000068], [80.29467675600006, 13.085339858000054], [80.29508820400008, 13.085502827000028], [80.29525893600004, 13.085731238000053], [80.29550969400003, 13.086066707000041], [80.29628755600004, 13.086965684000065], [80.29694585400006, 13.087752594000051], [80.29701552300008, 13.08826602400006], [80.29743265800005, 13.088714721000027], [80.29785259500005, 13.089222136000046], [80.29803905500006, 13.089790048000053], [80.29834303100006, 13.090355944000065], [80.29852818000006, 13.090751006000062], [80.29934387600008, 13.09073476200007], [80.30015186600008, 13.090318725000031], [80.30074209500003, 13.090648637000072], [80.30145144300008, 13.09103417600005], [80.30181305700006, 13.091599637000057], [80.30205784800006, 13.092108351000034], [80.30194968900008, 13.092572219000031], [80.30205716000006, 13.09280922700003], [80.30235700105662, 13.093397967635747], [80.30259451110969, 13.093864301258797], [80.30287667700003, 13.094417785000074], [80.30309836300006, 13.09462394400003], [80.30313225000003, 13.094638281000073], [80.3031323181216, 13.09463853345028], [80.30326318075123, 13.094693417167491], [80.3035358857726, 13.094633859565022], [80.30345608982674, 13.094424010859488], [80.30315024298937, 13.092838760600385], [80.30294576773304, 13.091711782372892], [80.30285409174297, 13.090067368414395], [80.3028807802545, 13.089975676970548], [80.30288077300008, 13.089975654000057], [80.30288256400007, 13.089969496000036], [80.30290486800004, 13.08989153900006], [80.30274898700003, 13.089558351000049], [80.30222718300008, 13.089728287000067], [80.30222693600007, 13.089728012000023], [80.30222677400009, 13.089728060000029], [80.30208938200008, 13.089633501000034], [80.30126875300004, 13.088653946000024], [80.30126121100005, 13.088645480000022], [80.30109664300005, 13.08850706100003], [80.30080964800004, 13.088266391000046], [80.30032998200005, 13.087908441000023], [80.30020037100007, 13.08781189700005], [80.29945017300008, 13.086765918000024], [80.29690401700003, 13.083247192000044], [80.29544255200005, 13.081116439000027], [80.29431533800005, 13.079080799000053], [80.2932024146215, 13.07707114875609], [80.29257691908958, 13.075941690056995], [80.29241795598152, 13.075499786988244], [80.29198213000006, 13.074288340000068], [80.29150097900003, 13.072950905000026], [80.29143206500004, 13.072759181000036], [80.29124658300003, 13.072243635000062], [80.29083875300006, 13.071109912000054], [80.29000288500004, 13.068787900000075], [80.28983840200004, 13.068330970000034], [80.28963351700008, 13.067760964000056], [80.28943551700007, 13.067209787000023], [80.28906086000006, 13.067243846000052], [80.28892029800006, 13.06734496000007], [80.28886007100004, 13.067381421000052], [80.28766954200006, 13.068102147000047], [80.2869244170001, 13.06864894300003], [80.28685338400004, 13.06852589700003], [80.28563003200009, 13.06871567200005], [80.28514848500004, 13.069017584000049], [80.28498550000006, 13.069119768000064], [80.28502011700004, 13.071439139000065], [80.28465278400007, 13.072823702000049], [80.28465465900007, 13.072831065000061], [80.28463253300004, 13.073700959000059], [80.28427979300005, 13.074346224000069], [80.28377080800004, 13.07564863200002], [80.28311585500006, 13.077324537000036], [80.28255478400007, 13.077981793000049], [80.28186663800005, 13.078787906000056], [80.28172961900003, 13.078797465000035], [80.28167263300008, 13.07886157900003], [80.28110617000004, 13.07897487200006], [80.28015438800008, 13.078736926000033], [80.28001927800005, 13.078707786000054], [80.27994040900006, 13.07877565800004], [80.27919604400006, 13.078773258000071], [80.27842731700008, 13.078603834000031], [80.27688954200005, 13.07851464800007], [80.27543765500008, 13.07851065400007], [80.27424170400008, 13.078675326000052], [80.27372996800005, 13.07850625700007], [80.27364877300005, 13.078399767000063], [80.27224267900004, 13.078617953000045], [80.27223174200003, 13.078625061000023], [80.27199148200003, 13.078394781000041], [80.27173419700006, 13.078502872000055], [80.27146753200003, 13.078587287000063], [80.27133405500007, 13.07863085700006], [80.27120203200009, 13.07867395100004], [80.27093415700006, 13.078754987000023], [80.27066864800008, 13.078841642000043], [80.27041372700006, 13.078957598000041], [80.27016929900003, 13.079090419000067], [80.26991908100007, 13.079215390000057], [80.26965473000007, 13.079304310000055], [80.26938087200006, 13.079354890000047], [80.26910227300004, 13.079386295000061], [80.26882361900005, 13.079413184000032], [80.26854372800005, 13.079428803000042], [80.26812518900005, 13.079392332000056], [80.26785725900004, 13.079314081000062], [80.26760062900007, 13.07920527300007], [80.26756323500007, 13.079185324000036], [80.26735418200008, 13.079073804000073], [80.26713967200004, 13.078899176000048], [80.26696749800004, 13.078682427000047], [80.26682052700005, 13.078448544000027], [80.26668159200005, 13.078208965000044], [80.26655755800004, 13.07796363500006], [80.26644963300004, 13.077710283000041], [80.26637043400007, 13.077447679000043], [80.26631193400004, 13.077179270000043], [80.26624650100007, 13.07691203300004], [80.26617032100006, 13.076687700000036], [80.26615811100004, 13.076651747000028], [80.26608350500004, 13.076385713000036], [80.26600168500005, 13.076236084000072], [80.26588831000004, 13.07602570700004], [80.26563848300003, 13.075749659000051], [80.26558272900007, 13.075087009000072], [80.26569544900008, 13.074302270000029], [80.26578521800008, 13.074138976000029], [80.26572334700006, 13.073731644000077], [80.26582770900006, 13.073513990000038], [80.26596894000005, 13.073297234000052], [80.26607442700005, 13.073080720000062], [80.26614164300008, 13.072829462000072], [80.26621030900003, 13.072613199000045], [80.26642606200005, 13.072500931000034], [80.26656729200005, 13.072284156000023], [80.26674709100007, 13.072137109000039], [80.26692685300003, 13.071991208000044], [80.26706833800006, 13.071809446000032], [80.26724699500005, 13.071662435000064], [80.26738848800005, 13.071480689000053], [80.26760539300005, 13.071369523000044], [80.26767401900008, 13.071153251000055], [80.26781521800007, 13.070935373000054], [80.26803074900005, 13.070788063000064], [80.26821053700007, 13.070642144000034], [80.26842772600008, 13.07056603500007], [80.26856894300006, 13.07034812000006], [80.26874755900008, 13.070202228000026], [80.26885308800007, 13.069985705000022], [80.26892027600007, 13.06973331800003], [80.26902436800003, 13.069480652000035], [80.26910988800006, 13.069211188000049], [80.26909358500006, 13.069095610000034], [80.26916494200003, 13.069001112000024], [80.26935778300003, 13.068334933000077], [80.26934587500006, 13.068276445000036], [80.26920467000008, 13.068042559000048], [80.26924479700006, 13.067867171000046], [80.26923916300007, 13.067581442000062], [80.26912579100008, 13.067369919000038], [80.26893921200008, 13.067231210000045], [80.2687904140001, 13.067054961000053], [80.26864041500005, 13.066878711000072], [80.26819871600003, 13.066674108000027], [80.26797757500003, 13.066535669000075], [80.26772014600004, 13.06646865500005], [80.26750070800006, 13.066402500000036], [80.26727729800007, 13.066264059000048], [80.26705785200005, 13.066195628000056], [80.26676467900006, 13.066131131000073], [80.26650980800008, 13.06610024000002], [80.26625264900008, 13.066069384000059], [80.26595948400006, 13.066004868000048], [80.26573864600005, 13.065902578000076], [80.26544586100005, 13.065888906000055], [80.26519228100005, 13.065877204000062], [80.26489966900004, 13.065882713000061], [80.26464393300006, 13.065887988000043], [80.26435244300006, 13.06589463700004], [80.26409788000007, 13.065899874000024], [80.26384183200008, 13.065868989000023], [80.26362124900004, 13.065802838000026], [80.26336495500004, 13.065735811000023], [80.26310867800004, 13.065669902000028], [80.26281577200007, 13.06563928500003], [80.26263009100006, 13.065464430000079], [80.26248009800008, 13.06528819400006], [80.26228064900005, 13.065195782000044], [80.26225926400008, 13.065185874000065], [80.26218405300006, 13.065180449000025], [80.26187536200007, 13.065158186000078], [80.26186342700004, 13.065129556000043], [80.26166964000004, 13.06509879600003], [80.26093200600008, 13.063694914000052], [80.26012299100006, 13.061719962000037], [80.25848116200007, 13.06043505200006], [80.25745799300006, 13.060554025000043], [80.25700589700006, 13.060768177000055], [80.25662518200005, 13.061101301000066], [80.25651155800006, 13.061768849000032], [80.25660744900006, 13.061658792000056], [80.25662324400008, 13.06164475500003], [80.25639913400005, 13.063113929000053], [80.25630990300004, 13.064749808000045], [80.25593364700006, 13.065261516000023], [80.25587086000007, 13.065569055000028], [80.25561191700007, 13.066065710000032], [80.25515578400007, 13.066693661000045], [80.25469618200003, 13.067291356000053], [80.25366275400006, 13.068259514000035], [80.25068842700006, 13.070133339000048], [80.25008983800006, 13.070076331000053], [80.24998909200008, 13.070187665000049], [80.24927002700008, 13.070181592000038], [80.24800829700007, 13.069867688000045], [80.24483565500003, 13.068272003000063], [80.24195340900008, 13.066976882000061], [80.23970479800005, 13.065976515000045], [80.23858896900003, 13.065549999000039], [80.23840828000004, 13.065480932000073], [80.23737120200008, 13.06547035400007], [80.23703603800004, 13.065485188000022], [80.23714436800003, 13.065183928000067], [80.23721335000005, 13.065070662000037], [80.23807728400004, 13.065017498000026], [80.24209262400007, 13.066534404000036], [80.24220435800004, 13.066540443000061], [80.24223381400003, 13.066572740000026], [80.24255262100007, 13.066830235000053], [80.24291453400008, 13.066998188000069], [80.24331660000007, 13.066989645000037], [80.24371982800005, 13.066981058000067], [80.24408173100005, 13.067150146000076], [80.24435560100005, 13.067407966000074], [80.24471570800006, 13.067487818000075], [80.24477658500007, 13.067486692000045], [80.24598899200004, 13.06817028300003], [80.24929049300005, 13.069806163000067], [80.25045560000007, 13.069826604000072], [80.25054144600006, 13.069787194000073], [80.2507940660001, 13.069673532000024], [80.25100985400007, 13.069562405000058], [80.25122651100008, 13.06941511800005], [80.25144088300004, 13.069267829000069], [80.25162067400004, 13.06912082000002], [80.25179904700009, 13.068938805000071], [80.25201454000006, 13.068791509000048], [80.25223119600008, 13.068644221000055], [80.25241098500004, 13.068497218000058], [80.25258848100003, 13.06835019700003], [80.25273113400004, 13.068169570000064], [80.25290950800007, 13.067986408000024], [80.25305214400004, 13.067804634000026], [80.25315651700004, 13.067589280000048], [80.25331144600005, 13.067353191000052], [80.25343925100003, 13.067188440000054], [80.25365591500008, 13.067041180000045], [80.25383568000007, 13.06689528800007], [80.25397719200004, 13.06671465100004], [80.25419295900008, 13.066601264000044], [80.25437277100009, 13.066455354000025], [80.25451427500008, 13.066273615000057], [80.25461835200008, 13.06602094200002], [80.25475790000007, 13.065731908000032], [80.25493742800006, 13.065550983000037], [80.25507892300004, 13.065368116000059], [80.2552587150001, 13.06522222400002], [80.25539992400007, 13.065004316000055], [80.25542884900007, 13.064717185000063], [80.2554232510001, 13.064431453000052], [80.25541619900008, 13.064110718000054], [80.25541228200007, 13.06389612100003], [80.25540550400007, 13.063609253000037], [80.25540016000008, 13.063359690000025], [80.25539452200007, 13.063073921000068], [80.25535319900007, 13.062788440000078], [80.25534784600006, 13.062538841000048], [80.25537821000007, 13.062286752000032], [80.25540828700008, 13.062000761000036], [80.25554952200008, 13.061783972000056], [80.25568175800004, 13.061596619000056], [80.25579654100005, 13.061385713000048], [80.25590204200006, 13.06116805600004], [80.25604355000007, 13.06098627900008], [80.25627564300004, 13.060749656000043], [80.25640029000004, 13.060622236000025], [80.25650462700008, 13.060405734000028], [80.25672156800005, 13.060293439000075], [80.25677852600006, 13.060264100000039], [80.25723860700003, 13.059804019000067], [80.25819039200007, 13.05961366200006], [80.26037949600004, 13.060613036000063], [80.26170854000003, 13.062463275000027], [80.26159339500003, 13.062508211000022], [80.26181240700004, 13.064194600000063], [80.26243106600003, 13.064932234000024], [80.26319249400007, 13.065312947000052], [80.26454878700008, 13.06545571500004], [80.26583369600007, 13.065455716000027], [80.26605670400005, 13.065492883000047], [80.26610412900004, 13.065395814000055], [80.26883181800008, 13.066359911000065], [80.26978360100009, 13.067240310000047], [80.26978360300006, 13.06890593400004], [80.26973771200005, 13.068977317000074], [80.26975084600008, 13.069100775000038], [80.26963187200005, 13.069885998000077], [80.26813281200003, 13.071908539000049], [80.26672893000006, 13.073312421000024], [80.26651477800004, 13.075334962000055], [80.26643355800007, 13.076325839000049], [80.26654705300007, 13.076432045000049], [80.26666072000006, 13.076679702000035], [80.26685896800007, 13.077223183000056], [80.26689372100003, 13.07731845500007], [80.26697167200008, 13.07756751900007], [80.26708505600004, 13.07777902500004], [80.26723533700005, 13.07799142600004], [80.26738699000003, 13.07823769300006], [80.26753582400005, 13.07841396000003], [80.26772239500008, 13.078552623000062], [80.26794323300004, 13.078654936000019], [80.26812753000007, 13.078794774000075], [80.26831294800007, 13.078933482000023], [80.26856900100006, 13.078964361000033], [80.26882617600006, 13.078995230000034], [80.26911768000008, 13.078989724000051], [80.26937226700005, 13.078984442000033], [80.26962662500006, 13.078943036000053], [80.26980640000005, 13.07879602300005], [80.27001826400004, 13.078650437000016], [80.27002073700004, 13.078648738000023], [80.27020052800003, 13.07850168800007], [80.27041744600007, 13.078390546000037], [80.27067178600004, 13.078349149000074], [80.27088757000007, 13.07823799600004], [80.27114305000003, 13.078196580000053], [80.27129999700009, 13.07814916700005], [80.27139598800005, 13.078120169000046], [80.27168717600006, 13.078078491000042], [80.27190436900008, 13.078002350000073], [80.27208301600007, 13.077855326000074], [80.27226251000008, 13.077673272000027], [80.27244114900003, 13.077526248000025], [80.27269351400008, 13.077378690000044], [80.27294641100008, 13.077302251000049], [80.27317870800005, 13.077090465000026], [80.27324408200008, 13.076900227000063], [80.27335005800008, 13.076592220000066], [80.27380251700004, 13.07549096200006], [80.27412760600004, 13.07430592700007], [80.27421455600006, 13.073298478000027], [80.27422710700006, 13.073153040000024], [80.27443341600008, 13.072793803000026], [80.27462376100006, 13.072462360000031], [80.27464741600005, 13.072344084000061], [80.27529727600006, 13.070963131000044], [80.27673238300008, 13.069825876000039], [80.27843826600008, 13.068363691000059], [80.28103770700005, 13.06733474500004], [80.28246608600006, 13.06725170000004], [80.28243343100007, 13.066865386000076], [80.28218432600005, 13.06623806600004], [80.28172048700003, 13.065551335000064], [80.28164069800005, 13.065365555000026], [80.28131897300005, 13.064277920000052], [80.28116993500004, 13.063776354000026], [80.28094944300005, 13.062671011000077], [80.28075905600008, 13.061433300000033], [80.28073179700004, 13.061186124000072], [80.28067713200005, 13.060665818000075], [80.28065554400007, 13.059803017000034], [80.28085642100007, 13.056850011000051], [80.28083356200005, 13.055824538000024], [80.28095075000004, 13.053675286000045], [80.28088867200006, 13.053395609000063], [80.28054116600003, 13.05269783700004], [80.27954651600004, 13.050697958000057], [80.27885271500008, 13.049467324000032], [80.27874827400007, 13.04921846700006], [80.27863531100007, 13.049061168000033], [80.27837603400008, 13.048601087000064], [80.27826813100006, 13.048203156000055], [80.27796581000007, 13.047085991000074], [80.27760746900003, 13.046027957000033], [80.27748831500008, 13.045663995000039], [80.27774978500008, 13.045661464000032], [80.27861271500007, 13.048084303000051], [80.27993331500005, 13.050761197000044], [80.28125391600008, 13.053545166000047], [80.28118882800004, 13.054000781000072], [80.28117998900007, 13.054423591000043], [80.28115879800004, 13.05481345800007], [80.28110786600007, 13.055837219000068], [80.28108023300007, 13.056739922000077], [80.28106179500008, 13.057339837000027], [80.28102011700008, 13.058746151000038], [80.28101512000006, 13.058914782000045], [80.28100199500005, 13.059306828000047], [80.28096078900006, 13.060394901000048], [80.28108731200007, 13.06157208500002], [80.28123340000008, 13.062736689000076], [80.28126530600008, 13.062993990000049], [80.28147421500006, 13.063940159000026], [80.28159102500007, 13.064297363000037], [80.28173968800007, 13.064750342000021], [80.28193199800006, 13.065339679000033], [80.28258365800008, 13.066474574000038], [80.28279909800005, 13.067232338000052], [80.28336637200005, 13.067199358000039], [80.28534302900005, 13.06700981500006], [80.28608536100006, 13.066681808000054], [80.28610227300004, 13.06660535700007], [80.28622036100006, 13.066071560000065], [80.28643279600004, 13.065829386000074], [80.28667776300007, 13.06591795000003], [80.28683650900007, 13.06648608100005], [80.28702055800005, 13.066294936000075], [80.28721648500004, 13.066152310000062], [80.28741126200003, 13.066009681000022], [80.28765595200008, 13.065915210000071], [80.28789910000006, 13.065771104000023], [80.28814301400007, 13.065725244000076], [80.28843687800008, 13.065583003000025], [80.28882746200003, 13.065519229000074], [80.28874081400005, 13.065381607000063], [80.28857224400008, 13.065426383000043], [80.28827123000008, 13.065506339000024], [80.28767636500004, 13.065863259000023], [80.28717667800004, 13.066006025000036], [80.28693873200007, 13.065601518000049], [80.28677638500005, 13.065158754000038], [80.28667699200008, 13.064887679000035], [80.28670078600004, 13.064340403000072], [80.28681975900008, 13.063721744000077], [80.28679646000006, 13.063470127000071], [80.28676530100006, 13.063133597000046], [80.28628163100007, 13.06292199100005], [80.28621828600006, 13.06290087600007], [80.28539363700008, 13.06262599300004], [80.28512690200006, 13.062537081000071], [80.28452113700007, 13.062285911000057], [80.28427413500003, 13.062124082000025], [80.28396298100006, 13.061540666000042], [80.28356910500008, 13.059440095000069], [80.28356911900005, 13.059440072000031], [80.28327333100003, 13.057862577000035], [80.28334304400005, 13.057825464000075], [80.28337899700006, 13.05768165300003], [80.28246174800006, 13.053534111000031], [80.28233499300006, 13.05285806200004], [80.28115304400008, 13.04593524900002], [80.28084487100006, 13.043654731000059], [80.28038087600004, 13.03830094300002], [80.28037614900006, 13.03826140800004], [80.27959565400005, 13.031733631000066], [80.27952426900004, 13.03002041900004], [80.27902458300008, 13.02613000100007], [80.27897754900006, 13.02507643900003], [80.27878301800007, 13.023208942000053], [80.27866495300003, 13.02161822000005], [80.27807628700003, 13.01994716200005], [80.27809081000004, 13.019877524000036], [80.27809129500008, 13.01963917300003], [80.27809178800004, 13.019399693000027], [80.27809340200008, 13.019161344000052], [80.27809388600008, 13.018923021000033], [80.27809437000008, 13.018683542000073], [80.27804531200007, 13.018444445000055], [80.27799740600005, 13.018205331000047], [80.27790110100005, 13.017965433000029], [80.27790122200008, 13.017679663000024], [80.27790284700006, 13.017441303000055], [80.27790332100007, 13.017201861000046], [80.27785545500006, 13.016962717000068], [80.27785591900005, 13.016723257000022], [80.27785639500007, 13.016484925000043], [80.27773430000008, 13.016336713000046], [80.27755087700007, 13.016150550000079], [80.27728218400006, 13.016115248000062], [80.27713552600005, 13.016215712000076], [80.27696343300005, 13.016008027000051], [80.27675232600006, 13.015809568000062], [80.27674842400006, 13.015817374000049], [80.27672462800007, 13.015841168000065], [80.27670083400005, 13.01588875800007], [80.27667703900005, 13.015936346000045], [80.27665324500003, 13.015983936000055], [80.27662945000003, 13.016031525000075], [80.27660565600007, 13.016079114000034], [80.27660565500008, 13.016126703000053], [80.27658186100007, 13.01615049800006], [80.27658186100007, 13.016221882000027], [80.27658186100007, 13.016269471000044], [80.27658186200006, 13.01631706100005], [80.27658186100007, 13.016364650000073], [80.27658186100007, 13.016412239000031], [80.27658186100007, 13.01645982800005], [80.27658186100007, 13.016493127000047], [80.27658186000008, 13.016507418000057], [80.27660565600007, 13.016531212000071], [80.27660565600007, 13.016602596000038], [80.27660565600007, 13.016673980000064], [80.27662945000003, 13.016769158000043], [80.27665324500003, 13.01681674700006], [80.27665324500003, 13.016864337000072], [80.27667704000004, 13.016911926000034], [80.27670083400005, 13.016959515000051], [80.27670083300006, 13.01700710400007], [80.27672462800007, 13.017054693000034], [80.27674842300007, 13.01710228300004], [80.27674842300007, 13.01714987100007], [80.27677221800008, 13.017173667000066], [80.27677221800008, 13.01722125600003], [80.27679601300008, 13.017292640000049], [80.27679601300008, 13.017340229000068], [80.27681980700004, 13.01736402300003], [80.27681980800008, 13.017435407000049], [80.27681980700004, 13.01748299600007], [80.27684360200004, 13.017506791000075], [80.27684360200004, 13.017554380000036], [80.27686739700005, 13.017601969000053], [80.27689119100006, 13.017625764000059], [80.27689119200005, 13.017673353000076], [80.27689119100006, 13.017744737000044], [80.27689119100006, 13.017792327000052], [80.27689119100006, 13.017839915000021], [80.27689119100006, 13.017887505000031], [80.27691498600007, 13.017911300000037], [80.27691498600007, 13.017958889000058], [80.27691498500008, 13.01800647800007], [80.27693878000008, 13.018030272000031], [80.27693878000008, 13.01807786200004], [80.27696257500008, 13.01812545000007], [80.27696257500008, 13.01817304000002], [80.27696257500008, 13.018220629000039], [80.27698637000003, 13.018268218000062], [80.27701016400005, 13.018292013000062], [80.27701016400005, 13.018363397000032], [80.27703395900005, 13.018387192000034], [80.27703395900005, 13.018434780000064], [80.27705775300007, 13.018482370000068], [80.27705775300007, 13.018529959000032], [80.27705775400005, 13.018577548000053], [80.27705775300007, 13.018625137000068], [80.27708154800007, 13.018672727000022], [80.27708154800007, 13.018720316000042], [80.27708154800007, 13.018767905000061], [80.27710534300007, 13.018815494000025], [80.27710534200008, 13.018863084000028], [80.27712913700003, 13.018910673000049], [80.27712913800008, 13.018958261000023], [80.27712913700003, 13.019005851000031], [80.27712913700003, 13.019053440000048], [80.27712913800008, 13.019101030000057], [80.27717672600005, 13.019124824000073], [80.27717672700004, 13.019172414000023], [80.27717672600005, 13.019243798000048], [80.27720052000006, 13.01926759200006], [80.27720052100005, 13.019315182000073], [80.27720052100005, 13.019362771000031], [80.27720052100005, 13.019434154000068], [80.27720052100005, 13.019505538000033], [80.27720052200004, 13.019576922000054], [80.27720052100005, 13.019624511000073], [80.27720052100005, 13.019672100000037], [80.27720052100005, 13.019743484000061], [80.27720052100005, 13.019791074000068], [80.27720052100005, 13.01983866300003], [80.27720052100005, 13.019886252000047], [80.27715293300008, 13.019933840000022], [80.27715293200004, 13.019981430000032], [80.27715293300008, 13.020052814000056], [80.27715293200004, 13.020100403000072], [80.27715293200004, 13.02014799300002], [80.27712913800008, 13.020171788000027], [80.27712913700003, 13.02024317100006], [80.27712913700003, 13.020314555000024], [80.27712913700003, 13.020385938000063], [80.27710534200008, 13.02043352800007], [80.27710534300007, 13.02048111800008], [80.27708154800007, 13.020552501000054], [80.27708154800007, 13.020600090000073], [80.27708154800007, 13.020671474000034], [80.27705775300007, 13.020719063000056], [80.27705775300007, 13.020766652000077], [80.27703395900005, 13.020814242000027], [80.27703395900005, 13.020861831000046], [80.27701016400005, 13.02093321500007], [80.27698637000003, 13.020957009000028], [80.27698636900004, 13.021004598000049], [80.27693878000008, 13.021052188000054], [80.27691498600007, 13.021075983000056], [80.27691453100005, 13.021076437000032], [80.27686739600006, 13.021123572000022], [80.27679601200003, 13.021147366000033], [80.27672462800007, 13.021147367000026], [80.27670083400005, 13.021171160000053], [80.27667703900005, 13.021194955000054], [80.27665324600008, 13.021242545000062], [80.27662945100008, 13.021266339000023], [80.27655806700007, 13.021337723000045], [80.27651047700004, 13.021361518000047], [80.27648668200004, 13.021385313000053], [80.27643909300008, 13.021385312000062], [80.27636770900006, 13.021456696000028], [80.27627253100007, 13.02148049100003], [80.27624873600008, 13.021528080000053], [80.27622494200006, 13.021551875000057], [80.27588692800003, 13.021636378000037], [80.27588205800005, 13.021640013000022], [80.27564618000008, 13.021978351000028], [80.27533374400008, 13.022249478000047], [80.27497821900005, 13.022612407000056], [80.27454429800008, 13.022811000000047], [80.27415011700003, 13.022880461000057], [80.27382869900003, 13.022937100000036], [80.27359170500006, 13.022978375000037], [80.27335428200007, 13.023130450000052], [80.27312969400003, 13.02327430300005], [80.27236756200006, 13.023642484000046], [80.27156154600004, 13.02399629000007], [80.27099633700004, 13.024204851000038], [80.27057131400005, 13.024362711000038], [80.27016126200004, 13.024371382000023], [80.26963370300007, 13.024382012000045], [80.26916331900003, 13.024333502000045], [80.26869135400005, 13.02422734500004], [80.26810303400003, 13.024124351000069], [80.26786445500005, 13.023956654000074], [80.26744239000004, 13.02344806200006], [80.26738218000008, 13.023084853000055], [80.26737599700004, 13.023047552000035], [80.26745172800008, 13.022979966000037], [80.26618970400006, 13.021796820000075], [80.26609859300004, 13.02168546100006], [80.26592150700003, 13.021746742000056], [80.26588140600006, 13.021715560000072], [80.26570131200003, 13.021575514000062], [80.2654914380001, 13.021394059000045], [80.26523224600004, 13.021241204000034], [80.26536934800004, 13.020940886000062], [80.26546819800006, 13.020606924000047], [80.26532323500004, 13.020177626000077], [80.26488475200006, 13.020080284000075], [80.26444560800007, 13.020508206000041], [80.26418147900006, 13.02031358800002], [80.26375828200008, 13.020256793000046], [80.26361959500008, 13.019742732000054], [80.26357090000005, 13.019551061000072], [80.26362098700008, 13.01916777300005], [80.26401173800008, 13.018740196000069], [80.26425564300007, 13.018548670000028], [80.26462434300004, 13.018586124000024], [80.26474333200008, 13.018598212000029], [80.26498632400006, 13.018742135000021], [80.26518081400008, 13.018714743000034], [80.26518054200007, 13.018982436000044], [80.26547180700004, 13.019412963000036], [80.26566720400007, 13.019508662000021], [80.26586260000005, 13.018840799000033], [80.26601138700005, 13.018410478000021], [80.2662535730001, 13.018746460000044], [80.26649655800009, 13.018889272000024], [80.26683805100004, 13.01865182900002], [80.26722823000006, 13.018606065000032], [80.26752048500003, 13.01855876500002], [80.26790246300004, 13.01880107200003], [80.26766586500008, 13.018893157000036], [80.26747032800006, 13.019084345000065], [80.26707922900005, 13.019464476000051], [80.26678619100005, 13.01955925000004], [80.26678571500008, 13.019798721000026], [80.26683473600008, 13.020036683000054], [80.26698019500003, 13.020228786000075], [80.26708789300005, 13.020443484000053], [80.26709366500006, 13.020454990000074], [80.26697904000008, 13.020508720000063], [80.26691376100007, 13.020539320000067], [80.26696218100005, 13.02059519000005], [80.26760591100003, 13.02183973500007], [80.26807798000006, 13.02256929600003], [80.26837838700004, 13.022869702000035], [80.26852159100008, 13.023051963000054], [80.26872504300007, 13.023052367000044], [80.26877639900005, 13.02305246700007], [80.26896926300003, 13.023052840000046], [80.26910280300007, 13.023053930000062], [80.26964560000005, 13.023226939000038], [80.26995967600004, 13.023224643000047], [80.27090023200003, 13.022997787000063], [80.27153378200006, 13.022919998000075], [80.27154569300006, 13.02290782800003], [80.27196244700008, 13.022481981000057], [80.27227945100003, 13.02235541600004], [80.27258836800007, 13.022231178000027], [80.27297242100008, 13.021985494000035], [80.27307049800004, 13.021938557000055], [80.27359801000006, 13.021686102000048], [80.27393403100007, 13.021489357000062], [80.27446282900007, 13.021191792000025], [80.27489561400006, 13.020992080000045], [80.27497079900007, 13.020578147000037], [80.27472037500007, 13.020521215000029], [80.27483257500006, 13.020278686000038], [80.27521734600003, 13.020127887000058], [80.27535872300007, 13.019934845000023], [80.27550310900006, 13.019835507000037], [80.27564448700008, 13.019642418000046], [80.27563921600006, 13.019404128000076], [80.27563394500004, 13.019166966000057], [80.27558144500006, 13.018929022000066], [80.27547827700006, 13.01869257000004], [80.27537740400004, 13.018456091000076], [80.27522584800005, 13.018221122000057], [80.27512382400005, 13.01798467800006], [80.27497226700007, 13.017749708000052], [80.27487024300007, 13.01751323800005], [80.27476785900006, 13.01722935600003], [80.27466469400008, 13.016992893000067], [80.27456267300005, 13.01675756100008], [80.27450752100003, 13.016472193000025], [80.27445500000005, 13.016234240000074], [80.27435184700005, 13.015997805000039], [80.27406008500003, 13.015957005000075], [80.27366549300007, 13.015726073000055], [80.27336882400004, 13.01549442200007], [80.27297351300007, 13.015168628000026], [80.27264319200003, 13.015054702000043], [80.27219080000003, 13.014946185000042], [80.27121491600008, 13.014774844000042], [80.27086686300004, 13.014601167000025], [80.27057545800005, 13.014454216000049], [80.27023187900005, 13.014264673000069], [80.26997590500008, 13.014234934000056], [80.26972165000006, 13.014275183000052], [80.26954303100007, 13.014422220000029], [80.26928902100008, 13.014498601000069], [80.26907188800004, 13.014574741000045], [80.26889240200006, 13.014756807000023], [80.26871524800003, 13.014939938000055], [80.26853548700008, 13.015085834000047], [80.26835690300004, 13.015232869000043], [80.26810460200005, 13.015381534000026], [80.26785004200008, 13.015385650000042], [80.26759291600007, 13.01535590700007], [80.26733695700005, 13.015325018000052], [80.26712095500005, 13.015401149000068], [80.26683125600005, 13.01547782600005], [80.26661463400006, 13.01562510000002], [80.26636035500009, 13.015666493000028], [80.26610580500005, 13.015671727000036], [80.26585012100008, 13.015676997000071], [80.26555871100004, 13.015682498000045], [80.26533819400004, 13.015616343000032], [80.26515282900004, 13.015477616000057], [80.26485943600005, 13.01537470100004], [80.26463837200004, 13.015236254000058], [80.26445297900005, 13.01509755400002], [80.26415989700007, 13.015031907000036], [80.26386537100008, 13.014931276000029], [80.26361057600008, 13.014900372000056], [80.26335371100005, 13.014905612000064], [80.26309746100003, 13.01483859600006], [80.26284264500003, 13.014808803000049], [80.26265613100009, 13.014670102000027], [80.26243673000005, 13.014602798000054], [80.26221591400008, 13.014499360000062], [80.26199486200005, 13.014360891000022], [80.26180834900003, 13.014222179000056], [80.26165956400007, 13.014045920000058], [80.26143903100007, 13.013979743000048], [80.26137190700007, 13.013962268000059], [80.26118163200005, 13.013912733000039], [80.26092540100007, 13.013846814000031], [80.26073109400005, 13.013743173000021], [80.26044665700005, 13.013605181000058], [80.26015526600008, 13.013611815000043], [80.25986383100008, 13.013617311000074], [80.25960814700005, 13.013622574000063], [80.25939100900007, 13.013699815000052], [80.25917387700008, 13.013774819000048], [80.25888441900008, 13.013888750000033], [80.25866725600008, 13.013963761000067], [80.25845154500007, 13.014074868000023], [80.25830890600008, 13.014257781000024], [80.25805606300008, 13.014334162000068], [80.25780063400003, 13.014374445000044], [80.25754607200008, 13.014379662000065], [80.25733034200005, 13.014491907000036], [80.25711204500004, 13.014568055000037], [80.25685774700008, 13.014608311000075], [80.25660322400006, 13.014613535000025], [80.25634750200004, 13.014618796000034], [80.25583843400005, 13.014629242000069], [80.25562011700003, 13.014705380000064], [80.25540411200006, 13.014781511000024], [80.25518579700008, 13.01485652800005], [80.25493295900003, 13.014934026000047], [80.25468839200005, 13.015007590000037], [80.25467894300004, 13.015010432000054], [80.25449919100004, 13.015156319000024], [80.25424830300005, 13.015341114000023], [80.25399568200004, 13.01545252300002], [80.25377856100005, 13.015529772000036], [80.25326999000005, 13.015610258000038], [80.25312005600006, 13.015436260000056], [80.25315042200003, 13.015184161000036], [80.25322024100007, 13.014969041000027], [80.25339855200008, 13.014785873000049], [80.25357715300004, 13.014638875000056], [80.25375691300007, 13.014492989000075], [80.25389670600003, 13.014240079000047], [80.25389136200005, 13.01399047800004], [80.25377804600004, 13.013777813000045], [80.25352347600005, 13.013781916000028], [80.25326773500007, 13.013787143000057], [80.25308917000007, 13.01393417000003], [80.25302081400008, 13.014185433000023], [80.25291671800005, 13.014439194000031], [80.25273839300007, 13.014620094000065], [80.25255861900007, 13.014767100000029], [80.25238002500004, 13.014914107000038], [80.25216285800008, 13.014990262000028], [80.25194711400007, 13.01510135600006], [80.25173051800004, 13.015248655000047], [80.25158903800008, 13.015430409000034], [80.25140926400007, 13.015577413000072], [80.25126665000005, 13.015759202000025], [80.25112516000007, 13.01593980700005], [80.25098253700008, 13.016121576000044], [80.25084107400006, 13.016304477000059], [80.25069842000005, 13.016486218000068], [80.25064637700007, 13.016552672000046], [80.25068622500004, 13.016971071000055], [80.25157852300003, 13.01814890500003], [80.25235923800005, 13.019554192000042], [80.25231555500005, 13.019661049000034], [80.25218817100006, 13.019824924000034], [80.25218752900008, 13.019825602000026], [80.25060350400008, 13.018139382000072], [80.25059659100003, 13.018136834000073], [80.25042111900007, 13.017754466000044], [80.25027517200004, 13.017552943000055], [80.25014205000008, 13.017336277000025], [80.25004377000005, 13.017827677000069], [80.25003111400008, 13.018038620000027], [80.24999666900004, 13.017993609000028], [80.24999687000007, 13.01847707300004], [80.24962226100007, 13.018911288000025], [80.24939482300006, 13.020070732000022], [80.24921126700008, 13.020784836000075], [80.24916091800003, 13.02098285200003], [80.24791623500005, 13.021833384000047], [80.24595487700003, 13.024513340000055], [80.24504472400008, 13.025273343000034], [80.24371530100007, 13.026044252000075], [80.24228289800004, 13.025990210000032], [80.24073007300008, 13.025853393000036], [80.24000727900005, 13.025788583000063], [80.23864418600004, 13.024990734000026], [80.23792844200005, 13.022942314000035], [80.23727868300006, 13.021687313000026], [80.23678759900008, 13.020738793000016], [80.23600431100004, 13.019516578000033], [80.23519984100005, 13.017306087000064], [80.23408141500005, 13.016090790000021], [80.23256499000007, 13.016039519000056], [80.23105503000005, 13.016235586000048], [80.23010641700006, 13.01696227000002], [80.23006074000006, 13.016997261000027], [80.22949511400003, 13.018081196000026], [80.22815859400004, 13.018521123000026], [80.22706373400007, 13.018460016000061], [80.22578660100004, 13.017743943000026], [80.22551798700005, 13.017560612000068], [80.22296948800005, 13.01582114300004], [80.22137076300004, 13.015852868000021], [80.22057589600007, 13.016011025000065], [80.21952798000007, 13.016220680000062], [80.21702015900007, 13.017013393000072], [80.21434764100007, 13.01797445300002], [80.21317979900006, 13.01879377600005], [80.21277290600005, 13.019077923000056], [80.21196082700004, 13.020497930000031], [80.21174438000008, 13.022235665000037], [80.21162505400008, 13.022927793000063], [80.21144382600005, 13.023972848000028], [80.21096042700003, 13.02497257400006], [80.21044297900005, 13.025343518000057], [80.20969851900009, 13.02587719400003], [80.20930215600004, 13.026161332000074], [80.20906425200008, 13.026239839000027], [80.20782300200005, 13.026644573000056], [80.20536697300008, 13.026847365000036], [80.20093522600007, 13.028066839000074], [80.19760398100004, 13.028394015000059], [80.19451068100005, 13.027709920000062], [80.19259016500007, 13.02589377700002], [80.1919451689139, 13.025283836329367], [80.1916451020399, 13.025055484722882], [80.19162479534812, 13.025037125962628], [80.19084000376324, 13.024167966278693], [80.19068933044832, 13.024001092576382], [80.19009782025825, 13.023345985029207], [80.19004557144603, 13.02329682089163], [80.18980167620646, 13.023140015998992], [80.18951200097814, 13.022953778094463], [80.18911208775273, 13.022696663720122], [80.18875435003326, 13.022486136026428], [80.18827350232033, 13.022313422126784], [80.18929921958335, 13.023624418731968], [80.18967798525085, 13.024302726989333], [80.18980000256812, 13.024624076340103], [80.18981779205751, 13.024990148976256], [80.189745380445, 13.025283655316516], [80.18964251868732, 13.025504148397772], [80.1896296332011, 13.02576791325862], [80.18984048375137, 13.025986059109414], [80.19004723878908, 13.026023442128176], [80.18999084140427, 13.0261094415975], [80.18952055712805, 13.027109040749679], [80.18926933511176, 13.0274624797097], [80.18868808978357, 13.027642606720974], [80.18801914976399, 13.028072410713206], [80.18736731035312, 13.028780401094705], [80.18701452879753, 13.02952277435662], [80.1864409070223, 13.030684275758745], [80.18597356173052, 13.032064703623234], [80.18599482080441, 13.032877522579664], [80.18605057157669, 13.03428333920476], [80.18603299432726, 13.035865481406914], [80.18585486471028, 13.037175564300924], [80.18582086494104, 13.037425629789025], [80.18579275123454, 13.037632392021349], [80.18566957379187, 13.039083488612162], [80.18570657190082, 13.039998727759153], [80.18580031093563, 13.040525363554707], [80.18582356920241, 13.04159451177736], [80.18571214230161, 13.042635370925662], [80.18545137308246, 13.043684670211404], [80.18497854012759, 13.044362026086674], [80.18450490767543, 13.044936847557492], [80.1841505648967, 13.045481482384556], [80.18398930116535, 13.045878190426208], [80.18380504536663, 13.047161289162204], [80.18373820325553, 13.048172519246405], [80.1838705942526, 13.049826781680679], [80.18400157601201, 13.051183607737354], [80.18401684560098, 13.05134178319679], [80.18403670892702, 13.051469879931064], [80.18425279982694, 13.052863436998052], [80.18471200985141, 13.054273557778517], [80.18508962528603, 13.054798069375462], [80.18557011416948, 13.055102086991779], [80.18607888942927, 13.055200817263938], [80.18660237579905, 13.055270138805895], [80.1868583039676, 13.055517241027927], [80.18698182315268, 13.056029003835533], [80.18709188488265, 13.056731294313803], [80.18729473326539, 13.05783571484642], [80.1879486015468, 13.059295637383796], [80.18829989202646, 13.06027443341844], [80.18860550683871, 13.061143709114956], [80.18868569668763, 13.061846221725771], [80.1886456750579, 13.06246174741176], [80.18831003368115, 13.063489638336193], [80.1879106285727, 13.0640053203893], [80.18784100755653, 13.064657686802832], [80.18774385019856, 13.065610549087634], [80.18773210685129, 13.066020787429467], [80.1878842631483, 13.066371203768087], [80.18835521112413, 13.067363748638115], [80.18876542608359, 13.068232239226516], [80.18902583197661, 13.069050585416221], [80.18912543369186, 13.070324229579565], [80.18877879270718, 13.071857567372888], [80.18823545290388, 13.07307744556772], [80.1881765446119, 13.073187749215322], [80.18810400979226, 13.073466609196712], [80.18808128392419, 13.073708031300669], [80.18807641409529, 13.0737597800898], [80.18816754959278, 13.073949522652413], [80.18845361314379, 13.074225690962919], [80.1890101136259, 13.074690255550877], [80.18907127202164, 13.074784566554566], [80.18931260868999, 13.075156726701607], [80.18954085392733, 13.07568234806194], [80.18980127420951, 13.076500689755052], [80.19015088835289, 13.077259767923978], [80.1912253317837, 13.078987501372128], [80.19178838382692, 13.080286953380268], [80.19173257100141, 13.08079273389762], [80.19173658377639, 13.081305389731995], [80.19197943939969, 13.08178695240599], [80.19256665172963, 13.082353812178722], [80.1938760223606, 13.083545101825052], [80.1948367950821, 13.08410914222321], [80.19611589813024, 13.085249377356945], [80.19673600226474, 13.086196828420952], [80.19707048171739, 13.086926710099645], [80.19711910356386, 13.087409730574675], [80.19730836408979, 13.088675362677916], [80.19737906429242, 13.090066399844549], [80.19726136462032, 13.090301658894473], [80.19700837813423, 13.090435400673245], [80.19636596721568, 13.090454897075919], [80.19527493399107, 13.090433828658318], [80.19460252168909, 13.090438899036029], [80.19388551020819, 13.09047360027648], [80.19328884330554, 13.09060992760612], [80.19299263360324, 13.090949067345607], [80.19290751277157, 13.091528309883643], [80.19294509094323, 13.092509452249486], [80.19323474368855, 13.093239676569851], [80.19381118303971, 13.094333943756563], [80.19454010244385, 13.095815233286428], [80.19483240908846, 13.096882340947332], [80.19486884781912, 13.097717009832197], [80.19482879201519, 13.098325207842093], [80.1943540659874, 13.09876823186846], [80.19372990591046, 13.099212382745296], [80.19343334367392, 13.099507580710336], [80.19336311021942, 13.100079386754315], [80.1932949452056, 13.100914844344627], [80.1930137838591, 13.101268518927041], [80.19234662359787, 13.101947362281008], [80.19169451978632, 13.10264073688057], [80.19097016444158, 13.10364959095591], [80.19098731361368, 13.103752008448451], [80.19104855474707, 13.104117741140893], [80.19126357095712, 13.104290643898139], [80.19140949315363, 13.104407985640078], [80.19242977761219, 13.10492763010609], [80.19419977020328, 13.105763872804513], [80.19507051719069, 13.106269986970347], [80.19553854057125, 13.106874349371763], [80.19638643218815, 13.108274163022259], [80.19699350694486, 13.109456071840272], [80.19752684898498, 13.110763044878693], [80.19838947959084, 13.112133440805678], [80.19899600036518, 13.113242106138326], [80.19951626949748, 13.11421373172406], [80.20051722600004, 13.114317945000037], [80.21129793800003, 13.11543992000003], [80.21138193900003, 13.112340921000055], [80.23000492700004, 13.113299921000078], [80.22917992600003, 13.127332920000068], [80.23071982164689, 13.127620609596804], [80.2316336177973, 13.127604045390454], [80.23222587982053, 13.127651046658514], [80.23297731195345, 13.127864406317373], [80.23320308042855, 13.128084542148946], [80.23333892400007, 13.128109921000034], [80.23339622400005, 13.128172680000032], [80.23370520097103, 13.1285110927777], [80.23414127569936, 13.128674018291347], [80.23479950928999, 13.12874628691168], [80.23591703204545, 13.12868609798511], [80.237665341982, 13.128556576724693], [80.23915169379569, 13.128564426007525], [80.24042859620283, 13.128696352055043], [80.24121876483417, 13.128819149084505], [80.24160225643902, 13.129074000764549], [80.24184211192397, 13.12945887642604], [80.24189887713152, 13.129974079140478], [80.24192996219807, 13.13056682769701], [80.24193765230086, 13.131520707114984], [80.24198011828787, 13.133524938025513], [80.24198405717026, 13.133616840981057], [80.24198501900008, 13.13361688800006], [80.24400771700004, 13.133715744000027], [80.24575091600008, 13.133800921000041], [80.24576996000008, 13.133101043000066], [80.24591991700004, 13.127589921000038]], [[80.27534204600005, 13.040995492000038], [80.27474718100007, 13.040947903000074], [80.27379539500004, 13.041138260000023], [80.27270084400004, 13.041233438000063], [80.27189182700005, 13.040971697000028], [80.27129696200006, 13.040614778000075], [80.27065450800006, 13.039948529000073], [80.26996446400005, 13.039115718000058], [80.26932200900006, 13.036855229000025], [80.26848919800007, 13.034999250000057], [80.26701393200005, 13.03361916400007], [80.26453929300004, 13.032595995000065], [80.26299264300008, 13.031239702000052], [80.26258831600006, 13.030767987000047], [80.26241672400005, 13.030823450000067], [80.26189136200009, 13.030208300000027], [80.26179424100009, 13.030010218000031], [80.26164259000006, 13.029305335000059], [80.26145486300005, 13.02931345600007], [80.26087230500008, 13.027841365000027], [80.26080135800004, 13.027601293000028], [80.26048448400007, 13.026524866000047], [80.26010164400003, 13.025716628000056], [80.25997261900007, 13.025566201000059], [80.25950514500005, 13.025293969000074], [80.25937511800004, 13.02516051800006], [80.25944426300003, 13.024707045000072], [80.25917508100008, 13.024454855000043], [80.25928080900007, 13.024352148000046], [80.25768240100007, 13.023403938000058], [80.25420244000009, 13.022035748000064], [80.25314677200004, 13.021195524000062], [80.25324538000007, 13.02121085400006], [80.25318775400007, 13.02090628700006], [80.25318802300006, 13.020781338000061], [80.25322091100008, 13.020786532000045], [80.25500550700008, 13.021797802000041], [80.25824752200003, 13.023076762000068], [80.25949893600006, 13.024094863000073], [80.26000237400007, 13.024504439000054], [80.26095415900005, 13.026735184000072], [80.26169774000005, 13.028252090000025], [80.26215152300006, 13.029293120000032], [80.26220337600006, 13.029412077000073], [80.26285772800009, 13.030512578000073], [80.26337053700007, 13.030781192000061], [80.26336501000003, 13.030785240000055], [80.26384924900005, 13.03138247000004], [80.26489768200008, 13.032138715000032], [80.26489725300007, 13.03235965500005], [80.26504305300006, 13.032598078000035], [80.26523769500005, 13.032742352000072], [80.26543231900007, 13.03288552600003], [80.26572374000006, 13.03303022000006], [80.26596682900004, 13.03303071500005], [80.26621108700006, 13.033031189000042], [80.26645532800006, 13.033032801000049], [80.26661275600003, 13.032877966000056], [80.26963133900006, 13.035617910000042], [80.27001205300007, 13.038330496000073], [80.27115419400008, 13.040091296000071], [80.27310535300006, 13.04092410800007], [80.27370021800004, 13.04092410800007], [80.27446164500003, 13.040519599000048], [80.27498512600005, 13.040424422000058], [80.27577034900008, 13.040709957000047], [80.27596686900006, 13.041201259000047], [80.27583566100003, 13.04137142600007], [80.27610981600003, 13.041516244000036], [80.27627653200005, 13.041772567000065], [80.27646188500006, 13.042059233000034], [80.27679827500003, 13.042809047000047], [80.27689265600003, 13.043251123000061], [80.27690312900006, 13.043405207000035], [80.27694330300005, 13.043996263000055], [80.27696200200006, 13.04405348200004], [80.27651987900003, 13.043126101000041], [80.27651471000007, 13.043098778000058], [80.27593691100003, 13.04180450900003], [80.27534204600005, 13.040995492000038]], [[80.27154220100005, 13.029794224000055], [80.27186937600004, 13.030389089000037], [80.27186937600004, 13.030805495000036], [80.27075958100005, 13.030731509000075], [80.27085810600005, 13.030002427000053], [80.27154220100005, 13.029794224000055]], [[80.26838941500006, 13.031311131000052], [80.26963863200007, 13.031311131000054], [80.26978734800008, 13.033363416000041], [80.26851407300006, 13.033405392000073], [80.26838941500006, 13.031311131000052]], [[80.24061219700008, 13.07356859200007], [80.24085427000006, 13.07358265700003], [80.24070509000006, 13.073108192000063], [80.24072643100004, 13.073108192000062], [80.24096437700007, 13.073108191000072], [80.24123206700006, 13.073108191000072], [80.24147001300008, 13.073137935000032], [80.24167821600008, 13.073227164000054], [80.24188641800004, 13.073256908000076], [80.24212436400006, 13.073286651000048], [80.24236231100008, 13.07331639400007], [80.24254077100005, 13.073435367000059], [80.24274897300006, 13.073465111000075], [80.24295717600006, 13.073494854000046], [80.24316538000005, 13.073554340000044], [80.24340332400004, 13.07361382700003], [80.24361152800003, 13.073703057000046], [80.24384947400006, 13.073792286000073], [80.24405767600007, 13.073881517000075], [80.24423613700003, 13.074000489000072], [80.24444433900004, 13.074059975000067], [80.24465254200005, 13.074149205000024], [80.24483100100008, 13.074268178000064], [80.24489048900006, 13.074476382000057], [80.24474177200005, 13.07462509800007], [80.24472505300008, 13.074634651000054], [80.24453356900005, 13.074744070000065], [80.24432536700004, 13.074833301000071], [80.24411716300006, 13.074892787000064], [80.24393870400007, 13.07504150300002], [80.24373050100007, 13.075100990000063], [80.24352229700008, 13.075130733000035], [80.24331409600006, 13.075160477000054], [80.24307615000004, 13.075190220000023], [80.24277871700008, 13.075190219000035], [80.24257051300003, 13.075130733000035], [80.24230282400003, 13.075130733000035], [80.24206487800006, 13.075130733000037], [80.24185667500007, 13.07521996300005], [80.24164847200007, 13.07524970600002], [80.24141052700008, 13.07524970600002], [80.24117258000007, 13.07524970600002], [80.24096437700007, 13.075160476000063], [80.24075617500006, 13.07507124700004], [80.24072643100004, 13.074833300000025], [80.24072643100004, 13.07459535500004], [80.24047014700005, 13.073826500000052], [80.24061219700008, 13.07356859200007]], [[80.21553458100006, 13.077318202000072], [80.21558513700006, 13.076337427000059], [80.21553796700006, 13.07624939200002], [80.21509777800003, 13.075780366000059], [80.21519864200008, 13.075551453000061], [80.21519684600008, 13.075461208000036], [80.21587572300007, 13.075893221000058], [80.21633636900003, 13.077994919000048], [80.21667879100005, 13.078837804000045], [80.21757820300007, 13.07927388200005], [80.21758152900009, 13.079427030000032], [80.21752139600005, 13.079708749000078], [80.21808921800005, 13.079674159000035], [80.21863659400003, 13.079365273000064], [80.21905081800008, 13.079131900000046], [80.22021501600005, 13.077785020000022], [80.22167507000006, 13.075632878000022], [80.22193733800003, 13.074642613000037], [80.22200008900006, 13.073165826000032], [80.22229001200003, 13.072021717000041], [80.22256171000004, 13.071523886000021], [80.22291155600004, 13.071254884000039], [80.22338887100007, 13.070713926000055], [80.22740421100008, 13.070624697000028], [80.22960146800006, 13.070930645000033], [80.22969957700008, 13.070702390000063], [80.22959061000006, 13.06999717800005], [80.22877889700004, 13.068690409000055], [80.22851163300004, 13.067926488000069], [80.22837568300008, 13.067467730000034], [80.22858977400006, 13.067126192000044], [80.22875061800005, 13.067092287000037], [80.22880214400004, 13.066906790000074], [80.22960521300007, 13.066579614000034], [80.23165749700007, 13.066817560000063], [80.23301408900005, 13.066783216000035], [80.23301482200003, 13.06682152600007], [80.23366219400003, 13.06682152600007], [80.23476269300005, 13.066137430000024], [80.23605169300004, 13.06517753700007], [80.23606196200006, 13.065199345000053], [80.23621476500006, 13.065523861000031], [80.23577746500007, 13.065748417000064], [80.23525145900004, 13.066129469000032], [80.23469936700008, 13.06672422200006], [80.23392496300005, 13.067170317000034], [80.23320237800004, 13.067307672000027], [80.23302489200006, 13.067302183000034], [80.23210631200004, 13.067269247000068], [80.23044020000005, 13.067118548000053], [80.22924435400006, 13.066988209000044], [80.22917234200008, 13.067003390000025], [80.22918895500004, 13.067402098000057], [80.22923829100007, 13.06736179300003], [80.22926019100004, 13.067624594000051], [80.22970633900007, 13.068219459000034], [80.23015248800004, 13.069082013000068], [80.23033094900006, 13.069855338000025], [80.23024171900005, 13.070598920000066], [80.23019408200008, 13.070656764000033], [80.23023735300006, 13.070812609000027], [80.22980048300008, 13.071560134000036], [80.22867369400007, 13.071730862000042], [80.22602920300005, 13.071415504000072], [80.22392143200005, 13.071532248000038], [80.22322934500005, 13.071773914000062], [80.22310333500008, 13.071996854000076], [80.22286538900005, 13.074673747000078], [80.22200283500007, 13.076607059000025], [80.22110870800003, 13.077355631000046], [80.22091871800006, 13.077623103000063], [80.22015267800003, 13.078701548000025], [80.21904680200004, 13.079832257000021], [80.21799543800006, 13.080075841000053], [80.21656108200006, 13.079957322000041], [80.21602266100007, 13.079450569000073], [80.21563002900007, 13.07871912500008], [80.21561194400005, 13.077833678000045], [80.21553458100006, 13.077318202000072]], [[80.21577882300005, 13.10278840400002], [80.21551392000003, 13.10250114800004], [80.21550863700008, 13.102254904000063], [80.21567448200005, 13.102086554000039], [80.21592565800006, 13.10208139200006], [80.21602430600008, 13.102047172000024], [80.21608461600005, 13.101588822000052], [80.21959432100005, 13.101023700000042], [80.22007021200005, 13.10304624200006], [80.21973310300007, 13.103214796000032], [80.21979117400008, 13.103516546000037], [80.21948506000007, 13.103574093000079], [80.21923270600007, 13.10357927500007], [80.21898152900008, 13.103584478000073], [80.21873063900006, 13.103629180000041], [80.21843711500003, 13.103677604000042], [80.21810214000004, 13.103725174000033], [80.21786622200005, 13.10376866900003], [80.21760005500005, 13.103776226000036], [80.21726538900003, 13.103865602000042], [80.21701303200007, 13.103870746000041], [80.21676360500004, 13.103958411000061], [80.21638596800005, 13.104007422000054], [80.21609362400005, 13.104053540000054], [80.21577882300005, 13.10278840400002]], [[80.19286583500008, 13.076722767000035], [80.19379382500006, 13.077555578000041], [80.19443628000005, 13.077603166000072], [80.19534047400003, 13.07767455100003], [80.19539699400008, 13.077650110000034], [80.19539771500007, 13.077683479000024], [80.20070806300004, 13.076431996000052], [80.20377756700003, 13.076110769000023], [80.20691845600004, 13.076753223000026], [80.20852459200006, 13.077181526000059], [80.21180824800007, 13.076824607000049], [80.21434778500003, 13.075280294000036], [80.21434308500005, 13.075321471000047], [80.21433433400006, 13.075355819000036], [80.21424564300008, 13.075703977000048], [80.21402090900007, 13.075695399000038], [80.21324665900005, 13.076173075000042], [80.21200829600008, 13.076997462000064], [80.21063537500005, 13.077394691000052], [80.21019872000005, 13.07755704900006], [80.20740344600006, 13.077428935000055], [80.20531727300005, 13.076733210000041], [80.20161181300006, 13.076622762000056], [80.19895263400008, 13.077159396000068], [80.19839246200007, 13.07727243900007], [80.19540385700003, 13.077967905000037], [80.19520830700003, 13.07801334900006], [80.19376329400006, 13.078012223000028], [80.19249218900006, 13.077207850000036], [80.19193931900008, 13.076295634000076], [80.19120872600007, 13.074403073000042], [80.18967410400006, 13.073017635000042], [80.18888382500006, 13.072726114000034], [80.18847457600003, 13.072541480000043], [80.18847424500007, 13.07254132500003], [80.18860209300004, 13.072254293000071], [80.18860224100007, 13.07225396000007], [80.18864541500005, 13.07215702700006], [80.18970115200005, 13.072463531000038], [80.19134298000007, 13.073867412000029], [80.19212820200005, 13.07541406300004], [80.19286583500008, 13.076722767000035]], [[80.19589434200003, 13.104749086000025], [80.19584142900004, 13.10485195700005], [80.19577162300004, 13.10469489500002], [80.19566454800008, 13.104445052000074], [80.19559316400006, 13.104195208000023], [80.19555747300006, 13.10394536500007], [80.19555747100003, 13.103659830000026], [80.19562885500005, 13.103409986000031], [80.19577162400003, 13.103195834000076], [80.19595008300007, 13.103017376000022], [80.19619992600008, 13.102874608000034], [80.19644977000007, 13.102838915000065], [80.19669961300008, 13.102803223000024], [80.19698514800008, 13.10280322400007], [80.19727068300006, 13.102803224000068], [80.19755621900003, 13.102803223000024], [80.19780606200004, 13.102874607000045], [80.19805590600004, 13.102910300000076], [80.19830574900004, 13.103017376000027], [80.19859128500008, 13.103088759000057], [80.19876974500005, 13.103267219000031], [80.19894820300004, 13.10344567800007], [80.19909097200008, 13.103659830000025], [80.19926943100006, 13.103909673000034], [80.19932788400007, 13.103991508000036], [80.19828943500005, 13.103601764000075], [80.19806362300005, 13.104610396000053], [80.19608951600003, 13.104867887000067], [80.19589434200003, 13.104749086000025]]]]}}, {"id": "31", "type": "Feature", "properties": {"map_year": "2015-16", "lulc_group": "Built-up", "lulc_class": "Urban", "LU_Webcode": "1"}, "geometry": {"type": "MultiPolygon", "coordinates": [[[[80.28127070700003, 13.07768407800006], [80.28094569200005, 13.078089393000022], [80.28084371000006, 13.078154656000036], [80.28121324700004, 13.078177753000032], [80.28216503200008, 13.077255712000063], [80.28320604600003, 13.074459845000035], [80.28400911300008, 13.07208038400006], [80.28417091700004, 13.070931577000069], [80.28399169700003, 13.070227835000026], [80.28421184100006, 13.06976736400003], [80.28406860100007, 13.06946297700006], [80.28299784300003, 13.06880862500003], [80.28293025100004, 13.068827400000032], [80.28281122900006, 13.068651797000026], [80.28278170800007, 13.068645916000035], [80.28226153300005, 13.068542279000042], [80.28218786400004, 13.068294483000047], [80.28122418300006, 13.068258791000064], [80.28011773300005, 13.068544326000051], [80.27822606200004, 13.069722159000035], [80.27622731500009, 13.071042759000022], [80.27596265000005, 13.071434857000044], [80.27526363300007, 13.072470436000058], [80.27526363300007, 13.072687954000058], [80.27526363300007, 13.072692450000034], [80.27519891200006, 13.072764112000073], [80.27477043100004, 13.07323489600003], [80.27476610800005, 13.073275966000036], [80.27468236600004, 13.074071423000078], [80.27451002700008, 13.074741387000074], [80.27442143100006, 13.075661483000031], [80.27424795900004, 13.076330320000066], [80.27398935200006, 13.077168099000062], [80.27377847800005, 13.077578150000022], [80.27427553100006, 13.077956859000038], [80.27634566300003, 13.078099627000027], [80.27916532400008, 13.078206703000031], [80.28070007700006, 13.077885476000061], [80.28127070700003, 13.07768407800006]]]]}}, {"id": "32", "type": "Feature", "properties": {"map_year": "2015-16", "lulc_group": "Water/Wetland", "lulc_class": "Waterbodies", "LU_Webcode": "23"}, "geometry": {"type": "MultiPolygon", "coordinates": [[[[80.24206487800006, 13.075130733000037], [80.24230282400003, 13.075130733000035], [80.24257051300003, 13.075130733000035], [80.24277871700008, 13.075190219000035], [80.24307615000004, 13.075190220000023], [80.24331409600006, 13.075160477000054], [80.24352229700008, 13.075130733000035], [80.24373050100007, 13.075100990000063], [80.24393870400007, 13.07504150300002], [80.24411716300006, 13.074892787000064], [80.24432536700004, 13.074833301000071], [80.24453356900005, 13.074744070000065], [80.24472505300008, 13.074634651000054], [80.24474177200005, 13.07462509800007], [80.24489048900006, 13.074476382000057], [80.24483100100008, 13.074268178000064], [80.24465254200005, 13.074149205000024], [80.24444433900004, 13.074059975000067], [80.24423613700003, 13.074000489000072], [80.24405767600007, 13.073881517000075], [80.24384947400006, 13.073792286000073], [80.24361152800003, 13.073703057000046], [80.24340332400004, 13.07361382700003], [80.24316538000005, 13.073554340000044], [80.24295717600006, 13.073494854000046], [80.24274897300006, 13.073465111000075], [80.24254077100005, 13.073435367000059], [80.24236231100008, 13.07331639400007], [80.24212436400006, 13.073286651000048], [80.24188641800004, 13.073256908000076], [80.24167821600008, 13.073227164000054], [80.24147001300008, 13.073137935000032], [80.24123206700006, 13.073108191000072], [80.24096437700007, 13.073108191000072], [80.24072643100004, 13.073108192000062], [80.24070509000006, 13.073108192000063], [80.24085427000006, 13.07358265700003], [80.24061219700008, 13.07356859200007], [80.24047014700005, 13.073826500000052], [80.24072643100004, 13.07459535500004], [80.24072643100004, 13.074833300000025], [80.24075617500006, 13.07507124700004], [80.24096437700007, 13.075160476000063], [80.24117258000007, 13.07524970600002], [80.24141052700008, 13.07524970600002], [80.24164847200007, 13.07524970600002], [80.24185667500007, 13.07521996300005], [80.24206487800006, 13.075130733000037]]]]}}, {"id": "33", "type": "Feature", "properties": {"map_year": "2015-16", "lulc_group": "Water/Wetland", "lulc_class": "River / Stream / Canals", "LU_Webcode": "22"}, "geometry": {"type": "MultiPolygon", "coordinates": [[[[80.19839246200007, 13.07727243900007], [80.19895263400008, 13.077159396000068], [80.20161181300006, 13.076622762000056], [80.20531727300005, 13.076733210000041], [80.20740344600006, 13.077428935000055], [80.21019872000005, 13.07755704900006], [80.21063537500005, 13.077394691000052], [80.21200829600008, 13.076997462000064], [80.21324665900005, 13.076173075000042], [80.21402090900007, 13.075695399000038], [80.21424564300008, 13.075703977000048], [80.21433433400006, 13.075355819000036], [80.21434308500005, 13.075321471000047], [80.21434778500003, 13.075280294000036], [80.21180824800007, 13.076824607000049], [80.20852459200006, 13.077181526000059], [80.20691845600004, 13.076753223000026], [80.20377756700003, 13.076110769000023], [80.20070806300004, 13.076431996000052], [80.19539771500007, 13.077683479000024], [80.19539699400008, 13.077650110000034], [80.19534047400003, 13.07767455100003], [80.19443628000005, 13.077603166000072], [80.19379382500006, 13.077555578000041], [80.19286583500008, 13.076722767000035], [80.19212820200005, 13.07541406300004], [80.19134298000007, 13.073867412000029], [80.18970115200005, 13.072463531000038], [80.18864541500005, 13.07215702700006], [80.18860224100007, 13.07225396000007], [80.18860209300004, 13.072254293000071], [80.18847424500007, 13.07254132500003], [80.18847457600003, 13.072541480000043], [80.18888382500006, 13.072726114000034], [80.18967410400006, 13.073017635000042], [80.19120872600007, 13.074403073000042], [80.19193931900008, 13.076295634000076], [80.19249218900006, 13.077207850000036], [80.19376329400006, 13.078012223000028], [80.19520830700003, 13.07801334900006], [80.19540385700003, 13.077967905000037], [80.19839246200007, 13.07727243900007]]]]}}, {"id": "34", "type": "Feature", "properties": {"map_year": "2015-16", "lulc_group": "Barren/Open", "lulc_class": "Sandy area", "LU_Webcode": "17"}, "geometry": {"type": "MultiPolygon", "coordinates": [[[[80.28943551700007, 13.067209787000023], [80.28963351700008, 13.067760964000056], [80.28983840200004, 13.068330970000034], [80.29000288500004, 13.068787900000075], [80.29083875300006, 13.071109912000054], [80.29124658300003, 13.072243635000062], [80.29143206500004, 13.072759181000036], [80.29150097900003, 13.072950905000026], [80.29198213000006, 13.074288340000068], [80.29241795598152, 13.075499786988244], [80.28943583424076, 13.067209758158967], [80.28943551700007, 13.067209787000023]]], [[[80.29431533800005, 13.079080799000053], [80.29544255200005, 13.081116439000027], [80.29690401700003, 13.083247192000044], [80.29945017300008, 13.086765918000024], [80.30020037100007, 13.08781189700005], [80.30032998200005, 13.087908441000023], [80.30080964800004, 13.088266391000046], [80.30109664300005, 13.08850706100003], [80.30126121100005, 13.088645480000022], [80.30126875300004, 13.088653946000024], [80.30208938200008, 13.089633501000034], [80.30222677400009, 13.089728060000029], [80.30222693600007, 13.089728012000023], [80.30222718300008, 13.089728287000067], [80.30274898700003, 13.089558351000049], [80.30290486800004, 13.08989153900006], [80.30288256400007, 13.089969496000036], [80.30288077300008, 13.089975654000057], [80.3028807802545, 13.089975676970548], [80.30294896122564, 13.089741433420443], [80.30274924068499, 13.089557966327103], [80.30222676425382, 13.089728049709777], [80.30208938471736, 13.089633502184427], [80.30126159114958, 13.088645374784278], [80.30080963865396, 13.088266366299816], [80.30020091993657, 13.087812124130263], [80.29945071537828, 13.086765950887978], [80.29745224462545, 13.084004415271574], [80.29690429759529, 13.083247231974212], [80.29544266095007, 13.081116366627043], [80.2932024146215, 13.07707114875609], [80.29431533800005, 13.079080799000053]]]]}}, {"id": "35", "type": "Feature", "properties": {"map_year": "2015-16", "lulc_group": "Water/Wetland", "lulc_class": "Coastal wetland", "LU_Webcode": "21"}, "geometry": {"type": "MultiPolygon", "coordinates": [[[[80.30313225000003, 13.094638281000073], [80.30309836300006, 13.09462394400003], [80.30287667700003, 13.094417785000074], [80.30259451110969, 13.093864301258797], [80.3029498650443, 13.094562012726781], [80.3031323181216, 13.09463853345028], [80.30313225000003, 13.094638281000073]]], [[[80.30205716000006, 13.09280922700003], [80.30194968900008, 13.092572219000031], [80.30205784800006, 13.092108351000034], [80.30181305700006, 13.091599637000057], [80.30145144300008, 13.09103417600005], [80.30074209500003, 13.090648637000072], [80.30015186600008, 13.090318725000031], [80.29934387600008, 13.09073476200007], [80.29852818000006, 13.090751006000062], [80.29834303100006, 13.090355944000065], [80.29803905500006, 13.089790048000053], [80.29785259500005, 13.089222136000046], [80.29743265800005, 13.088714721000027], [80.29701552300008, 13.08826602400006], [80.29694585400006, 13.087752594000051], [80.29628755600004, 13.086965684000065], [80.29550969400003, 13.086066707000041], [80.29525893600004, 13.085731238000053], [80.29508820400008, 13.085502827000028], [80.29467675600006, 13.085339858000054], [80.29441022000003, 13.085890768000068], [80.29432608689643, 13.085774477289519], [80.29584977504715, 13.087884918853945], [80.29778308632041, 13.090413726112613], [80.29776499555817, 13.090586062297007], [80.2977276709953, 13.090796769855102], [80.2981810839899, 13.091347929263579], [80.29878490769738, 13.091209234918326], [80.29942775838441, 13.091070231206231], [80.30001190942215, 13.090912525192945], [80.30054223243815, 13.091329170305013], [80.30124773439547, 13.091687034828851], [80.30165959691294, 13.091932428338966], [80.30205713592812, 13.092809204381352], [80.30235700105662, 13.093397967635747], [80.30205716000006, 13.09280922700003]]], [[[80.29318332100007, 13.086375449000059], [80.29318343000006, 13.086375578000055], [80.29318332000008, 13.086375651000026], [80.29318332626053, 13.086375658914775], [80.29425798065324, 13.085705349212073], [80.29318332100007, 13.086375449000059]]], [[[80.29558867200006, 13.089417483000034], [80.29578588700008, 13.089461550000067], [80.295853125774, 13.089476678857798], [80.29558919018905, 13.089417291674692], [80.2936976636584, 13.08702592834911], [80.29558867200006, 13.089417483000034]]], [[[80.29671081000004, 13.090373447000045], [80.29698488200006, 13.090707175000032], [80.29741614700004, 13.090894845000037], [80.29761815500007, 13.091235605000064], [80.29773255800006, 13.091427885000032], [80.29769141200006, 13.091526821000059], [80.29765877800008, 13.091604550000055], [80.29719887900006, 13.09140813700003], [80.29696617500008, 13.091413276000024], [80.29649955400004, 13.091422388000069], [80.29597257700004, 13.091375475000062], [80.29558871400008, 13.090910715000065], [80.29542495700008, 13.090300854000077], [80.29518018400007, 13.089791004000062], [80.29487984700006, 13.08939674800007], [80.29457745800005, 13.088888472000065], [80.29415552600005, 13.08826696500006], [80.29361721600003, 13.087648599000032], [80.29337565100008, 13.087253924000036], [80.29291065200005, 13.087321764000023], [80.29284931300003, 13.08758653800004], [80.29243291700006, 13.087682247000032], [80.29227914600006, 13.087912686000038], [80.29227901915333, 13.087912885957266], [80.29243301227376, 13.087682411314288], [80.29303683328328, 13.08754373225747], [80.29394627180307, 13.08897123243645], [80.29483289542185, 13.089997176328662], [80.29535537724895, 13.091829467655883], [80.29569013099479, 13.092190253177705], [80.29631521017888, 13.092261807736291], [80.29757978737734, 13.091792691679414], [80.29773288706315, 13.091428038173488], [80.29741625825375, 13.090894884091652], [80.29698540025606, 13.090707019313525], [80.29599978106512, 13.089509677229842], [80.29599977464676, 13.089509675785669], [80.29671081000004, 13.090373447000045]]], [[[80.29227879900003, 13.087913233000053], [80.29399417700007, 13.092414122000037], [80.29499810600004, 13.095887346000039], [80.29518449200003, 13.096446228000044], [80.29540301912459, 13.097100534514945], [80.29499858561627, 13.095887697958913], [80.2939941768898, 13.09241411062277], [80.29227880693013, 13.087913220499292], [80.29227879900003, 13.087913233000053]]], [[[80.29578555800003, 13.09824773100007], [80.29581679400007, 13.098341408000069], [80.29611075300005, 13.099239423000027], [80.29617038700007, 13.099497651000032], [80.29617051321401, 13.099497740092236], [80.2960992137078, 13.099188319585322], [80.29558693827069, 13.097652080959913], [80.29578555800003, 13.09824773100007]]], [[[80.29635651400008, 13.099626280000052], [80.29635690000005, 13.099626157000044], [80.29678766900008, 13.099451235000059], [80.29689709600007, 13.099406874000064], [80.29717364700008, 13.099294763000046], [80.29735776400008, 13.09926530800004], [80.29747110804881, 13.099247287450916], [80.29717343410675, 13.099294599666113], [80.2963565214364, 13.09962626783806], [80.29629370109505, 13.099626766544318], [80.29635651400008, 13.099626280000052]]], [[[80.29768006400008, 13.099214168000058], [80.29776682200009, 13.09924163200003], [80.29788531605519, 13.099279285000565], [80.29768014812038, 13.099214062678925], [80.29758503291363, 13.099229180263956], [80.29768006400008, 13.099214168000058]]], [[[80.29817823300004, 13.09967984700006], [80.29833071200005, 13.10005081500003], [80.29828944120506, 13.100099361755658], [80.2983310846119, 13.100050538301726], [80.29803658200272, 13.099336238914404], [80.29817823300004, 13.09967984700006]]], [[[80.29794398000007, 13.10051293300006], [80.29794398103006, 13.100512933858381], [80.29795981144916, 13.100492062280448], [80.29794398000007, 13.10051293300006]]]]}}, {"id": "36", "type": "Feature", "properties": {"map_year": "2015-16", "lulc_group": "Water/Wetland", "lulc_class": "Waterbodies", "LU_Webcode": "23"}, "geometry": {"type": "MultiPolygon", "coordinates": [[[[80.21959432100005, 13.101023700000042], [80.21608461600005, 13.101588822000052], [80.21602430600008, 13.102047172000024], [80.21592565800006, 13.10208139200006], [80.21567448200005, 13.102086554000039], [80.21550863700008, 13.102254904000063], [80.21551392000003, 13.10250114800004], [80.21577882300005, 13.10278840400002], [80.21609362400005, 13.104053540000054], [80.21638596800005, 13.104007422000054], [80.21676360500004, 13.103958411000061], [80.21701303200007, 13.103870746000041], [80.21726538900003, 13.103865602000042], [80.21760005500005, 13.103776226000036], [80.21786622200005, 13.10376866900003], [80.21810214000004, 13.103725174000033], [80.21843711500003, 13.103677604000042], [80.21873063900006, 13.103629180000041], [80.21898152900008, 13.103584478000073], [80.21923270600007, 13.10357927500007], [80.21948506000007, 13.103574093000079], [80.21979117400008, 13.103516546000037], [80.21973310300007, 13.103214796000032], [80.22007021200005, 13.10304624200006], [80.21959432100005, 13.101023700000042]]]]}}, {"id": "37", "type": "Feature", "properties": {"map_year": "2015-16", "lulc_group": "Water/Wetland", "lulc_class": "Waterbodies", "LU_Webcode": "23"}, "geometry": {"type": "MultiPolygon", "coordinates": [[[[80.19806362300005, 13.104610396000053], [80.19828943500005, 13.103601764000075], [80.19932788400007, 13.103991508000036], [80.19926943100006, 13.103909673000034], [80.19909097200008, 13.103659830000025], [80.19894820300004, 13.10344567800007], [80.19876974500005, 13.103267219000031], [80.19859128500008, 13.103088759000057], [80.19830574900004, 13.103017376000027], [80.19805590600004, 13.102910300000076], [80.19780606200004, 13.102874607000045], [80.19755621900003, 13.102803223000024], [80.19727068300006, 13.102803224000068], [80.19698514800008, 13.10280322400007], [80.19669961300008, 13.102803223000024], [80.19644977000007, 13.102838915000065], [80.19619992600008, 13.102874608000034], [80.19595008300007, 13.103017376000022], [80.19577162400003, 13.103195834000076], [80.19562885500005, 13.103409986000031], [80.19555747100003, 13.103659830000026], [80.19555747300006, 13.10394536500007], [80.19559316400006, 13.104195208000023], [80.19566454800008, 13.104445052000074], [80.19577162300004, 13.10469489500002], [80.19584142900004, 13.10485195700005], [80.19589434200003, 13.104749086000025], [80.19608951600003, 13.104867887000067], [80.19806362300005, 13.104610396000053]]]]}}, {"id": "38", "type": "Feature", "properties": {"map_year": "2015-16", "lulc_group": "Water/Wetland", "lulc_class": "River / Stream / Canals", "LU_Webcode": "22"}, "geometry": {"type": "MultiPolygon", "coordinates": [[[[80.27506806100007, 13.127398562000053], [80.27504076900004, 13.127409522000049], [80.27500903300006, 13.127441096000041], [80.27420260200006, 13.124179529000058], [80.27403453900007, 13.123497397000053], [80.27323178000006, 13.120239141000068], [80.27319238800004, 13.120092179000041], [80.27224192600005, 13.116546218000055], [80.27198996400006, 13.115538371000069], [80.27198928900003, 13.115535674000055], [80.27170892600003, 13.11441422100006], [80.27118837300003, 13.112260208000064], [80.27115689200008, 13.112129937000075], [80.27093690700008, 13.110810038000066], [80.27074399100007, 13.109652540000067], [80.27074295100005, 13.10964629500006], [80.27080546900004, 13.109530599000038], [80.27125212200008, 13.108715151000071], [80.27126826900007, 13.108678135000048], [80.27305380200005, 13.105709684000031], [80.27349995200007, 13.103538426000055], [80.27364667800003, 13.10204670200005], [80.27366271000005, 13.102072606000036], [80.27366806500004, 13.102085624000038], [80.27367722100007, 13.102075058000025], [80.27399935100004, 13.101335353000023], [80.27398508300007, 13.10132984000006], [80.27456476000003, 13.099485411000044], [80.27456239000009, 13.099431477000055], [80.27469021200005, 13.099243503000025], [80.27480918600008, 13.096673685000042], [80.27463475800005, 13.092967073000068], [80.27473608100007, 13.09251835000003], [80.27445054600008, 13.090348281000045], [80.27439343900005, 13.08726449900007], [80.27502161600006, 13.083552540000026], [80.27539650000006, 13.081428205000067], [80.27537593400007, 13.081424284000036], [80.27586156600006, 13.080583766000075], [80.27602830900008, 13.079323930000044], [80.27621939100004, 13.079329450000044], [80.27622283200003, 13.079329522000023], [80.27614131300004, 13.07929206800003], [80.27542747600006, 13.07923258100004], [80.27535938800008, 13.07928364600002], [80.27541607900008, 13.079318006000051], [80.27530447700008, 13.07932482900003], [80.27523994700005, 13.079328776000063], [80.27522512100006, 13.079384348000076], [80.27520534600006, 13.079458461000058], [80.27517049300008, 13.079589091000058], [80.27494289200007, 13.081312175000047], [80.27483515600005, 13.081820990000036], [80.27483390000003, 13.08182692300005], [80.27466632000005, 13.08296563500005], [80.27435563600005, 13.084373089000051], [80.27415417200007, 13.085451024000063], [80.27414439200004, 13.085503097000071], [80.27409214400006, 13.085781297000038], [80.27397248100004, 13.08685526200003], [80.27397894100005, 13.087549878000061], [80.27408460500004, 13.088104843000055], [80.27398516400008, 13.088361993000031], [80.27398698800005, 13.088600316000056], [80.27392385300004, 13.090736763000052], [80.27392585500007, 13.090937807000046], [80.27392891500006, 13.091245028000056], [80.27422471200003, 13.091953334000037], [80.27448590300008, 13.092503759000065], [80.27437716100007, 13.093050132000029], [80.27404205900007, 13.093475010000077], [80.27421083000007, 13.095950329000063], [80.27424057400003, 13.098984142000063], [80.27392675900006, 13.099501013000063], [80.27392175600005, 13.099634254000021], [80.27389155100008, 13.10020601600007], [80.27371563700007, 13.100706581000056], [80.27360058000005, 13.101182963000042], [80.27350403700007, 13.101816229000061], [80.27346633200005, 13.10191682800007], [80.27305228200004, 13.101891987000045], [80.27292387900007, 13.102353657000037], [80.27262477400006, 13.103319366000049], [80.27259240100007, 13.103757849000033], [80.27255264400003, 13.104283395000037], [80.27254253100006, 13.10434471800005], [80.27248603700008, 13.104687262000025], [80.27238932500006, 13.105273662000059], [80.27236873900006, 13.105398474000024], [80.27215756600003, 13.105959826000058], [80.27199561100008, 13.10639034500002], [80.27183226500006, 13.10682456100005], [80.27108529000003, 13.108148246000042], [80.27064025500005, 13.10887553400005], [80.27050045300007, 13.108977099000072], [80.27012371600006, 13.109252333000029], [80.27029314800008, 13.110137139000072], [80.27036414900005, 13.110221051000053], [80.27050547900006, 13.110687219000058], [80.27050409100008, 13.111107403000064], [80.27054128900005, 13.111451656000044], [80.27057909700005, 13.111872699000054], [80.27069495200004, 13.112254775000054], [80.27077280200007, 13.112637103000052], [80.27084976000003, 13.112905363000037], [80.27092641200005, 13.11313523400003], [80.27104256700005, 13.113403214000074], [80.27106681200007, 13.113543169000025], [80.27109924300004, 13.113730373000068], [80.27097628300004, 13.113732567000055], [80.27145018100003, 13.115737523000064], [80.27166466800008, 13.116644965000035], [80.27258671000004, 13.120600819000058], [80.27347900700005, 13.123902322000047], [80.27360945600003, 13.124203357000056], [80.27362355000008, 13.124303549000047], [80.27373232700006, 13.124546063000025], [80.27379826500004, 13.124693072000069], [80.27377892800007, 13.124877344000025], [80.27393340600008, 13.125183450000067], [80.27401585400008, 13.125366943000076], [80.27408819400006, 13.125527936000026], [80.27416402200004, 13.125948724000066], [80.27420268400004, 13.126331338000055], [80.27428081600004, 13.126598468000052], [80.27431945500007, 13.126827488000057], [80.27439612600006, 13.127057356000023], [80.27447397000003, 13.127287187000036], [80.27451089400006, 13.127591921000032], [80.27462054600005, 13.12776392500007], [80.27462622300004, 13.12820439300003], [80.27462570100005, 13.12843482200003], [80.27465468100007, 13.12862356900007], [80.27487189900006, 13.128649922000019], [80.27519262500006, 13.128617974000061], [80.27518233100005, 13.12854283000007], [80.27520219600007, 13.128516354000055], [80.27506806100007, 13.127398562000053]]]]}}, {"id": "39", "type": "Feature", "properties": {"map_year": "2015-16", "lulc_group": "Agriculture", "lulc_class": "Crop land", "LU_Webcode": "4"}, "geometry": {"type": "MultiPolygon", "coordinates": [[[[80.27347345600003, 13.125316731000053], [80.27347998000005, 13.125337977000072], [80.27401585400008, 13.125366943000076], [80.27393340600008, 13.125183450000067], [80.27377892800007, 13.124877344000025], [80.27379826500004, 13.124693072000069], [80.27373232700006, 13.124546063000025], [80.27362355000008, 13.124303549000047], [80.27360945600003, 13.124203357000056], [80.27347900700005, 13.123902322000047], [80.27258671000004, 13.120600819000058], [80.27166466800008, 13.116644965000035], [80.27145018100003, 13.115737523000064], [80.27097628300004, 13.113732567000055], [80.27088378100007, 13.113734217000056], [80.27064756700008, 13.113739332000021], [80.27043192300006, 13.112819199000054], [80.27015185500005, 13.112064490000026], [80.27005109000004, 13.111543354000046], [80.27002847600005, 13.110849997000058], [80.27015838600005, 13.110207446000059], [80.27006323400008, 13.10997093700007], [80.27001416200005, 13.109734080000067], [80.27001465900008, 13.109496877000025], [80.27011310500006, 13.109260084000024], [80.27012371600006, 13.109252333000029], [80.27050045300007, 13.108977099000072], [80.27064025500005, 13.10887553400005], [80.27108529000003, 13.108148246000042], [80.27183226500006, 13.10682456100005], [80.27199561100008, 13.10639034500002], [80.27215756600003, 13.105959826000058], [80.27236873900006, 13.105398474000024], [80.27238932500006, 13.105273662000059], [80.27248603700008, 13.104687262000025], [80.27254253100006, 13.10434471800005], [80.27255264400003, 13.104283395000037], [80.27259240100007, 13.103757849000033], [80.27262477400006, 13.103319366000049], [80.27292387900007, 13.102353657000037], [80.27305228200004, 13.101891987000045], [80.27305736000005, 13.101873733000046], [80.27282067100003, 13.101815597000037], [80.27252159100004, 13.101887837000051], [80.27222198700008, 13.10188778500003], [80.27192173600008, 13.102106874000068], [80.27192054000007, 13.10239943400006], [80.27191987000003, 13.102766536000049], [80.27191867400006, 13.103059096000038], [80.27184312700007, 13.103278807000036], [80.27176817700007, 13.103571911000074], [80.27176698300008, 13.103866728000071], [80.27169201500004, 13.10415981400007], [80.27169020000008, 13.104526942000062], [80.27161467100007, 13.104745515000047], [80.27153912900008, 13.104965189000039], [80.27131440100004, 13.105111425000075], [80.27101478100008, 13.105111381000027], [80.27079124500005, 13.104963909000046], [80.27079243500003, 13.10467022800003], [80.27079250500003, 13.104377685000028], [80.27079485700006, 13.104082849000065], [80.27079492000007, 13.103790315000024], [80.27079615600007, 13.103496606000022], [80.27079620900008, 13.10320405300007], [80.27079741500006, 13.102910345000055], [80.27079807100006, 13.102543244000062], [80.27087358400007, 13.102322431000063], [80.27087478000004, 13.102029862000052], [80.27102583800007, 13.101590468000042], [80.27117628200006, 13.101370253000027], [80.27125065000007, 13.10115057000007], [80.27140168200003, 13.100858017000062], [80.27147835500006, 13.100638344000059], [80.27155274100005, 13.100418661000049], [80.27155515300007, 13.099831281000037], [80.27155521700007, 13.099537591000058], [80.27155641600007, 13.099245030000077], [80.27155648000007, 13.098951330000036], [80.27155884400008, 13.098658760000037], [80.27148340000008, 13.098437912000067], [80.27148519500008, 13.098070793000032], [80.27140976700008, 13.097851091000052], [80.27133607300004, 13.097556823000048], [80.27118804500003, 13.097337655000048], [80.27096596200005, 13.097378828000048], [80.27084786300009, 13.097608993000051], [80.27078855200006, 13.09783757900004], [80.27078913700007, 13.098066898000074], [80.27067150700003, 13.098354662000077], [80.27061103500006, 13.098584404000064], [80.27049409600005, 13.098813449000033], [80.27031677700006, 13.098984172000028], [80.27008286200004, 13.098984762000045], [80.26984778900004, 13.098984232000078], [80.26961455200006, 13.098926069000072], [80.26937974800006, 13.098810332000026], [80.26920556100004, 13.098636521000058], [80.26914734200005, 13.098406532000071], [80.26914858500004, 13.098119624000047], [80.26914914400005, 13.097890323000057], [80.26914855300004, 13.097659874000044], [80.26915023500004, 13.097430565000025], [80.26915133700004, 13.096971962000053], [80.26909427800007, 13.096741965000035], [80.26909483000009, 13.096511517000065], [80.26926982700007, 13.096340814000028], [80.26956367700006, 13.09634089400004], [80.26979760400008, 13.096342570000047], [80.27003153300006, 13.09634311900004], [80.27026664200008, 13.096343658000022], [80.27050056100006, 13.096344188000046], [80.27061639900006, 13.09657376100006], [80.27085049900006, 13.096747113000049], [80.27089089800006, 13.096455410000035], [80.27081662300003, 13.096235673000022], [80.27074233000008, 13.096014852000053], [80.27060279300008, 13.09569846200003], [80.27044459700005, 13.09535397600007], [80.27037146500004, 13.09513312000007], [80.27029718000006, 13.094914548000077], [80.27022289800004, 13.094693690000042], [80.27022410700005, 13.094399981000041], [80.27014983300006, 13.094179169000029], [80.27007553200008, 13.093959422000069], [80.26992633900005, 13.093739143000048], [80.26985208400004, 13.093519430000073], [80.26962856100005, 13.093371975000027], [80.26940557200004, 13.093297902000073], [80.26910367200009, 13.093296742000062], [80.26908932200007, 13.093296738000051], [80.26880521800007, 13.093296676000023], [80.26858106100008, 13.093368360000058], [80.26857983000008, 13.093662069000061], [80.26857862100007, 13.09395463000004], [80.26865289100004, 13.09417545100007], [80.26880092300007, 13.094396917000038], [80.26902620600004, 13.094469780000054], [80.26909990700005, 13.094762930000055], [80.26909984000008, 13.095056629000055], [80.26909738200004, 13.095644010000058], [80.26894634900003, 13.096083384000053], [80.26894627200005, 13.096375946000025], [80.26886960700006, 13.096596776000068], [80.26879407600006, 13.096816448000025], [80.26879459100007, 13.09718354100005], [80.26871903900008, 13.097403233000025], [80.26864237500007, 13.097621795000062], [80.26841818900004, 13.097842595000031], [80.26828360200005, 13.098038604000067], [80.26826775500007, 13.098061681000047], [80.26819105400006, 13.09828140000008], [80.26819155500004, 13.098648502000064], [80.26818918500004, 13.09894106300004], [80.26818913600005, 13.099234763000027], [80.26811361100005, 13.099455566000074], [80.26796254800007, 13.09989495700006], [80.26796247100003, 13.100187512000048], [80.26796025200008, 13.100466575000041], [80.26900262100008, 13.100485190000027], [80.26900262000005, 13.10102056800002], [80.26959748600007, 13.100990825000054], [80.26950825600005, 13.102180555000075], [80.26950825500006, 13.102507732000046], [80.27025183700005, 13.10265644800006], [80.27007337800006, 13.103578490000073], [80.26977594500005, 13.104411301000026], [80.27046004000005, 13.104678990000021], [80.27014079600008, 13.105211063000068], [80.27025183800004, 13.105184625000051], [80.26974620200008, 13.106076923000046], [80.26706930800003, 13.108396898000022], [80.26689426500008, 13.107443883000032], [80.26689207800007, 13.107447086000034], [80.26674166300006, 13.107666217000032], [80.26666728200007, 13.107885871000066], [80.26644077500004, 13.108105561000057], [80.26629148400008, 13.108324665000053], [80.26606727700005, 13.108544301000052], [80.26606490500006, 13.108836870000065], [80.26606484500007, 13.109131683000044], [80.26628898300004, 13.109204601000046], [80.26651251000004, 13.109352058000068], [80.26673665700008, 13.109426076000034], [80.26696135600008, 13.109573543000064], [80.26718547500008, 13.10964757000005], [80.26725978100006, 13.109868419000062], [80.26748272800006, 13.110088176000033], [80.26763191300006, 13.11030848300004], [80.26763184700008, 13.110602147000066], [80.26740650600004, 13.110821811000053], [80.26718115000006, 13.111040345000047], [80.26710564400008, 13.11126116500003], [80.26710557500007, 13.111554856000051], [80.26717870300007, 13.111774567000053], [80.26725415100003, 13.11199541600007], [80.26725292300006, 13.11228797800004], [80.26725171300008, 13.112581677000035], [80.26725048600008, 13.112874238000073], [80.26724868600007, 13.113241358000039], [80.26747454900004, 13.113388806000046], [80.26777303800003, 13.11338999000003], [80.26799715100003, 13.11346400700006], [80.26822576800004, 13.113519947000045], [80.26773789400005, 13.113920028000052], [80.26751439100008, 13.114381365000042], [80.26751878300007, 13.114583150000042], [80.26778136400003, 13.114581219000057], [80.26838152900007, 13.114911532000065], [80.26906898600004, 13.11549224600003], [80.26912411400008, 13.115557283000044], [80.26961289400003, 13.116133930000046], [80.26972440800006, 13.116513075000057], [80.27005991800007, 13.11810674800006], [80.27006870200006, 13.118148470000051], [80.27124651300007, 13.123448624000048], [80.27074180900007, 13.123078509000036], [80.27081860700008, 13.123564929000052], [80.27137656300005, 13.124033847000018], [80.27144587600003, 13.12434575800006], [80.27144587600003, 13.12508129400004], [80.27125081700008, 13.125187690000073], [80.27141779100003, 13.125666611000042], [80.27166366400009, 13.125565037000058], [80.27189597100006, 13.125503446000037], [80.27218750000003, 13.125497920000043], [80.27242145100007, 13.125492799000028], [80.27265260800004, 13.125430106000067], [80.27294527800007, 13.125424570000066], [80.27320908700005, 13.125409060000038], [80.27347345600003, 13.125316731000053]], [[80.26885030200003, 13.111170551000043], [80.26899901700006, 13.112687458000037], [80.26767160000009, 13.112921708000044], [80.26772005700008, 13.111467984000056], [80.26885030200003, 13.111170551000043]]]]}}, {"id": "40", "type": "Feature", "properties": {"map_year": "2015-16", "lulc_group": "Agriculture", "lulc_class": "Fallow", "LU_Webcode": "6"}, "geometry": {"type": "MultiPolygon", "coordinates": [[[[80.27012371600006, 13.109252333000029], [80.27011310500006, 13.109260084000024], [80.27001465900008, 13.109496877000025], [80.27001416200005, 13.109734080000067], [80.27006323400008, 13.10997093700007], [80.27015838600005, 13.110207446000059], [80.27002847600005, 13.110849997000058], [80.27005109000004, 13.111543354000046], [80.27015185500005, 13.112064490000026], [80.27043192300006, 13.112819199000054], [80.27064756700008, 13.113739332000021], [80.27088378100007, 13.113734217000056], [80.27097628300004, 13.113732567000055], [80.27109924300004, 13.113730373000068], [80.27106681200007, 13.113543169000025], [80.27104256700005, 13.113403214000074], [80.27092641200005, 13.11313523400003], [80.27084976000003, 13.112905363000037], [80.27077280200007, 13.112637103000052], [80.27069495200004, 13.112254775000054], [80.27057909700005, 13.111872699000054], [80.27054128900005, 13.111451656000044], [80.27050409100008, 13.111107403000064], [80.27050547900006, 13.110687219000058], [80.27036414900005, 13.110221051000053], [80.27029314800008, 13.110137139000072], [80.27012371600006, 13.109252333000029]]]]}}, {"id": "41", "type": "Feature", "properties": {"map_year": "2015-16", "lulc_group": "Water/Wetland", "lulc_class": "Waterbodies", "LU_Webcode": "23"}, "geometry": {"type": "MultiPolygon", "coordinates": [[[[80.26885030200003, 13.111170551000043], [80.26772005700008, 13.111467984000056], [80.26767160000009, 13.112921708000044], [80.26899901700006, 13.112687458000037], [80.26885030200003, 13.111170551000043]]]]}}, {"id": "42", "type": "Feature", "properties": {"map_year": "2015-16", "lulc_group": "Barren/Open", "lulc_class": "Scrub land", "LU_Webcode": "16"}, "geometry": {"type": "MultiPolygon", "coordinates": [[[[80.26912411400008, 13.115557283000044], [80.26953822900003, 13.121027963000072], [80.27001412200008, 13.122247437000055], [80.27046027000006, 13.122872046000053], [80.27074180900007, 13.123078509000036], [80.27124651300007, 13.123448624000048], [80.27006870200006, 13.118148470000051], [80.27005991800007, 13.11810674800006], [80.26972440800006, 13.116513075000057], [80.26961289400003, 13.116133930000046], [80.26912411400008, 13.115557283000044]]]]}}, {"id": "43", "type": "Feature", "properties": {"map_year": "2015-16", "lulc_group": "Agriculture", "lulc_class": "Fallow", "LU_Webcode": "6"}, "geometry": {"type": "MultiPolygon", "coordinates": [[[[80.26778681300004, 13.118951352000067], [80.26778678000005, 13.11895180600004], [80.26768240100006, 13.119468788000063], [80.26781369400004, 13.120209927000076], [80.26771293300004, 13.120898567000038], [80.26772737600004, 13.121585232000026], [80.26790864700007, 13.121925023000074], [80.26799809900007, 13.122079870000048], [80.26823992300007, 13.119178021000039], [80.26798604500004, 13.119014819000025], [80.26778681300004, 13.118951352000067]]]]}}, {"id": "44", "type": "Feature", "properties": {"map_year": "2015-16", "lulc_group": "Barren/Open", "lulc_class": "Scrub land", "LU_Webcode": "16"}, "geometry": {"type": "MultiPolygon", "coordinates": [[[[80.26851938000004, 13.115824487000054], [80.26823992300007, 13.119178021000039], [80.26799809900007, 13.122079870000048], [80.26819128400007, 13.122414294000063], [80.26809823600007, 13.122605882000071], [80.26794067400004, 13.122768966000024], [80.26792993000004, 13.122897883000064], [80.26793193100008, 13.123010346000056], [80.26793715000008, 13.123239613000065], [80.26794235300008, 13.12346774300005], [80.26794757100004, 13.123697010000056], [80.26794949600009, 13.123805156000058], [80.26800293900004, 13.125034344000026], [80.26817508600004, 13.125895078000042], [80.26903582100005, 13.125981152000065], [80.26981048100004, 13.125981152000064], [80.27058514200007, 13.12555078500003], [80.27125081700008, 13.125187690000073], [80.27144587600003, 13.12508129400004], [80.27144587600003, 13.12434575800006], [80.27137656300005, 13.124033847000018], [80.27081860700008, 13.123564929000052], [80.26974643300008, 13.122663843000055], [80.26930028300006, 13.121741802000031], [80.26888387600007, 13.119600287000022], [80.26851938000004, 13.115824487000054]]]]}}, {"id": "45", "type": "Feature", "properties": {"map_year": "2015-16", "lulc_group": "Built-up", "lulc_class": "Urban", "LU_Webcode": "1"}, "geometry": {"type": "MultiPolygon", "coordinates": [[[[80.29745429700006, 13.123228825000067], [80.29737144300005, 13.123261912000032], [80.29737133300006, 13.123262032000067], [80.29737169200007, 13.123261910000052], [80.29745429700006, 13.123228825000067]]]]}}, {"id": "46", "type": "Feature", "properties": {"map_year": "2015-16", "lulc_group": "Built-up", "lulc_class": "Urban", "LU_Webcode": "1"}, "geometry": {"type": "MultiPolygon", "coordinates": [[[[80.29667379000006, 13.124109889000067], [80.29648386400004, 13.12445469200003], [80.29648382690563, 13.12445500428328], [80.29648397983327, 13.124454727308983], [80.29648399700005, 13.124454692000029], [80.29667379000006, 13.124109889000067]]]]}}, {"id": "47", "type": "Feature", "properties": {"map_year": "2015-16", "lulc_group": "Built-up", "lulc_class": "Urban", "LU_Webcode": "1"}, "geometry": {"type": "MultiPolygon", "coordinates": [[[[80.28017117300004, 13.144079805000047], [80.28007299700005, 13.143906571000059], [80.27984634500007, 13.143508401000078], [80.27973100600008, 13.143048398000078], [80.27941972100007, 13.142589848000053], [80.27940601000006, 13.142008237000029], [80.27910533800008, 13.141878328000075], [80.27883859800005, 13.141364094000037], [80.27876247300003, 13.141058552000063], [80.27860654000006, 13.140715200000045], [80.27859483000003, 13.140680453000074], [80.27852869800006, 13.140484214000027], [80.27841251700005, 13.140217359000076], [80.27821972600003, 13.139873152000062], [80.27790873800006, 13.13945186800004], [80.27775394300005, 13.139106249000063], [80.27775443800004, 13.138724447000074], [80.27755963300007, 13.138418673000047], [80.27744571900007, 13.137997050000022], [80.27736730400005, 13.13769151400004], [80.27717361300006, 13.137232108000035], [80.27717586200005, 13.136925985000062], [80.27698069500008, 13.136429289000036], [80.27682760100004, 13.135855481000021], [80.27667309900005, 13.135395766000048], [80.27655661800003, 13.134936926000021], [80.27649123500004, 13.134782222000071], [80.27636292800008, 13.134478629000059], [80.27620812000004, 13.13413299900003], [80.27613172000008, 13.133867859000079], [80.27607079200006, 13.133471821000057], [80.27596999300005, 13.132665437000073], [80.27585978300006, 13.132555227000065], [80.27578512400004, 13.132183126000031], [80.27566864800008, 13.131723128000031], [80.27551412400005, 13.131264577000024], [80.27539825000008, 13.130882497000073], [80.27528329400008, 13.13065473900002], [80.27520513800005, 13.13049988600005], [80.27508867500006, 13.130193492000046], [80.27501228600005, 13.129848409000033], [80.27489525400006, 13.12961886900007], [80.27481943200007, 13.12919810800002], [80.27470180900008, 13.128892870000067], [80.27465965300007, 13.128655956000046], [80.27465468100007, 13.12862356900007], [80.27060019300006, 13.128131620000032], [80.27015383000008, 13.128077454000048], [80.2672819030001, 13.127728922000074], [80.26626476000007, 13.127172191000053], [80.26504037900008, 13.126502015000026], [80.26257390600006, 13.125151923000029], [80.24968091400007, 13.126361922000056], [80.24591991700004, 13.127589921000038], [80.24576996000008, 13.133101043000066], [80.24575091600008, 13.133800921000041], [80.24400771700004, 13.133715744000027], [80.24198501900008, 13.13361688800006], [80.24198405717026, 13.133616840981057], [80.2420287221479, 13.134658975031694], [80.24226546687783, 13.136287860396463], [80.24221712022398, 13.136816766980246], [80.24187806322209, 13.137180343997725], [80.24082845187161, 13.137510750420855], [80.23975097322887, 13.13764800135425], [80.23929125418806, 13.137728906164114], [80.23912182641124, 13.137923583306756], [80.23915249329298, 13.138464770133112], [80.23911073327378, 13.13981220996555], [80.23927843165433, 13.141035564939443], [80.2394938525593, 13.143283389816641], [80.23974099794873, 13.144570584065262], [80.24025416999399, 13.146223109908647], [80.24058819618836, 13.146865075662785], [80.24076115020699, 13.14698413421047], [80.24077338008749, 13.146992551864797], [80.24108874265141, 13.146951435760226], [80.24144346224602, 13.146897122104575], [80.24231188088862, 13.14692906332567], [80.24266377031682, 13.146949506714403], [80.24387793601801, 13.147020043240445], [80.24562641412774, 13.14689689457606], [80.24766420324046, 13.14676503957497], [80.24816402035334, 13.146761153604418], [80.24871681382996, 13.146801972033415], [80.24902215344969, 13.147147654340815], [80.24987711373785, 13.14876526490508], [80.25088522227526, 13.149801585175053], [80.25169295376685, 13.150459176649747], [80.25214014525159, 13.150575741377395], [80.25236523296918, 13.150634412248392], [80.25318110710468, 13.150585499114586], [80.25282161600006, 13.150607044000026], [80.25230678300005, 13.15015656500003], [80.25145017700004, 13.148835964000055], [80.25055787900004, 13.147765207000075], [80.24980835000008, 13.146444606000047], [80.24981609200006, 13.146377501000075], [80.25007802200008, 13.146436000000048], [80.25042260500004, 13.146428969000052], [80.25060905700008, 13.14623895900007], [80.25074027100004, 13.146104120000075], [80.25088691900004, 13.145953418000035], [80.25116974600007, 13.145855349000042], [80.25145252700008, 13.145756124000062], [80.25183282300004, 13.145748823000076], [80.25220914100004, 13.145672666000054], [80.25238753400004, 13.145489498000073], [80.25269179000009, 13.145483897000075], [80.25293861700004, 13.14565717700003], [80.25306487300008, 13.145892334000052], [80.25307016100004, 13.146130635000075], [80.25337601400008, 13.146184881000064], [80.25361801400004, 13.146179698000022], [80.25367380000006, 13.145939850000047], [80.25366855700008, 13.145702652000066], [80.25366442200004, 13.145463240000026], [80.25365914400004, 13.145224933000064], [80.25400501800004, 13.145239347000029], [80.25429036900006, 13.145326481000037], [80.25457503000007, 13.145321030000044], [80.25486083600003, 13.145315555000026], [80.25524298200008, 13.145399730000067], [80.25552645600004, 13.145394249000047], [80.25580924900004, 13.14529616800007], [80.25609390400007, 13.145289578000073], [80.25647305800004, 13.145282278000023], [80.25675768300005, 13.145275668000066], [80.25713797900005, 13.145268387000042], [80.25751712300007, 13.145261103000053], [80.25789741900007, 13.145252645000024], [80.25827840400007, 13.145336825000074], [80.25847484600007, 13.145705889000055], [80.25867058500006, 13.14598007300003], [80.25867732000006, 13.14625901100004], [80.25868291500007, 13.146537968000073], [80.25868850100005, 13.146818060000044], [80.25869411300005, 13.147097017000021], [80.25879650400003, 13.147374135000062], [80.25889771500005, 13.147650150000059], [80.25906246400007, 13.147700251000062], [80.25918422700005, 13.147737280000058], [80.25946773100004, 13.147731794000038], [80.25975236000006, 13.147726330000069], [80.26003703300006, 13.147719735000065], [80.26032166200008, 13.147714269000058], [80.26060747800005, 13.147708767000038], [80.26098661600008, 13.147700339000037], [80.26155592600009, 13.147689378000054], [80.26184054300006, 13.147682771000063], [80.26202403800005, 13.147556972000075], [80.26222234200003, 13.147744259000035], [80.26199391300008, 13.147915581000063], [80.26187970000007, 13.14802979500007], [80.26182259200004, 13.14802979500007], [80.26176548600006, 13.148086901000053], [80.26170837900008, 13.148201116000049], [80.26165127200005, 13.14831533000006], [80.26165127100006, 13.148429544000065], [80.26159416400003, 13.148486651000042], [80.26153705700006, 13.148543758000075], [80.26147995100007, 13.14860086500005], [80.26147995100007, 13.148715080000045], [80.26147995100007, 13.148886400000036], [80.26142284400004, 13.148943508000055], [80.26142284300005, 13.149057721000073], [80.26142284300005, 13.149114828000048], [80.26147995100007, 13.149229043000048], [80.26153705700006, 13.149286150000023], [80.26159416500008, 13.149343257000053], [80.26170837800004, 13.149457472000048], [80.26182259300003, 13.14945747100006], [80.26187969900008, 13.149457472000053], [80.26190759700006, 13.149457471000062], [80.26257239300008, 13.149235872000075], [80.26350038300008, 13.148403061000069], [80.26366694600006, 13.148307882000038], [80.26378591800005, 13.14816511400005], [80.26395248000006, 13.148046141000066], [80.26407145400003, 13.14792716900007], [80.26419042600008, 13.147808196000026], [80.26433319400007, 13.147689222000054], [80.26442837200005, 13.147546455000054], [80.26452355000005, 13.147403687000063], [80.26464252400007, 13.147284715000065], [80.26478529200006, 13.147141947000023], [80.26490426500004, 13.147022973000045], [80.26504703300003, 13.146904001000049], [80.26521359400004, 13.14683261700003], [80.26538015700004, 13.146761233000062], [80.26554672000003, 13.146713644000044], [80.26576087000007, 13.146713644000044], [80.26592743300006, 13.146689849000042], [80.26609399500006, 13.146666054000034], [80.26627099454781, 13.146666054000036], [80.26561225480181, 13.145915869122119], [80.26527638139993, 13.145054814128398], [80.26519230737915, 13.144423820103267], [80.26534287817134, 13.143533168421015], [80.26548355911899, 13.143042211428964], [80.26574303511302, 13.142601886268094], [80.26628013721859, 13.1423334089597], [80.26754142469707, 13.142155931351226], [80.26850125402973, 13.14210972238584], [80.26970845088437, 13.141752185215239], [80.27064007208173, 13.141474155308059], [80.27213614107012, 13.141056327587478], [80.27290939705108, 13.140715081635731], [80.27338162116496, 13.140556675050561], [80.27394707529737, 13.140539333423533], [80.27463259072152, 13.140727297127112], [80.27546447980194, 13.141120358417878], [80.2780825016062, 13.142781963816615], [80.28017118467623, 13.14408018058311], [80.28017117300004, 13.144079805000047]]], [[[80.23339622400005, 13.128172680000032], [80.23333892400007, 13.128109921000034], [80.23320308042855, 13.128084542148946], [80.23360038025339, 13.12847192983577], [80.23370520097103, 13.1285110927777], [80.23339622400005, 13.128172680000032]]], [[[80.22917992600003, 13.127332920000068], [80.23000492700004, 13.113299921000078], [80.21138193900003, 13.112340921000055], [80.21129793800003, 13.11543992000003], [80.20051722600004, 13.114317945000037], [80.19951626949748, 13.11421373172406], [80.19990607830294, 13.11494171688679], [80.20056010126774, 13.116386921119556], [80.20082252434008, 13.117446916941727], [80.20077083400685, 13.118472671976292], [80.2004784203429, 13.11929517932913], [80.20020210364424, 13.12026404415036], [80.19988181909076, 13.121343102002582], [80.1996927393285, 13.122003697212904], [80.19965726197313, 13.123190457873362], [80.19979955900249, 13.124178123022038], [80.20013642615521, 13.125200934575503], [80.20054877160857, 13.125768365417795], [80.20074791298583, 13.126042402335033], [80.20080345331678, 13.126118831219117], [80.20096745188647, 13.126344507992712], [80.2020450834139, 13.126541405561452], [80.20374795780208, 13.126425946999918], [80.2054079660049, 13.126559817381688], [80.20539921829936, 13.126551375445674], [80.20543755909614, 13.126560460397002], [80.20660934244728, 13.126706247695209], [80.20848350980617, 13.127517034183823], [80.21077672256776, 13.128092567018424], [80.21269819786357, 13.128232612145384], [80.21334004931488, 13.128196529360437], [80.21324749800004, 13.128186716000075], [80.21323375300005, 13.128090484000039], [80.21323375300005, 13.127840641000036], [80.21323375400004, 13.127555105000056], [80.21316236900003, 13.127269570000067], [80.21309098600005, 13.127019727000059], [80.21291252600008, 13.126841268000023], [80.21269837400007, 13.126698500000032], [80.21241283900008, 13.126627115000074], [80.2121629950001, 13.126520040000058], [80.21187746000004, 13.126412964000052], [80.21166330900007, 13.126234504000026], [80.21152054200007, 13.125984661000075], [80.21155311400008, 13.125756653000055], [80.21219467200007, 13.125586422000024], [80.21219281400005, 13.125497754000037], [80.21241283900008, 13.12559205100007], [80.21269837400007, 13.12559205100007], [80.21294821800007, 13.125663434000048], [80.21319806000008, 13.125699125000038], [80.21348359600006, 13.125699126000029], [80.21373344000006, 13.125734817000023], [80.21419067400006, 13.125734818000065], [80.21419588400006, 13.12580143900004], [80.21422268900005, 13.12707656300006], [80.21424559695173, 13.128141393753387], [80.21589232177331, 13.1279697358147], [80.21750810851245, 13.127712452367861], [80.2196893853569, 13.127444383351644], [80.22147706491467, 13.127301778754143], [80.22324013542396, 13.127372056275417], [80.22506870715517, 13.127409591279672], [80.22689384077819, 13.127540619803822], [80.2285562609627, 13.12765995624204], [80.23039741510865, 13.127626453797859], [80.23071982164689, 13.127620609596804], [80.22917992600003, 13.127332920000068]]], [[[80.26753482100008, 13.147700908000045], [80.26756064100005, 13.147724637000065], [80.26726535400009, 13.147550934000034], [80.26711236300008, 13.147477370000045], [80.26678611400007, 13.147445021000065], [80.26671891000007, 13.147460511000077], [80.26647574300006, 13.14746456900002], [80.26623467400003, 13.147589466000058], [80.26605626400004, 13.147771506000028], [80.26581632800008, 13.147895257000073], [80.26557521800004, 13.14801901800007], [80.26545833700004, 13.148260483000055], [80.26527993300004, 13.148442531000057], [80.26504162600008, 13.148626119000026], [80.26480051500005, 13.14875102800005], [80.26456102600008, 13.148934662000043], [80.26438263400007, 13.149116691000076], [80.26413947300006, 13.149121884000063], [80.26389836200008, 13.14924564300003], [80.26365794500003, 13.149309510000023], [80.26341524300005, 13.149374551000047], [80.26317211000008, 13.149379741000077], [80.26309591900008, 13.149457471000062], [80.26299368700006, 13.14956177000005], [80.26275259400006, 13.149686676000043], [80.26251265700006, 13.149810434000072], [80.26227107600005, 13.149874336000035], [80.26202837200003, 13.14993938400005], [80.26184997700005, 13.150121411000045], [80.26160794700007, 13.15012655700002], [80.26136528100005, 13.150191593000043], [80.26112415800003, 13.150315379000062], [80.26088375800003, 13.150380399000024], [80.26065165700004, 13.150556786000038], [80.26087600400007, 13.150686333000069], [80.26087606273353, 13.150686367422606], [80.26088132263692, 13.15068940450807], [80.26088137100004, 13.150689432000037], [80.26101235000004, 13.150764634000037], [80.26119374300004, 13.150671787000025], [80.26143690500004, 13.150666632000027], [80.26167684800004, 13.15054288400006], [80.26191633300004, 13.150359251000056], [80.26215741700008, 13.150234357000045], [80.26239781500004, 13.150170481000028], [80.26249573300004, 13.150144242000065], [80.26262888600007, 13.150863265000055], [80.26741106272097, 13.150804587930914], [80.26758309298543, 13.150470214928532], [80.26783856429836, 13.149540065921373], [80.2679631356902, 13.148688291031872], [80.26794798121443, 13.148443482980383], [80.26756064141053, 13.147724636882517], [80.26753483069088, 13.147700911576573], [80.26753482100008, 13.147700908000045]]], [[[80.25953831000004, 13.150371185000036], [80.25953831000004, 13.150314077000077], [80.25948120300006, 13.150256971000033], [80.25936698900006, 13.150256971000031], [80.25930988100004, 13.150199863000068], [80.25913856100004, 13.150199863000068], [80.25896724000006, 13.15019986200002], [80.25891013200004, 13.150142756000035], [80.25881913800004, 13.150097259000063], [80.25879591800003, 13.150085649000063], [80.25873881200005, 13.150028542000028], [80.25868170400008, 13.149971435000054], [80.25862459700005, 13.149971434000063], [80.25851038300004, 13.149971435000056], [80.25839616900004, 13.149971435000058], [80.25833906200006, 13.149971435000056], [80.25822484700006, 13.149971435000056], [80.25811063300006, 13.149971435000053], [80.25805352700007, 13.149971434000067], [80.25793931300007, 13.149971435000053], [80.25782509900006, 13.149971434000065], [80.25771088400006, 13.149971435000056], [80.25759666900007, 13.149971435000056], [80.25742534900007, 13.149971435000054], [80.25731113400008, 13.149971435000054], [80.25713981300004, 13.150028541000038], [80.25696849200006, 13.15008564900006], [80.25696849300004, 13.150142756000035], [80.25659927000004, 13.150087373000078], [80.25653683600007, 13.14968294500005], [80.25615230400007, 13.149172843000029], [80.25568325400008, 13.148877807000078], [80.25567801000005, 13.148639517000051], [80.25567271900007, 13.148402318000022], [80.25548696500005, 13.148226338000029], [80.25542062300008, 13.147989633000064], [80.25523372700007, 13.147814808000023], [80.25523017200005, 13.14760962500003], [80.25435930400006, 13.147564700000029], [80.25332900900008, 13.147511546000032], [80.25135675300004, 13.146439286000033], [80.25127171900004, 13.147658131000071], [80.25359169200004, 13.148086433000062], [80.25446289700005, 13.14799708000004], [80.25449830600007, 13.14810932800003], [80.25473717800008, 13.148449852000056], [80.25481500400008, 13.148681959000042], [80.25478550300005, 13.148892271000022], [80.25495698800006, 13.149011902000039], [80.25514160000006, 13.149187892000043], [80.25538638700004, 13.149242573000036], [80.25565656600008, 13.150107263000047], [80.25518914061955, 13.150481203104427], [80.25544193689592, 13.150468608739345], [80.2558619265867, 13.150500678563501], [80.25628431926602, 13.150532930950078], [80.25669343075731, 13.150697317127536], [80.25696552693756, 13.150715692974925], [80.25697631880212, 13.150716421425784], [80.25720672061374, 13.15073197969713], [80.25795582260321, 13.150648779817402], [80.25869072429754, 13.15043677903418], [80.25963090047685, 13.150402047951843], [80.25953831000004, 13.150371185000036]]]]}}, {"id": "48", "type": "Feature", "properties": {"map_year": "2015-16", "lulc_group": "Barren/Open", "lulc_class": "Sandy area", "LU_Webcode": "17"}, "geometry": {"type": "MultiPolygon", "coordinates": [[[[80.29646638600008, 13.12460119900004], [80.29644720800007, 13.124761043000033], [80.29644724700006, 13.124761092000027], [80.29646638600008, 13.12460119900004]]]]}}, {"id": "49", "type": "Feature", "properties": {"map_year": "2015-16", "lulc_group": "Built-up", "lulc_class": "Urban", "LU_Webcode": "1"}, "geometry": {"type": "MultiPolygon", "coordinates": [[[[80.29644724700006, 13.124761092000027], [80.29644723300004, 13.124761199000034], [80.29644730328084, 13.124761378216057], [80.29644732534702, 13.12476119300157], [80.29644724700006, 13.124761092000027]]]]}}, {"id": "50", "type": "Feature", "properties": {"map_year": "2015-16", "lulc_group": "Built-up", "lulc_class": "Urban", "LU_Webcode": "1"}, "geometry": {"type": "MultiPolygon", "coordinates": [[[[80.29657543923351, 13.124946756941457], [80.29651252499826, 13.124916549157225], [80.29662514100005, 13.124970954000046], [80.29662468200007, 13.124970412000039], [80.29657543923351, 13.124946756941457]]]]}}, {"id": "51", "type": "Feature", "properties": {"map_year": "2015-16", "lulc_group": "Agriculture", "lulc_class": "Fallow", "LU_Webcode": "6"}, "geometry": {"type": "MultiPolygon", "coordinates": [[[[80.27042973200008, 13.125942369000025], [80.27123341400005, 13.125810259000048], [80.27137415200008, 13.125684640000031], [80.27141779100003, 13.125666611000042], [80.27125081700008, 13.125187690000073], [80.27058514200007, 13.12555078500003], [80.26981048100004, 13.125981152000064], [80.26903582100005, 13.125981152000065], [80.26817508600004, 13.125895078000042], [80.26800293900004, 13.125034344000026], [80.26794949600009, 13.123805156000058], [80.26795163200006, 13.123925148000067], [80.26795682500006, 13.12415440600006], [80.26796204500006, 13.124382535000048], [80.26796610600007, 13.124610673000063], [80.26797129900007, 13.124839940000072], [80.26795230600004, 13.124849749000079], [80.26800364300004, 13.126364208000041], [80.26794881100005, 13.12667492900004], [80.27042973200008, 13.125942369000025]]]]}}, {"id": "52", "type": "Feature", "properties": {"map_year": "2015-16", "lulc_group": "Water/Wetland", "lulc_class": "Waterbodies", "LU_Webcode": "23"}, "geometry": {"type": "MultiPolygon", "coordinates": [[[[80.21219281400005, 13.125497754000037], [80.21219467200007, 13.125586422000024], [80.21155311400008, 13.125756653000055], [80.21152054200007, 13.125984661000075], [80.21166330900007, 13.126234504000026], [80.21187746000004, 13.126412964000052], [80.2121629950001, 13.126520040000058], [80.21241283900008, 13.126627115000074], [80.21269837400007, 13.126698500000032], [80.21291252600008, 13.126841268000023], [80.21309098600005, 13.127019727000059], [80.21316236900003, 13.127269570000067], [80.21323375400004, 13.127555105000056], [80.21323375300005, 13.127840641000036], [80.21323375300005, 13.128090484000039], [80.21324749800004, 13.128186716000075], [80.21334004931488, 13.128196529360437], [80.21415754573422, 13.128150572391064], [80.21424559695173, 13.128141393753387], [80.21422268900005, 13.12707656300006], [80.21419588400006, 13.12580143900004], [80.21419067400006, 13.125734818000065], [80.21373344000006, 13.125734817000023], [80.21348359600006, 13.125699126000029], [80.21319806000008, 13.125699125000038], [80.21294821800007, 13.125663434000048], [80.21269837400007, 13.12559205100007], [80.21241283900008, 13.12559205100007], [80.21219281400005, 13.125497754000037]]]]}}, {"id": "53", "type": "Feature", "properties": {"map_year": "2015-16", "lulc_group": "Agriculture", "lulc_class": "Plantation", "LU_Webcode": "5"}, "geometry": {"type": "MultiPolygon", "coordinates": [[[[80.28327615400008, 13.142118399000026], [80.28335217400007, 13.14260471600005], [80.28307293800003, 13.142808982000078], [80.28313177400008, 13.14289190100004], [80.28342669100005, 13.143176581000036], [80.28352795400008, 13.143653946000027], [80.28328625500006, 13.143942611000057], [80.28285155700007, 13.14408821000006], [80.28303879200007, 13.144634312000052], [80.28311017500005, 13.144848463000073], [80.28308638100005, 13.145015026000069], [80.28299120200008, 13.145157793000068], [80.28289602400008, 13.145324356000062], [80.28315776400007, 13.145895426000035], [80.28332432700006, 13.145919221000042], [80.28351468400007, 13.14591922000005], [80.28370504100008, 13.145919221000044], [80.28391919200004, 13.14591922200003], [80.28410955000004, 13.14591922100004], [80.28427611200004, 13.145871632000025], [80.28444267300006, 13.145800248000057], [80.28463303100006, 13.145728864000032], [80.28473648700003, 13.145699306000038], [80.28366953300008, 13.143625937000024], [80.28416956200005, 13.142697097000054], [80.28440578400006, 13.142258300000035], [80.28378487500004, 13.142181402000062], [80.28327615400008, 13.142118399000026]]]]}}, {"id": "54", "type": "Feature", "properties": {"map_year": "2015-16", "lulc_group": "Water/Wetland", "lulc_class": "Waterbodies", "LU_Webcode": "23"}, "geometry": {"type": "MultiPolygon", "coordinates": [[[[80.25464278400005, 13.145740729000067], [80.25439962500008, 13.145745894000074], [80.25440487700007, 13.145984185000033], [80.25434908700005, 13.146224089000041], [80.25417229500005, 13.146467088000065], [80.25411996200006, 13.146860553000066], [80.25427868600008, 13.147120327000037], [80.25434372800004, 13.147488079000025], [80.25435930400006, 13.147564700000029], [80.25523017200005, 13.14760962500003], [80.25522959800008, 13.14757649100005], [80.25516324900008, 13.147338647000028], [80.25509689800005, 13.14710304300007], [80.25503168400009, 13.146865182000058], [80.25490541900007, 13.146628888000066], [80.25490015400004, 13.146391726000047], [80.25489602700003, 13.146153427000057], [80.25482967800008, 13.14591556500005], [80.25464278400005, 13.145740729000067]]]]}}, {"id": "55", "type": "Feature", "properties": {"map_year": "2015-16", "lulc_group": "Water/Wetland", "lulc_class": "Waterbodies", "LU_Webcode": "23"}, "geometry": {"type": "MultiPolygon", "coordinates": [[[[80.26678611400007, 13.147445021000065], [80.26711236300008, 13.147477370000045], [80.26726535400009, 13.147550934000034], [80.26756064100005, 13.147724637000065], [80.26753482100008, 13.147700908000045], [80.26753483069088, 13.147700911576573], [80.2667124251384, 13.146944953446901], [80.26638233707526, 13.146792852907879], [80.26627099454781, 13.146666054000036], [80.26609399500006, 13.146666054000034], [80.26592743300006, 13.146689849000042], [80.26576087000007, 13.146713644000044], [80.26554672000003, 13.146713644000044], [80.26538015700004, 13.146761233000062], [80.26521359400004, 13.14683261700003], [80.26504703300003, 13.146904001000049], [80.26490426500004, 13.147022973000045], [80.26478529200006, 13.147141947000023], [80.26464252400007, 13.147284715000065], [80.26452355000005, 13.147403687000063], [80.26442837200005, 13.147546455000054], [80.26433319400007, 13.147689222000054], [80.26419042600008, 13.147808196000026], [80.26407145400003, 13.14792716900007], [80.26395248000006, 13.148046141000066], [80.26378591800005, 13.14816511400005], [80.26366694600006, 13.148307882000038], [80.26350038300008, 13.148403061000069], [80.26257239300008, 13.149235872000075], [80.26190759700006, 13.149457471000062], [80.26199391400007, 13.14945747100006], [80.26210812800008, 13.14945747100006], [80.26216523500005, 13.14945747100006], [80.26227945000005, 13.149457471000062], [80.26239366400006, 13.14945747100006], [80.26245077100003, 13.14945747100006], [80.26256498500004, 13.149457472000051], [80.26267919900005, 13.14945747100006], [80.26273630600008, 13.149457471000058], [80.26285052000003, 13.149457472000051], [80.26296473400004, 13.14945747100006], [80.26302184200006, 13.149457471000062], [80.26309591900008, 13.149457471000062], [80.26317211000008, 13.149379741000077], [80.26341524300005, 13.149374551000047], [80.26365794500003, 13.149309510000023], [80.26389836200008, 13.14924564300003], [80.26413947300006, 13.149121884000063], [80.26438263400007, 13.149116691000076], [80.26456102600008, 13.148934662000043], [80.26480051500005, 13.14875102800005], [80.26504162600008, 13.148626119000026], [80.26527993300004, 13.148442531000057], [80.26545833700004, 13.148260483000055], [80.26557521800004, 13.14801901800007], [80.26581632800008, 13.147895257000073], [80.26605626400004, 13.147771506000028], [80.26623467400003, 13.147589466000058], [80.26647574300006, 13.14746456900002], [80.26671891000007, 13.147460511000077], [80.26678611400007, 13.147445021000065]]]]}}, {"id": "56", "type": "Feature", "properties": {"map_year": "2015-16", "lulc_group": "Agriculture", "lulc_class": "Plantation", "LU_Webcode": "5"}, "geometry": {"type": "MultiPolygon", "coordinates": [[[[80.26262888600007, 13.150863265000055], [80.26249573300004, 13.150144242000065], [80.26239781500004, 13.150170481000028], [80.26215741700008, 13.150234357000045], [80.26191633300004, 13.150359251000056], [80.26167684800004, 13.15054288400006], [80.26143690500004, 13.150666632000027], [80.26119374300004, 13.150671787000025], [80.26101235000004, 13.150764634000037], [80.26088137100004, 13.150689432000037], [80.26088132263692, 13.15068940450807], [80.26131246120116, 13.150938345328422], [80.26173493931606, 13.151128399955724], [80.26243237525398, 13.151161611019573], [80.26245542667664, 13.151159977850739], [80.26386533431776, 13.15106014321111], [80.26461506583269, 13.151054264342859], [80.26575214794332, 13.151116137699658], [80.2661679279076, 13.151138761045045], [80.26674677294528, 13.151147106753623], [80.26702087101643, 13.151100122572645], [80.26706202669124, 13.151093069189812], [80.26735002558326, 13.150923225026872], [80.26741106272097, 13.150804587930914], [80.26262888600007, 13.150863265000055]]], [[[80.26087600400007, 13.150686333000069], [80.26065165700004, 13.150556786000038], [80.26088375800003, 13.150380399000024], [80.26112415800003, 13.150315379000062], [80.26136528100005, 13.150191593000043], [80.26160794700007, 13.15012655700002], [80.26184997700005, 13.150121411000045], [80.26202837200003, 13.14993938400005], [80.26227107600005, 13.149874336000035], [80.26251265700006, 13.149810434000072], [80.26275259400006, 13.149686676000043], [80.26299368700006, 13.14956177000005], [80.26309591900008, 13.149457471000062], [80.26302184200006, 13.149457471000062], [80.26296473400004, 13.14945747100006], [80.26285052000003, 13.149457472000051], [80.26273630600008, 13.149457471000058], [80.26267919900005, 13.14945747100006], [80.26256498500004, 13.149457472000051], [80.26245077100003, 13.14945747100006], [80.26239366400006, 13.14945747100006], [80.26227945000005, 13.149457471000062], [80.26216523500005, 13.14945747100006], [80.26210812800008, 13.14945747100006], [80.26199391400007, 13.14945747100006], [80.26190759700006, 13.149457471000062], [80.26187969900008, 13.149457472000053], [80.26182259300003, 13.14945747100006], [80.26170837800004, 13.149457472000048], [80.26159416500008, 13.149343257000053], [80.26153705700006, 13.149286150000023], [80.26147995100007, 13.149229043000048], [80.26142284300005, 13.149114828000048], [80.26142284300005, 13.149057721000073], [80.26142284400004, 13.148943508000055], [80.26147995100007, 13.148886400000036], [80.26147995100007, 13.148715080000045], [80.26147995100007, 13.14860086500005], [80.26153705700006, 13.148543758000075], [80.26159416400003, 13.148486651000042], [80.26165127100006, 13.148429544000065], [80.26165127200005, 13.14831533000006], [80.26170837900008, 13.148201116000049], [80.26176548600006, 13.148086901000053], [80.26182259200004, 13.14802979500007], [80.26187970000007, 13.14802979500007], [80.26199391300008, 13.147915581000063], [80.26222234200003, 13.147744259000035], [80.26202403800005, 13.147556972000075], [80.26184054300006, 13.147682771000063], [80.26155592600009, 13.147689378000054], [80.26098661600008, 13.147700339000037], [80.26060747800005, 13.147708767000038], [80.26032166200008, 13.147714269000058], [80.26003703300006, 13.147719735000065], [80.25975236000006, 13.147726330000069], [80.25946773100004, 13.147731794000038], [80.25918422700005, 13.147737280000058], [80.25906246400007, 13.147700251000062], [80.25889771500005, 13.147650150000059], [80.25879650400003, 13.147374135000062], [80.25869411300005, 13.147097017000021], [80.25868850100005, 13.146818060000044], [80.25868291500007, 13.146537968000073], [80.25867732000006, 13.14625901100004], [80.25867058500006, 13.14598007300003], [80.25847484600007, 13.145705889000055], [80.25827840400007, 13.145336825000074], [80.25789741900007, 13.145252645000024], [80.25751712300007, 13.145261103000053], [80.25713797900005, 13.145268387000042], [80.25675768300005, 13.145275668000066], [80.25647305800004, 13.145282278000023], [80.25609390400007, 13.145289578000073], [80.25580924900004, 13.14529616800007], [80.25552645600004, 13.145394249000047], [80.25524298200008, 13.145399730000067], [80.25486083600003, 13.145315555000026], [80.25457503000007, 13.145321030000044], [80.25429036900006, 13.145326481000037], [80.25400501800004, 13.145239347000029], [80.25365914400004, 13.145224933000064], [80.25366442200004, 13.145463240000026], [80.25366855700008, 13.145702652000066], [80.25367380000006, 13.145939850000047], [80.25361801400004, 13.146179698000022], [80.25337601400008, 13.146184881000064], [80.25307016100004, 13.146130635000075], [80.25306487300008, 13.145892334000052], [80.25293861700004, 13.14565717700003], [80.25269179000009, 13.145483897000075], [80.25238753400004, 13.145489498000073], [80.25220914100004, 13.145672666000054], [80.25183282300004, 13.145748823000076], [80.25145252700008, 13.145756124000062], [80.25116974600007, 13.145855349000042], [80.25088691900004, 13.145953418000035], [80.25074027100004, 13.146104120000075], [80.25060905700008, 13.14623895900007], [80.25042260500004, 13.146428969000052], [80.25007802200008, 13.146436000000048], [80.24981609200006, 13.146377501000075], [80.24980835000008, 13.146444606000047], [80.25055787900004, 13.147765207000075], [80.25145017700004, 13.148835964000055], [80.25230678300005, 13.15015656500003], [80.25282161600006, 13.150607044000026], [80.25318110710468, 13.150585499114586], [80.2536011145998, 13.150560318903672], [80.25518914061955, 13.150481203104427], [80.25565656600008, 13.150107263000047], [80.25538638700004, 13.149242573000036], [80.25514160000006, 13.149187892000043], [80.25495698800006, 13.149011902000039], [80.25478550300005, 13.148892271000022], [80.25481500400008, 13.148681959000042], [80.25473717800008, 13.148449852000056], [80.25449830600007, 13.14810932800003], [80.25446289700005, 13.14799708000004], [80.25359169200004, 13.148086433000062], [80.25127171900004, 13.147658131000071], [80.25135675300004, 13.146439286000033], [80.25332900900008, 13.147511546000032], [80.25435930400006, 13.147564700000029], [80.25434372800004, 13.147488079000025], [80.25427868600008, 13.147120327000037], [80.25411996200006, 13.146860553000066], [80.25417229500005, 13.146467088000065], [80.25434908700005, 13.146224089000041], [80.25440487700007, 13.145984185000033], [80.25439962500008, 13.145745894000074], [80.25464278400005, 13.145740729000067], [80.25482967800008, 13.14591556500005], [80.25489602700003, 13.146153427000057], [80.25490015400004, 13.146391726000047], [80.25490541900007, 13.146628888000066], [80.25503168400009, 13.146865182000058], [80.25509689800005, 13.14710304300007], [80.25516324900008, 13.147338647000028], [80.25522959800008, 13.14757649100005], [80.25523017200005, 13.14760962500003], [80.25523372700007, 13.147814808000023], [80.25542062300008, 13.147989633000064], [80.25548696500005, 13.148226338000029], [80.25567271900007, 13.148402318000022], [80.25567801000005, 13.148639517000051], [80.25568325400008, 13.148877807000078], [80.25615230400007, 13.149172843000029], [80.25653683600007, 13.14968294500005], [80.25659927000004, 13.150087373000078], [80.25696849300004, 13.150142756000035], [80.25696849200006, 13.15008564900006], [80.25713981300004, 13.150028541000038], [80.25731113400008, 13.149971435000054], [80.25742534900007, 13.149971435000054], [80.25759666900007, 13.149971435000056], [80.25771088400006, 13.149971435000056], [80.25782509900006, 13.149971434000065], [80.25793931300007, 13.149971435000053], [80.25805352700007, 13.149971434000067], [80.25811063300006, 13.149971435000053], [80.25822484700006, 13.149971435000056], [80.25833906200006, 13.149971435000056], [80.25839616900004, 13.149971435000058], [80.25851038300004, 13.149971435000056], [80.25862459700005, 13.149971434000063], [80.25868170400008, 13.149971435000054], [80.25873881200005, 13.150028542000028], [80.25879591800003, 13.150085649000063], [80.25881913800004, 13.150097259000063], [80.25891013200004, 13.150142756000035], [80.25896724000006, 13.15019986200002], [80.25913856100004, 13.150199863000068], [80.25930988100004, 13.150199863000068], [80.25936698900006, 13.150256971000031], [80.25948120300006, 13.150256971000033], [80.25953831000004, 13.150314077000077], [80.25953831000004, 13.150371185000036], [80.25963090047685, 13.150402047951843], [80.26001887906807, 13.150387715620639], [80.26065165015359, 13.150556790863279], [80.26087606273353, 13.150686367422606], [80.26087600400007, 13.150686333000069]]]]}}, {"id": "57", "type": "Feature", "properties": {"map_year": "2015-16", "lulc_group": "Barren/Open", "lulc_class": "Sandy area", "LU_Webcode": "17"}, "geometry": {"type": "MultiPolygon", "coordinates": [[[[80.29745429700006, 13.123228825000067], [80.29737169200007, 13.123261910000052], [80.29737133300006, 13.123262032000067], [80.29712704700007, 13.123530061000048], [80.29687228422416, 13.12380927064764], [80.29737171932942, 13.12326196476789], [80.29754130524353, 13.123193912564012], [80.29745429700006, 13.123228825000067]]], [[[80.29667379000006, 13.124109889000067], [80.29648399700005, 13.124454692000029], [80.29648397983327, 13.124454727308983], [80.29673737598854, 13.123995789869108], [80.29667379000006, 13.124109889000067]]], [[[80.29646638600008, 13.12460119900004], [80.29644724700006, 13.124761092000027], [80.29644732534702, 13.12476119300157], [80.29646698047122, 13.124596215978231], [80.29646638600008, 13.12460119900004]]], [[[80.29662468200007, 13.124970412000039], [80.29662514100005, 13.124970954000046], [80.29691682300006, 13.124872885000057], [80.29695631800007, 13.124948725000023], [80.29699552300008, 13.125024660000065], [80.29718483600004, 13.125658568000063], [80.29719158100005, 13.125681150000048], [80.29733723300006, 13.12616985000005], [80.29748138500008, 13.126628357000074], [80.29769111600007, 13.127295451000066], [80.29815879100005, 13.128784109000035], [80.29816177100008, 13.12916700000005], [80.29787590040577, 13.129377625753957], [80.298027249558, 13.129358934767081], [80.29816231334013, 13.129166576975988], [80.29815914233063, 13.128784035954537], [80.29733725281204, 13.126169851557451], [80.29699594840436, 13.125024832030418], [80.296916620106, 13.124872435614465], [80.29662468218339, 13.124970400563598], [80.29657543923351, 13.124946756941457], [80.29662468200007, 13.124970412000039]]], [[[80.29769566800007, 13.129399777000064], [80.29748964537454, 13.129486878698884], [80.29769579992133, 13.129399867410026], [80.29773339535649, 13.129395224531129], [80.29769566800007, 13.129399777000064]]], [[[80.29732577000004, 13.129556144000045], [80.29732710321633, 13.129656387557384], [80.29732627123883, 13.129555948536266], [80.29732577000004, 13.129556144000045]]], [[[80.29715909700008, 13.130647382000062], [80.29721307791681, 13.13132633192208], [80.29715966098962, 13.130647548145873], [80.29726708279168, 13.130211374505224], [80.29715909700008, 13.130647382000062]]], [[[80.29725008100007, 13.132138864000071], [80.29748944700003, 13.132711854000034], [80.29756847400006, 13.132901155000072], [80.29756858700006, 13.132901299000025], [80.29756866500009, 13.132901487000025], [80.29758890491313, 13.132927485746823], [80.29756868434738, 13.132901504600797], [80.29725008692202, 13.132138873210465], [80.29724892405132, 13.131998548198805], [80.29725008100007, 13.132138864000071]]], [[[80.29864283800003, 13.132931513000074], [80.29887652103585, 13.132910575967948], [80.29887644968846, 13.13291021903143], [80.29864241731377, 13.132931211006621], [80.29821957401862, 13.1330248305491], [80.29864283800003, 13.132931513000074]]], [[[80.29867271700004, 13.133806701000024], [80.2985527800001, 13.13394539600006], [80.29820510200005, 13.13429250000007], [80.29820479500006, 13.134292908000077], [80.29826210400006, 13.13539392900003], [80.29827433000008, 13.13563159700004], [80.29824786300009, 13.135776854000026], [80.29819707568882, 13.136054880783826], [80.29827446329591, 13.135631378685217], [80.29820481080344, 13.134292916784718], [80.29855324503626, 13.133945794662736], [80.29874550930745, 13.13372230626843], [80.29867271700004, 13.133806701000024]]], [[[80.29831444900003, 13.138118538000072], [80.29825883600006, 13.138394782000033], [80.29823564400004, 13.138509399000043], [80.29823572300006, 13.138509711000038], [80.29823567800008, 13.13850993500006], [80.29824812500004, 13.13855995700004], [80.29836304500003, 13.13902557500006], [80.29841181500007, 13.139225884000039], [80.29852963700006, 13.13967688800005], [80.29879044700004, 13.140680955000049], [80.29896516161179, 13.141112829471693], [80.29879045111846, 13.14068095056547], [80.29841237613033, 13.139225359163051], [80.29823565844896, 13.138509418774731], [80.29831479699033, 13.138118512259608], [80.29831460273681, 13.13811788273415], [80.29824497330394, 13.137260575048947], [80.29831444900003, 13.138118538000072]]], [[[80.29919017600008, 13.141669628000045], [80.29938781700008, 13.142158734000077], [80.29989042600005, 13.142910627000049], [80.30028464900005, 13.143950242000074], [80.30028966967438, 13.143962166851452], [80.29989046587235, 13.142910446360073], [80.29938825386489, 13.142158700363778], [80.298982112287, 13.141154731013714], [80.29919017600008, 13.141669628000045]]], [[[80.30055503800008, 13.144661308000025], [80.30064257513365, 13.144803165596066], [80.30064258778528, 13.144803163135522], [80.3005550450793, 13.144661310371244], [80.30029516038977, 13.14397663238972], [80.30055503800008, 13.144661308000025]]]]}}, {"id": "58", "type": "Feature", "properties": {"map_year": "2015-16", "lulc_group": "Agriculture", "lulc_class": "Plantation", "LU_Webcode": "5"}, "geometry": {"type": "MultiPolygon", "coordinates": [[[[80.28717988400007, 13.147196202000032], [80.28716402122797, 13.147198275430577], [80.28717988477345, 13.147196204207148], [80.28717988400007, 13.147196202000032]]], [[[80.28663718500007, 13.147209060000023], [80.28663718500921, 13.147209061180329], [80.2868568316289, 13.147218498676255], [80.28663718500007, 13.147209060000023]]], [[[80.28550074000003, 13.14700237000005], [80.28549793700006, 13.147001279000053], [80.28538366800007, 13.146956945000058], [80.28494236000006, 13.146099372000036], [80.28494236000006, 13.146204756000031], [80.28491856600004, 13.146395113000038], [80.28482338700007, 13.146561676000033], [80.28468061900008, 13.146680649000073], [80.28467540485447, 13.146682138751489], [80.28550073333498, 13.14700237490496], [80.28550074000003, 13.14700237000005]]]]}}, {"id": "59", "type": "Feature", "properties": {"map_year": "2015-16", "lulc_group": "Built-up", "lulc_class": "Urban", "LU_Webcode": "1"}, "geometry": {"type": "MultiPolygon", "coordinates": [[[[80.30055503800008, 13.144661308000025], [80.30029516038977, 13.14397663238972], [80.30028966967438, 13.143962166851452], [80.30028464900005, 13.143950242000074], [80.29989042600005, 13.142910627000049], [80.29938781700008, 13.142158734000077], [80.29919017600008, 13.141669628000045], [80.298982112287, 13.141154731013714], [80.29896516161179, 13.141112829471693], [80.29879044700004, 13.140680955000049], [80.29852963700006, 13.13967688800005], [80.29841181500007, 13.139225884000039], [80.29836304500003, 13.13902557500006], [80.29824812500004, 13.13855995700004], [80.29823567800008, 13.13850993500006], [80.29823572300006, 13.138509711000038], [80.29823564400004, 13.138509399000043], [80.29825883600006, 13.138394782000033], [80.29831444900003, 13.138118538000072], [80.29824497330394, 13.137260575048947], [80.29816244194319, 13.13624441324913], [80.29819707568882, 13.136054880783826], [80.29824786300009, 13.135776854000026], [80.29827433000008, 13.13563159700004], [80.29826210400006, 13.13539392900003], [80.29820479500006, 13.134292908000077], [80.29820510200005, 13.13429250000007], [80.2985527800001, 13.13394539600006], [80.29867271700004, 13.133806701000024], [80.29874550930745, 13.13372230626843], [80.29890120172911, 13.133541329069146], [80.29893753613845, 13.13321582215252], [80.29887652103585, 13.132910575967948], [80.29864283800003, 13.132931513000074], [80.29821957401862, 13.1330248305491], [80.29774623030437, 13.133129631127643], [80.29758890491313, 13.132927485746823], [80.29756866500009, 13.132901487000025], [80.29756858700006, 13.132901299000025], [80.29756847400006, 13.132901155000072], [80.29748944700003, 13.132711854000034], [80.29725008100007, 13.132138864000071], [80.29724892405132, 13.131998548198805], [80.29724691681184, 13.131756332189013], [80.29721307791681, 13.13132633192208], [80.29715909700008, 13.130647382000062], [80.29726708279168, 13.130211374505224], [80.29732959778278, 13.129957539708753], [80.29732710321633, 13.129656387557384], [80.29732577000004, 13.129556144000045], [80.29732627123883, 13.129555948536266], [80.2973262702912, 13.129555834134464], [80.29748964537454, 13.129486878698884], [80.29769566800007, 13.129399777000064], [80.29773339535649, 13.129395224531129], [80.29787590040577, 13.129377625753957], [80.29816177100008, 13.12916700000005], [80.29815879100005, 13.128784109000035], [80.29769111600007, 13.127295451000066], [80.29748138500008, 13.126628357000074], [80.29489521400006, 13.126784232000036], [80.29328793700006, 13.126881087000072], [80.29196288900005, 13.126960924000057], [80.29012389000007, 13.127129923000041], [80.28182337300008, 13.127957315000058], [80.28114532500007, 13.128024885000057], [80.27831730800006, 13.128306677000069], [80.27753767300004, 13.128384353000056], [80.27519262500006, 13.128617974000061], [80.27524956400003, 13.129033629000046], [80.27648688400006, 13.132536196000046], [80.27808588100004, 13.137847153000052], [80.27917480000008, 13.140475576000027], [80.27914990400006, 13.140480742000019], [80.27905376200005, 13.140720918000056], [80.27905541200005, 13.140932617000033], [80.27910856300008, 13.140961717000035], [80.27945471300006, 13.141151230000046], [80.27974198700008, 13.14184464600004], [80.28120027247874, 13.14476121888588], [80.28222139210362, 13.145436993622411], [80.28421637708419, 13.146504031136201], [80.28467540485447, 13.146682138751489], [80.28468061900008, 13.146680649000073], [80.28482338700007, 13.146561676000033], [80.28491856600004, 13.146395113000038], [80.28494236000006, 13.146204756000031], [80.28494236000006, 13.146099372000036], [80.28538366800007, 13.146956945000058], [80.28549793700006, 13.147001279000053], [80.28550074000003, 13.14700237000005], [80.28550073333498, 13.14700237490496], [80.28595823078781, 13.147179888740936], [80.28663718500921, 13.147209061180329], [80.28663718500007, 13.147209060000023], [80.2868568316289, 13.147218498676255], [80.28697142139401, 13.14722342222319], [80.28716402122797, 13.147198275430577], [80.28717988400007, 13.147196202000032], [80.28717988477345, 13.147196204207148], [80.2878123477617, 13.147113626692542], [80.28853191691451, 13.14664385413061], [80.28918657030403, 13.14627771944123], [80.2900507603344, 13.145800346708711], [80.29069438803566, 13.145692110602454], [80.29150963965822, 13.14565985282002], [80.29250924240769, 13.145651909108377], [80.29364122266435, 13.145746034851696], [80.29365247138452, 13.145747987279831], [80.29445791500086, 13.145887780596638], [80.29585922332456, 13.145838111939383], [80.29586492682495, 13.145837909591876], [80.29715121095967, 13.145505398755176], [80.2985431402538, 13.145223601587986], [80.30017143566329, 13.144894795058802], [80.30064257513365, 13.144803165596066], [80.30055503800008, 13.144661308000025]], [[80.28327615400008, 13.142118399000026], [80.28378487500004, 13.142181402000062], [80.28440578400006, 13.142258300000035], [80.28416956200005, 13.142697097000054], [80.28366953300008, 13.143625937000024], [80.28473648700003, 13.145699306000038], [80.28463303100006, 13.145728864000032], [80.28444267300006, 13.145800248000057], [80.28427611200004, 13.145871632000025], [80.28410955000004, 13.14591922100004], [80.28391919200004, 13.14591922200003], [80.28370504100008, 13.145919221000044], [80.28351468400007, 13.14591922000005], [80.28332432700006, 13.145919221000042], [80.28315776400007, 13.145895426000035], [80.28289602400008, 13.145324356000062], [80.28299120200008, 13.145157793000068], [80.28308638100005, 13.145015026000069], [80.28311017500005, 13.144848463000073], [80.28303879200007, 13.144634312000052], [80.28285155700007, 13.14408821000006], [80.28328625500006, 13.143942611000057], [80.28352795400008, 13.143653946000027], [80.28342669100005, 13.143176581000036], [80.28313177400008, 13.14289190100004], [80.28307293800003, 13.142808982000078], [80.28335217400007, 13.14260471600005], [80.28327615400008, 13.142118399000026]]]]}}, {"id": "60", "type": "Feature", "properties": {"map_year": "2015-16", "lulc_group": "Water/Wetland", "lulc_class": "River / Stream / Canals", "LU_Webcode": "22"}, "geometry": {"type": "MultiPolygon", "coordinates": [[[[80.27974198700008, 13.14184464600004], [80.27945471300006, 13.141151230000046], [80.27910856300008, 13.140961717000035], [80.27905541200005, 13.140932617000033], [80.27905376200005, 13.140720918000056], [80.27914990400006, 13.140480742000019], [80.27917480000008, 13.140475576000027], [80.27808588100004, 13.137847153000052], [80.27648688400006, 13.132536196000046], [80.27524956400003, 13.129033629000046], [80.27519262500006, 13.128617974000061], [80.27487189900006, 13.128649922000019], [80.27465468100007, 13.12862356900007], [80.27465965300007, 13.128655956000046], [80.27470180900008, 13.128892870000067], [80.27481943200007, 13.12919810800002], [80.27489525400006, 13.12961886900007], [80.27501228600005, 13.129848409000033], [80.27508867500006, 13.130193492000046], [80.27520513800005, 13.13049988600005], [80.27528329400008, 13.13065473900002], [80.27539825000008, 13.130882497000073], [80.27551412400005, 13.131264577000024], [80.27566864800008, 13.131723128000031], [80.27578512400004, 13.132183126000031], [80.27585978300006, 13.132555227000065], [80.27596999300005, 13.132665437000073], [80.27607079200006, 13.133471821000057], [80.27613172000008, 13.133867859000079], [80.27620812000004, 13.13413299900003], [80.27636292800008, 13.134478629000059], [80.27649123500004, 13.134782222000071], [80.27655661800003, 13.134936926000021], [80.27667309900005, 13.135395766000048], [80.27682760100004, 13.135855481000021], [80.27698069500008, 13.136429289000036], [80.27717586200005, 13.136925985000062], [80.27717361300006, 13.137232108000035], [80.27736730400005, 13.13769151400004], [80.27744571900007, 13.137997050000022], [80.27755963300007, 13.138418673000047], [80.27775443800004, 13.138724447000074], [80.27775394300005, 13.139106249000063], [80.27790873800006, 13.13945186800004], [80.27821972600003, 13.139873152000062], [80.27841251700005, 13.140217359000076], [80.27852869800006, 13.140484214000027], [80.27859483000003, 13.140680453000074], [80.27860654000006, 13.140715200000045], [80.27876247300003, 13.141058552000063], [80.27883859800005, 13.141364094000037], [80.27910533800008, 13.141878328000075], [80.27940601000006, 13.142008237000029], [80.27941972100007, 13.142589848000053], [80.27973100600008, 13.143048398000078], [80.27984634500007, 13.143508401000078], [80.28007299700005, 13.143906571000059], [80.28017117300004, 13.144079805000047], [80.28017118467623, 13.14408018058311], [80.28017142706977, 13.14408033124232], [80.28120027247874, 13.14476121888588], [80.27974198700008, 13.14184464600004]]]]}}]}