{"type": "FeatureCollection", "features": [{"id": "0", "type": "Feature", "properties": {"railway": "station", "station": "subway", "subway": "yes", "construction": null, "construction:railway": null, "public_transport": "station", "network": "Chennai Metro", "operator": "Chennai Metro Rail Limited", "name": "Chennai International Airport", "name:en": "Chennai International Airport", "element": "node", "id": 6285857241.0, "category": "metro_operational", "city": "chennai", "index_right": 0.0, "n_osm_nodes": 1.0, "phase": "phase1", "position_source": "osm", "confidence": "high", "Line": "Blue Line", "Layout": "Elevated", "snap_offset_m": null, "station_id": "MAA000", "prediction": 8428.0, "lower": 5019.0, "upper": 12664.0, "population_density": 6464.850328681028, "pnr": 0.0715457142715123, "bus_stops_500m": 1, "poi_total": 32.0, "metro_closeness": 5.434438666505197e-05, "prediction_band": "Very high", "rank_phase2": null, "label_top15": 0, "is_intermodal_hub": 1, "is_top1_phase2": 0, "map_snap_m": 2.6, "map_aligned": 1}, "geometry": {"type": "Point", "coordinates": [80.16419423679751, 12.980830829099542]}}, {"id": "1", "type": "Feature", "properties": {"railway": "station", "station": "subway", "subway": "yes", "construction": null, "construction:railway": null, "public_transport": "station", "network": "Chennai Metro", "operator": "Chennai Metro Rail Limited", "name": "Meenambakkam", "name:en": "Meenambakkam", "element": "node", "id": 6285857239.0, "category": "metro_operational", "city": "chennai", "index_right": 1.0, "n_osm_nodes": 1.0, "phase": "phase1", "position_source": "osm", "confidence": "high", "Line": "Blue Line", "Layout": "Elevated", "snap_offset_m": null, "station_id": "MAA001", "prediction": 6109.0, "lower": 4132.0, "upper": 8704.0, "population_density": 5271.118242964037, "pnr": 0.1155513705477756, "bus_stops_500m": 1, "poi_total": 7.0, "metro_closeness": 5.924124245074187e-05, "prediction_band": "High", "rank_phase2": null, "label_top15": 0, "is_intermodal_hub": 0, "is_top1_phase2": 0, "map_snap_m": 2.4, "map_aligned": 1}, "geometry": {"type": "Point", "coordinates": [80.17646618627907, 12.987690357005361]}}, {"id": "2", "type": "Feature", "properties": {"railway": "station", "station": "subway", "subway": "yes", "construction": null, "construction:railway": null, "public_transport": "station", "network": "Chennai Metro", "operator": "Chennai Metro Rail Limited", "name": "St. Thomas Mount", "name:en": "Saint Thomas Mount", "element": "node", "id": 5319202812.0, "category": "metro_operational", "city": "chennai", "index_right": 2.0, "n_osm_nodes": 1.0, "phase": "phase1", "position_source": "osm", "confidence": "high", "Line": "Green Line", "Layout": "Elevated", "snap_offset_m": null, "station_id": "MAA002", "prediction": 6405.0, "lower": 5159.0, "upper": 7540.0, "population_density": 23229.27394758636, "pnr": 0.1658887483451029, "bus_stops_500m": 1, "poi_total": 19.0, "metro_closeness": 6.704479402066701e-05, "prediction_band": "High", "rank_phase2": null, "label_top15": 0, "is_intermodal_hub": 1, "is_top1_phase2": 0, "map_snap_m": 9.5, "map_aligned": 1}, "geometry": {"type": "Point", "coordinates": [80.19855054210988, 12.99508056905991]}}, {"id": "3", "type": "Feature", "properties": {"railway": "station", "station": "subway", "subway": "yes", "construction": null, "construction:railway": null, "public_transport": "station", "network": "Chennai Metro", "operator": "Chennai Metro Rail Limited", "name": "Nanganallur Road", "name:en": "Nanganallur Road", "element": "node", "id": 6285857237.0, "category": "metro_operational", "city": "chennai", "index_right": 4.0, "n_osm_nodes": 1.0, "phase": "phase1", "position_source": "osm", "confidence": "high", "Line": "Blue Line", "Layout": "Elevated", "snap_offset_m": null, "station_id": "MAA003", "prediction": 6222.0, "lower": 3735.0, "upper": 9687.0, "population_density": 10930.04676668342, "pnr": 0.1522923798488142, "bus_stops_500m": 4, "poi_total": 17.0, "metro_closeness": 6.848736246032628e-05, "prediction_band": "High", "rank_phase2": null, "label_top15": 0, "is_intermodal_hub": 0, "is_top1_phase2": 0, "map_snap_m": 1.8, "map_aligned": 1}, "geometry": {"type": "Point", "coordinates": [80.19399927286031, 12.999892680772883]}}, {"id": "4", "type": "Feature", "properties": {"railway": "station", "station": "subway", "subway": "yes", "construction": null, "construction:railway": null, "public_transport": "station", "network": "Chennai Metro", "operator": "Chennai Metro Rail Limited", "name": "Arignar Anna Alandur", "name:en": "Alandur", "element": "node", "id": 5308690568.0, "category": "metro_operational", "city": "chennai", "index_right": 5.0, "n_osm_nodes": 1.0, "phase": "phase1", "position_source": "osm", "confidence": "high", "Line": "Blue Line", "Layout": "Elevated", "snap_offset_m": null, "station_id": "MAA004", "prediction": 7982.0, "lower": 5895.0, "upper": 9850.0, "population_density": 22268.85786147533, "pnr": 0.3243447664145163, "bus_stops_500m": 5, "poi_total": 27.0, "metro_closeness": 7.150020645068306e-05, "prediction_band": "Very high", "rank_phase2": null, "label_top15": 0, "is_intermodal_hub": 1, "is_top1_phase2": 0, "map_snap_m": 9.4, "map_aligned": 1}, "geometry": {"type": "Point", "coordinates": [80.20153067723217, 13.004218427908764]}}, {"id": "5", "type": "Feature", "properties": {"railway": "station", "station": "subway", "subway": "yes", "construction": null, "construction:railway": null, "public_transport": "station", "network": "Chennai Metro", "operator": "Chennai Metro Rail Limited", "name": "Ekkattuthangal", "name:en": "Ekkattuthangal", "element": "node", "id": 5319207378.0, "category": "metro_operational", "city": "chennai", "index_right": 6.0, "n_osm_nodes": 1.0, "phase": "phase1", "position_source": "osm", "confidence": "high", "Line": "Green Line", "Layout": "Elevated", "snap_offset_m": null, "station_id": "MAA005", "prediction": 7106.0, "lower": 5833.0, "upper": 9131.0, "population_density": 40563.66850500129, "pnr": 0.3092322071175187, "bus_stops_500m": 5, "poi_total": 20.0, "metro_closeness": 6.568943800553627e-05, "prediction_band": "Very high", "rank_phase2": null, "label_top15": 0, "is_intermodal_hub": 0, "is_top1_phase2": 0, "map_snap_m": 2.2, "map_aligned": 1}, "geometry": {"type": "Point", "coordinates": [80.20544317272055, 13.016915508271415]}}, {"id": "6", "type": "Feature", "properties": {"railway": "station", "station": "subway", "subway": "yes", "construction": null, "construction:railway": null, "public_transport": "station", "network": "Chennai Metro", "operator": "Chennai Metro Rail Limited", "name": "Ashok Nagar", "name:en": "Ashok Nagar", "element": "node", "id": 5319972796.0, "category": "metro_operational", "city": "chennai", "index_right": 7.0, "n_osm_nodes": 1.0, "phase": "phase1", "position_source": "osm", "confidence": "high", "Line": "Green Line", "Layout": "Elevated", "snap_offset_m": null, "station_id": "MAA006", "prediction": 7993.0, "lower": 6684.0, "upper": 9314.0, "population_density": 31814.90828988287, "pnr": 0.5030422957872254, "bus_stops_500m": 11, "poi_total": 85.0, "metro_closeness": 6.991067641479994e-05, "prediction_band": "Very high", "rank_phase2": null, "label_top15": 0, "is_intermodal_hub": 0, "is_top1_phase2": 0, "map_snap_m": 1.5, "map_aligned": 1}, "geometry": {"type": "Point", "coordinates": [80.2111004380754, 13.035488839206144]}}, {"id": "7", "type": "Feature", "properties": {"railway": "station", "station": "subway", "subway": "yes", "construction": null, "construction:railway": null, "public_transport": "station", "network": "Chennai Metro", "operator": "Chennai Metro Rail Limited", "name": "Puratchi Thalaivi Dr. J. Jayalalithaa CMBT", "name:en": "CMBT", "element": "node", "id": 5321248890.0, "category": "metro_operational", "city": "chennai", "index_right": 18.0, "n_osm_nodes": 1.0, "phase": "phase1", "position_source": "osm", "confidence": "high", "Line": "Green Line", "Layout": "Elevated", "snap_offset_m": null, "station_id": "MAA007", "prediction": 8988.0, "lower": 7528.0, "upper": 10828.0, "population_density": 25476.91312628904, "pnr": 0.085046731593506, "bus_stops_500m": 11, "poi_total": 49.0, "metro_closeness": 7.183023361686032e-05, "prediction_band": "Very high", "rank_phase2": null, "label_top15": 0, "is_intermodal_hub": 1, "is_top1_phase2": 0, "map_snap_m": 1.9, "map_aligned": 1}, "geometry": {"type": "Point", "coordinates": [80.20398120736488, 13.068502236752057]}}, {"id": "8", "type": "Feature", "properties": {"railway": "station", "station": "subway", "subway": "yes", "construction": null, "construction:railway": null, "public_transport": "station", "network": "Chennai Metro", "operator": "Chennai Metro Rail Limited", "name": "Koyambedu", "name:en": "Koyambedu", "element": "node", "id": 5321248896.0, "category": "metro_operational", "city": "chennai", "index_right": 19.0, "n_osm_nodes": 1.0, "phase": "phase1", "position_source": "osm", "confidence": "high", "Line": "Green Line", "Layout": "Elevated", "snap_offset_m": null, "station_id": "MAA008", "prediction": 8253.0, "lower": 5589.0, "upper": 10765.0, "population_density": 21707.674379710577, "pnr": 0.1062161676980971, "bus_stops_500m": 1, "poi_total": 29.0, "metro_closeness": 7.242311443365683e-05, "prediction_band": "Very high", "rank_phase2": null, "label_top15": 0, "is_intermodal_hub": 1, "is_top1_phase2": 0, "map_snap_m": 2.3, "map_aligned": 1}, "geometry": {"type": "Point", "coordinates": [80.19485730333935, 13.073449090018011]}}, {"id": "9", "type": "Feature", "properties": {"railway": "station", "station": "subway", "subway": "yes", "construction": null, "construction:railway": null, "public_transport": "station", "network": "Chennai Metro", "operator": "Chennai Metro Rail Limited", "name": "Anna Nagar Tower", "name:en": "Anna Nagar Tower", "element": "way", "id": 1314817095.0, "category": "metro_operational", "city": "chennai", "index_right": 20.0, "n_osm_nodes": 1.0, "phase": "phase1", "position_source": "osm", "confidence": "high", "Line": "Green Line", "Layout": "Underground", "snap_offset_m": null, "station_id": "MAA009", "prediction": 5067.0, "lower": 4151.0, "upper": 5848.0, "population_density": 35456.10357335088, "pnr": 0.3371389116512699, "bus_stops_500m": 4, "poi_total": 48.0, "metro_closeness": 7.554213178915561e-05, "prediction_band": "Very low", "rank_phase2": null, "label_top15": 0, "is_intermodal_hub": 0, "is_top1_phase2": 0, "map_snap_m": 6.0, "map_aligned": 1}, "geometry": {"type": "Point", "coordinates": [80.20863524649062, 13.085011121522689]}}, {"id": "10", "type": "Feature", "properties": {"railway": "station", "station": "subway", "subway": "yes", "construction": null, "construction:railway": null, "public_transport": "station", "network": "Chennai Metro", "operator": "Chennai Metro Rail Limited", "name": "Thirumangalam", "name:en": "Thirumangalam", "element": "way", "id": 1314817096.0, "category": "metro_operational", "city": "chennai", "index_right": 21.0, "n_osm_nodes": 1.0, "phase": "phase1", "position_source": "osm", "confidence": "high", "Line": "Green Line", "Layout": "Underground", "snap_offset_m": null, "station_id": "MAA010", "prediction": 7244.0, "lower": 5091.0, "upper": 10369.0, "population_density": 31897.60242527302, "pnr": 0.4144721797714902, "bus_stops_500m": 5, "poi_total": 50.0, "metro_closeness": 7.580454457900318e-05, "prediction_band": "Very high", "rank_phase2": null, "label_top15": 0, "is_intermodal_hub": 1, "is_top1_phase2": 0, "map_snap_m": 8.6, "map_aligned": 1}, "geometry": {"type": "Point", "coordinates": [80.20155331638246, 13.085254443455389]}}, {"id": "11", "type": "Feature", "properties": {"railway": "station", "station": "subway", "subway": "yes", "construction": null, "construction:railway": null, "public_transport": "station", "network": "Chennai Metro", "operator": "Chennai Metro Rail Limited", "name": "Guindy", "name:en": "Guindy", "element": "node", "id": 6285857248.0, "category": "metro_operational", "city": "chennai", "index_right": 23.0, "n_osm_nodes": 1.0, "phase": "phase1", "position_source": "osm", "confidence": "high", "Line": "Blue Line", "Layout": "Elevated", "snap_offset_m": null, "station_id": "MAA011", "prediction": 7836.0, "lower": 5449.0, "upper": 10566.0, "population_density": 24236.06433033184, "pnr": 0.2951624055173327, "bus_stops_500m": 11, "poi_total": 16.0, "metro_closeness": 7.220586855557623e-05, "prediction_band": "Very high", "rank_phase2": null, "label_top15": 0, "is_intermodal_hub": 1, "is_top1_phase2": 0, "map_snap_m": 2.5, "map_aligned": 1}, "geometry": {"type": "Point", "coordinates": [80.21307901444482, 13.009296729518827]}}, {"id": "12", "type": "Feature", "properties": {"railway": "station", "station": "subway", "subway": "yes", "construction": null, "construction:railway": null, "public_transport": "station", "network": "Chennai Metro", "operator": "Chennai Metro Rail Limited", "name": "Little Mount", "name:en": "Little Mount", "element": "node", "id": 6285857246.0, "category": "metro_operational", "city": "chennai", "index_right": 24.0, "n_osm_nodes": 1.0, "phase": "phase1", "position_source": "osm", "confidence": "high", "Line": "Blue Line", "Layout": "Elevated", "snap_offset_m": null, "station_id": "MAA012", "prediction": 6150.0, "lower": 5187.0, "upper": 7569.0, "population_density": 29647.31136684745, "pnr": 0.2365206103666437, "bus_stops_500m": 4, "poi_total": 75.0, "metro_closeness": 7.32754974266556e-05, "prediction_band": "High", "rank_phase2": null, "label_top15": 0, "is_intermodal_hub": 0, "is_top1_phase2": 0, "map_snap_m": 3.6, "map_aligned": 1}, "geometry": {"type": "Point", "coordinates": [80.22418782494981, 13.01463838143055]}}, {"id": "13", "type": "Feature", "properties": {"railway": "station", "station": "subway", "subway": "yes", "construction": null, "construction:railway": null, "public_transport": "station", "network": "Chennai Metro", "operator": "Chennai Metro Rail Limited", "name": "Saidapet", "name:en": "Saidapet", "element": "node", "id": 6285857244.0, "category": "metro_operational", "city": "chennai", "index_right": 25.0, "n_osm_nodes": 1.0, "phase": "phase1", "position_source": "osm", "confidence": "high", "Line": "Blue Line", "Layout": "Underground", "snap_offset_m": null, "station_id": "MAA013", "prediction": 6546.0, "lower": 5104.0, "upper": 8594.0, "population_density": 27050.34602604328, "pnr": 0.3443855892935935, "bus_stops_500m": 6, "poi_total": 48.0, "metro_closeness": 7.674290915853438e-05, "prediction_band": "High", "rank_phase2": null, "label_top15": 0, "is_intermodal_hub": 0, "is_top1_phase2": 0, "map_snap_m": 2.5, "map_aligned": 1}, "geometry": {"type": "Point", "coordinates": [80.22813908442295, 13.023977694505943]}}, {"id": "14", "type": "Feature", "properties": {"railway": "station", "station": "subway", "subway": "yes", "construction": null, "construction:railway": null, "public_transport": "station", "network": "Chennai Metro", "operator": "Chennai Metro Rail Limited", "name": "Nandanam", "name:en": "Nandanam", "element": "node", "id": 6285857243.0, "category": "metro_operational", "city": "chennai", "index_right": 27.0, "n_osm_nodes": 1.0, "phase": "phase1", "position_source": "osm", "confidence": "high", "Line": "Blue Line", "Layout": "Underground", "snap_offset_m": null, "station_id": "MAA014", "prediction": 6245.0, "lower": 4953.0, "upper": 8363.0, "population_density": 39939.82765691838, "pnr": 0.0811971184521093, "bus_stops_500m": 5, "poi_total": 59.0, "metro_closeness": 8.354209941679468e-05, "prediction_band": "High", "rank_phase2": null, "label_top15": 0, "is_intermodal_hub": 0, "is_top1_phase2": 0, "map_snap_m": 2.5, "map_aligned": 1}, "geometry": {"type": "Point", "coordinates": [80.24118557578785, 13.031729168261231]}}, {"id": "15", "type": "Feature", "properties": {"railway": "station", "station": "subway", "subway": "yes", "construction": null, "construction:railway": null, "public_transport": "station", "network": "Chennai Metro", "operator": "Chennai Metro Rail Limited", "name": "Teynampet", "name:en": "Teynampet", "element": "node", "id": 6285857242.0, "category": "metro_operational", "city": "chennai", "index_right": 29.0, "n_osm_nodes": 1.0, "phase": "phase1", "position_source": "osm", "confidence": "high", "Line": "Blue Line", "Layout": "Underground", "snap_offset_m": null, "station_id": "MAA015", "prediction": 7034.0, "lower": 6063.0, "upper": 8188.0, "population_density": 51170.246257595405, "pnr": 0.4476052195793397, "bus_stops_500m": 8, "poi_total": 55.0, "metro_closeness": 8.32628954502406e-05, "prediction_band": "High", "rank_phase2": null, "label_top15": 0, "is_intermodal_hub": 0, "is_top1_phase2": 0, "map_snap_m": 3.2, "map_aligned": 1}, "geometry": {"type": "Point", "coordinates": [80.2463899963379, 13.03680462547604]}}, {"id": "16", "type": "Feature", "properties": {"railway": "station", "station": "subway", "subway": "yes", "construction": null, "construction:railway": null, "public_transport": "station", "network": "Chennai Metro", "operator": "Chennai Metro Rail Limited", "name": "AG \u2013 DMS", "name:en": "AG-DMS", "element": "node", "id": 6285857249.0, "category": "metro_operational", "city": "chennai", "index_right": 31.0, "n_osm_nodes": 1.0, "phase": "phase1", "position_source": "osm", "confidence": "high", "Line": "Blue Line", "Layout": "Underground", "snap_offset_m": null, "station_id": "MAA016", "prediction": 5978.0, "lower": 5223.0, "upper": 7190.0, "population_density": 46070.59633446733, "pnr": 0.3802401248774973, "bus_stops_500m": 5, "poi_total": 66.0, "metro_closeness": 8.379565895639049e-05, "prediction_band": "Medium", "rank_phase2": null, "label_top15": 0, "is_intermodal_hub": 0, "is_top1_phase2": 0, "map_snap_m": 2.5, "map_aligned": 1}, "geometry": {"type": "Point", "coordinates": [80.24830731632811, 13.045880459181353]}}, {"id": "17", "type": "Feature", "properties": {"railway": "station", "station": "subway", "subway": "yes", "construction": null, "construction:railway": null, "public_transport": "station", "network": "Chennai Metro", "operator": "Chennai Metro Rail Limited", "name": "Vadapalani", "name:en": "Vadapalani", "element": "node", "id": 5319972798.0, "category": "metro_operational", "city": "chennai", "index_right": 32.0, "n_osm_nodes": 1.0, "phase": "phase1", "position_source": "osm", "confidence": "high", "Line": "Green Line", "Layout": "Elevated", "snap_offset_m": null, "station_id": "MAA017", "prediction": 8771.0, "lower": 6512.0, "upper": 11550.0, "population_density": 42572.94154832207, "pnr": 0.5164456967575797, "bus_stops_500m": 7, "poi_total": 41.0, "metro_closeness": 7.62076245857298e-05, "prediction_band": "Very high", "rank_phase2": null, "label_top15": 0, "is_intermodal_hub": 0, "is_top1_phase2": 0, "map_snap_m": 2.1, "map_aligned": 1}, "geometry": {"type": "Point", "coordinates": [80.21204556858525, 13.050937889145644]}}, {"id": "18", "type": "Feature", "properties": {"railway": "station", "station": "subway", "subway": "yes", "construction": null, "construction:railway": null, "public_transport": "station", "network": "Chennai Metro", "operator": "Chennai Metro Rail Limited", "name": "Thousand Lights", "name:en": "Thousand Lights", "element": "node", "id": 5337407346.0, "category": "metro_operational", "city": "chennai", "index_right": 34.0, "n_osm_nodes": 1.0, "phase": "phase1", "position_source": "osm", "confidence": "high", "Line": "Blue Line", "Layout": "Underground", "snap_offset_m": null, "station_id": "MAA018", "prediction": 8695.0, "lower": 5643.0, "upper": 11703.0, "population_density": 43154.190435278135, "pnr": 0.2333026064522545, "bus_stops_500m": 13, "poi_total": 63.0, "metro_closeness": 8.58528133019697e-05, "prediction_band": "Very high", "rank_phase2": null, "label_top15": 0, "is_intermodal_hub": 0, "is_top1_phase2": 0, "map_snap_m": 6.1, "map_aligned": 1}, "geometry": {"type": "Point", "coordinates": [80.25874674180187, 13.058557775869248]}}, {"id": "19", "type": "Feature", "properties": {"railway": "station", "station": "subway", "subway": "yes", "construction": null, "construction:railway": null, "public_transport": "station", "network": "Chennai Metro", "operator": "Chennai Metro Rail Limited", "name": "Arumbakkam", "name:en": "Arumbakkam", "element": "node", "id": 5319972799.0, "category": "metro_operational", "city": "chennai", "index_right": 35.0, "n_osm_nodes": 1.0, "phase": "phase1", "position_source": "osm", "confidence": "high", "Line": "Green Line", "Layout": "Elevated", "snap_offset_m": null, "station_id": "MAA019", "prediction": 5625.0, "lower": 4997.0, "upper": 6683.0, "population_density": 32280.33953199415, "pnr": 0.4063148744400984, "bus_stops_500m": 4, "poi_total": 32.0, "metro_closeness": 7.334202463841147e-05, "prediction_band": "Low", "rank_phase2": null, "label_top15": 0, "is_intermodal_hub": 0, "is_top1_phase2": 0, "map_snap_m": 2.4, "map_aligned": 1}, "geometry": {"type": "Point", "coordinates": [80.21167749786056, 13.061673245234209]}}, {"id": "20", "type": "Feature", "properties": {"railway": "station", "station": "subway", "subway": "yes", "construction": null, "construction:railway": null, "public_transport": "station", "network": "Chennai Metro", "operator": "Chennai Metro Rail Limited", "name": "Pachaiyappa's College", "name:en": null, "element": "node", "id": 5329907482.0, "category": "metro_operational", "city": "chennai", "index_right": 36.0, "n_osm_nodes": 1.0, "phase": "phase1", "position_source": "osm", "confidence": "high", "Line": "Green Line", "Layout": "Underground", "snap_offset_m": null, "station_id": "MAA020", "prediction": 3803.0, "lower": 2886.0, "upper": 5266.0, "population_density": 34889.21986901442, "pnr": 0.4036692924333148, "bus_stops_500m": 0, "poi_total": 53.0, "metro_closeness": 7.661190105606359e-05, "prediction_band": "Very low", "rank_phase2": null, "label_top15": 0, "is_intermodal_hub": 0, "is_top1_phase2": 0, "map_snap_m": 1.2, "map_aligned": 1}, "geometry": {"type": "Point", "coordinates": [80.23285537321469, 13.07553609803858]}}, {"id": "21", "type": "Feature", "properties": {"railway": "station", "station": "subway", "subway": "yes", "construction": null, "construction:railway": null, "public_transport": "station", "network": "Chennai Metro", "operator": "Chennai Metro Rail Limited", "name": "Kilpauk", "name:en": null, "element": "node", "id": 5329907487.0, "category": "metro_operational", "city": "chennai", "index_right": 37.0, "n_osm_nodes": 1.0, "phase": "phase1", "position_source": "osm", "confidence": "high", "Line": "Green Line", "Layout": "Underground", "snap_offset_m": null, "station_id": "MAA021", "prediction": 4051.0, "lower": 3033.0, "upper": 5465.0, "population_density": 40769.34857614791, "pnr": 0.3424861697559818, "bus_stops_500m": 1, "poi_total": 52.0, "metro_closeness": 7.796009828401456e-05, "prediction_band": "Very low", "rank_phase2": null, "label_top15": 0, "is_intermodal_hub": 0, "is_top1_phase2": 0, "map_snap_m": 1.2, "map_aligned": 1}, "geometry": {"type": "Point", "coordinates": [80.24262094447968, 13.077626345836105]}}, {"id": "22", "type": "Feature", "properties": {"railway": "station", "station": "subway", "subway": "yes", "construction": null, "construction:railway": null, "public_transport": "station", "network": "Chennai Metro", "operator": "Chennai Metro Rail Limited", "name": "Nehru Park", "name:en": null, "element": "node", "id": 5329907490.0, "category": "metro_operational", "city": "chennai", "index_right": 38.0, "n_osm_nodes": 1.0, "phase": "phase1", "position_source": "osm", "confidence": "high", "Line": "Green Line", "Layout": "Underground", "snap_offset_m": null, "station_id": "MAA022", "prediction": 4192.0, "lower": 3106.0, "upper": 5761.0, "population_density": 38502.802924539865, "pnr": 0.4234338545609963, "bus_stops_500m": 2, "poi_total": 50.0, "metro_closeness": 7.316146977742272e-05, "prediction_band": "Very low", "rank_phase2": null, "label_top15": 0, "is_intermodal_hub": 0, "is_top1_phase2": 0, "map_snap_m": 0.8, "map_aligned": 1}, "geometry": {"type": "Point", "coordinates": [80.2504728242308, 13.078791514220997]}}, {"id": "23", "type": "Feature", "properties": {"railway": "station", "station": "subway", "subway": "yes", "construction": null, "construction:railway": null, "public_transport": "station", "network": "Chennai Metro", "operator": "Chennai Metro Rail Limited", "name": "Shenoy Nagar", "name:en": "Shenoy Nagar", "element": "way", "id": 393560244.0, "category": "metro_operational", "city": "chennai", "index_right": 39.0, "n_osm_nodes": 1.0, "phase": "phase1", "position_source": "osm", "confidence": "high", "Line": "Green Line", "Layout": "Underground", "snap_offset_m": null, "station_id": "MAA023", "prediction": 4731.0, "lower": 3716.0, "upper": 5980.0, "population_density": 33462.53132822115, "pnr": 0.3616969619852952, "bus_stops_500m": 1, "poi_total": 49.0, "metro_closeness": 7.603312311033698e-05, "prediction_band": "Very low", "rank_phase2": null, "label_top15": 0, "is_intermodal_hub": 0, "is_top1_phase2": 0, "map_snap_m": 10.4, "map_aligned": 1}, "geometry": {"type": "Point", "coordinates": [80.22503188868903, 13.078880925124693]}}, {"id": "24", "type": "Feature", "properties": {"railway": "station", "station": "subway", "subway": "yes", "construction": null, "construction:railway": null, "public_transport": "station", "network": "Chennai Metro", "operator": "Chennai Metro Rail Limited", "name": "Anna Nagar East", "name:en": "Anna Nagar East", "element": "way", "id": 1314817097.0, "category": "metro_operational", "city": "chennai", "index_right": 40.0, "n_osm_nodes": 1.0, "phase": "phase1", "position_source": "osm", "confidence": "high", "Line": "Green Line", "Layout": "Underground", "snap_offset_m": null, "station_id": "MAA024", "prediction": 7075.0, "lower": 6221.0, "upper": 8298.0, "population_density": 32139.51324833666, "pnr": 0.4618242038508277, "bus_stops_500m": 8, "poi_total": 56.0, "metro_closeness": 7.547342470493379e-05, "prediction_band": "High", "rank_phase2": null, "label_top15": 0, "is_intermodal_hub": 0, "is_top1_phase2": 0, "map_snap_m": 5.1, "map_aligned": 1}, "geometry": {"type": "Point", "coordinates": [80.21931596567858, 13.084658412457078]}}, {"id": "25", "type": "Feature", "properties": {"railway": "station", "station": "subway", "subway": "yes", "construction": null, "construction:railway": null, "public_transport": "station", "network": "Chennai Metro", "operator": "Chennai Metro Rail Limited", "name": "LIC", "name:en": "LIC", "element": "node", "id": 5337407350.0, "category": "metro_operational", "city": "chennai", "index_right": 49.0, "n_osm_nodes": 1.0, "phase": "phase1", "position_source": "osm", "confidence": "high", "Line": "Blue Line", "Layout": "Underground", "snap_offset_m": null, "station_id": "MAA025", "prediction": 7000.0, "lower": 5691.0, "upper": 8114.0, "population_density": 44524.12217589515, "pnr": 0.3710801218601752, "bus_stops_500m": 14, "poi_total": 37.0, "metro_closeness": 8.03493398191771e-05, "prediction_band": "High", "rank_phase2": null, "label_top15": 0, "is_intermodal_hub": 0, "is_top1_phase2": 0, "map_snap_m": 3.1, "map_aligned": 1}, "geometry": {"type": "Point", "coordinates": [80.26586457811062, 13.064349860455431]}}, {"id": "26", "type": "Feature", "properties": {"railway": "station", "station": "subway", "subway": "yes", "construction": null, "construction:railway": null, "public_transport": "station", "network": "Chennai Metro", "operator": "Chennai Metro Rail Limited", "name": "Government Estate", "name:en": "Government Estate", "element": "node", "id": 5337407354.0, "category": "metro_operational", "city": "chennai", "index_right": 50.0, "n_osm_nodes": 1.0, "phase": "phase1", "position_source": "osm", "confidence": "high", "Line": "Blue Line", "Layout": "Underground", "snap_offset_m": null, "station_id": "MAA026", "prediction": 7801.0, "lower": 6245.0, "upper": 9304.0, "population_density": 36968.565120334446, "pnr": 0.3438900211854458, "bus_stops_500m": 5, "poi_total": 65.0, "metro_closeness": 7.556154263661478e-05, "prediction_band": "Very high", "rank_phase2": null, "label_top15": 0, "is_intermodal_hub": 0, "is_top1_phase2": 0, "map_snap_m": 7.3, "map_aligned": 1}, "geometry": {"type": "Point", "coordinates": [80.2730852668819, 13.069588712950008]}}, {"id": "27", "type": "Feature", "properties": {"railway": "station", "station": "subway", "subway": "yes", "construction": null, "construction:railway": null, "public_transport": "station", "network": "Chennai Metro", "operator": "Chennai Metro Rail Limited", "name": "Egmore", "name:en": null, "element": "node", "id": 5329907499.0, "category": "metro_operational", "city": "chennai", "index_right": 51.0, "n_osm_nodes": 1.0, "phase": "phase1", "position_source": "osm", "confidence": "high", "Line": "Green Line", "Layout": "Underground", "snap_offset_m": null, "station_id": "MAA027", "prediction": 5899.0, "lower": 5033.0, "upper": 7116.0, "population_density": 34232.866537560425, "pnr": 0.3367051302446471, "bus_stops_500m": 4, "poi_total": 43.0, "metro_closeness": 6.652460291471074e-05, "prediction_band": "Medium", "rank_phase2": null, "label_top15": 0, "is_intermodal_hub": 1, "is_top1_phase2": 0, "map_snap_m": 0.9, "map_aligned": 1}, "geometry": {"type": "Point", "coordinates": [80.26305285906078, 13.08028839544322]}}, {"id": "28", "type": "Feature", "properties": {"railway": "station", "station": "subway", "subway": "yes", "construction": null, "construction:railway": null, "public_transport": "station", "network": "Chennai Metro", "operator": "Chennai Metro Rail Limited", "name": "Puratchi Thalaivar Dr. M.G. Ramachandran Central", "name:en": "Central Metro", "element": "node", "id": 6285857253.0, "category": "metro_operational", "city": "chennai", "index_right": 52.0, "n_osm_nodes": 1.0, "phase": "phase1", "position_source": "osm", "confidence": "high", "Line": "Blue Line", "Layout": "Underground", "snap_offset_m": null, "station_id": "MAA028", "prediction": 10062.0, "lower": 6221.0, "upper": 16695.0, "population_density": 32033.799943835504, "pnr": 0.303879790406182, "bus_stops_500m": 9, "poi_total": 64.0, "metro_closeness": 6.972891859969199e-05, "prediction_band": "Very high", "rank_phase2": null, "label_top15": 0, "is_intermodal_hub": 1, "is_top1_phase2": 0, "map_snap_m": 1.4, "map_aligned": 1}, "geometry": {"type": "Point", "coordinates": [80.27391831346483, 13.081712584988162]}}, {"id": "29", "type": "Feature", "properties": {"railway": "station", "station": "subway", "subway": "yes", "construction": null, "construction:railway": null, "public_transport": "station", "network": "Chennai Metro", "operator": "Chennai Metro Rail Limited", "name": "High Court", "name:en": "High Court", "element": "node", "id": 5337658083.0, "category": "metro_operational", "city": "chennai", "index_right": 54.0, "n_osm_nodes": 1.0, "phase": "phase1", "position_source": "osm", "confidence": "high", "Line": "Blue Line", "Layout": "Underground", "snap_offset_m": null, "station_id": "MAA029", "prediction": 8270.0, "lower": 6177.0, "upper": 10390.0, "population_density": 37365.58518751903, "pnr": 0.4211186815930019, "bus_stops_500m": 7, "poi_total": 702.0, "metro_closeness": 6.462305036535018e-05, "prediction_band": "Very high", "rank_phase2": null, "label_top15": 0, "is_intermodal_hub": 0, "is_top1_phase2": 0, "map_snap_m": 2.2, "map_aligned": 1}, "geometry": {"type": "Point", "coordinates": [80.28500432869127, 13.087264451599223]}}, {"id": "30", "type": "Feature", "properties": {"railway": "station", "station": "subway", "subway": "yes", "construction": null, "construction:railway": null, "public_transport": "station", "network": "Chennai Metro", "operator": "Chennai Metro Rail Limited", "name": "Mannadi", "name:en": "Mannadi", "element": "node", "id": 5337658088.0, "category": "metro_operational", "city": "chennai", "index_right": 55.0, "n_osm_nodes": 1.0, "phase": "phase1", "position_source": "osm", "confidence": "high", "Line": "Blue Line", "Layout": "Underground", "snap_offset_m": null, "station_id": "MAA030", "prediction": 7703.0, "lower": 6473.0, "upper": 9310.0, "population_density": 45693.00948984832, "pnr": 0.5189343278786899, "bus_stops_500m": 5, "poi_total": 932.0, "metro_closeness": 6.151599955670812e-05, "prediction_band": "Very high", "rank_phase2": null, "label_top15": 0, "is_intermodal_hub": 0, "is_top1_phase2": 0, "map_snap_m": 4.3, "map_aligned": 1}, "geometry": {"type": "Point", "coordinates": [80.28617050042998, 13.095441336192394]}}, {"id": "31", "type": "Feature", "properties": {"railway": "station", "station": "subway", "subway": "yes", "construction": null, "construction:railway": null, "public_transport": "station", "network": "Chennai Metro", "operator": "Chennai Metro Rail Limited", "name": "Washermanpet", "name:en": "Washermanpet", "element": "node", "id": 5337658099.0, "category": "metro_operational", "city": "chennai", "index_right": 56.0, "n_osm_nodes": 1.0, "phase": "phase1", "position_source": "osm", "confidence": "high", "Line": "Blue Line", "Layout": "Underground", "snap_offset_m": null, "station_id": "MAA031", "prediction": 7580.0, "lower": 6208.0, "upper": 9450.0, "population_density": 26681.79555197946, "pnr": 0.0999359764789512, "bus_stops_500m": 2, "poi_total": 89.0, "metro_closeness": 5.698949483329225e-05, "prediction_band": "Very high", "rank_phase2": null, "label_top15": 0, "is_intermodal_hub": 0, "is_top1_phase2": 0, "map_snap_m": 4.3, "map_aligned": 1}, "geometry": {"type": "Point", "coordinates": [80.28098737914799, 13.107835662245447]}}, {"id": "32", "type": "Feature", "properties": {"railway": "station", "station": "subway", "subway": "yes", "construction": null, "construction:railway": null, "public_transport": "station", "network": "Chennai Metro", "operator": "Chennai Metro Rail Limited", "name": "Sir Theagaraya College", "name:en": "Sir Theagaraya College", "element": "node", "id": 8430632406.0, "category": "metro_operational", "city": "chennai", "index_right": 57.0, "n_osm_nodes": 1.0, "phase": "phase1", "position_source": "osm", "confidence": "high", "Line": "Blue Line", "Layout": "Underground", "snap_offset_m": null, "station_id": "MAA032", "prediction": 5571.0, "lower": 4711.0, "upper": 6427.0, "population_density": 30407.45663540847, "pnr": 0.5779175179616761, "bus_stops_500m": 0, "poi_total": 34.0, "metro_closeness": 5.43368035736342e-05, "prediction_band": "Low", "rank_phase2": null, "label_top15": 0, "is_intermodal_hub": 0, "is_top1_phase2": 0, "map_snap_m": 1.1, "map_aligned": 1}, "geometry": {"type": "Point", "coordinates": [80.28475319310539, 13.115750102086292]}}, {"id": "33", "type": "Feature", "properties": {"railway": "station", "station": "subway", "subway": "yes", "construction": null, "construction:railway": null, "public_transport": "station", "network": "Chennai Metro", "operator": "Chennai Metro Rail Limited", "name": "Tondiarpet", "name:en": "Tondiarpet", "element": "node", "id": 8430632416.0, "category": "metro_operational", "city": "chennai", "index_right": 58.0, "n_osm_nodes": 1.0, "phase": "phase1", "position_source": "osm", "confidence": "high", "Line": "Blue Line", "Layout": "Underground", "snap_offset_m": null, "station_id": "MAA033", "prediction": 5200.0, "lower": 4461.0, "upper": 5766.0, "population_density": 30895.99667874049, "pnr": 0.4426190290051793, "bus_stops_500m": 0, "poi_total": 24.0, "metro_closeness": 5.163604641089272e-05, "prediction_band": "Very low", "rank_phase2": null, "label_top15": 0, "is_intermodal_hub": 0, "is_top1_phase2": 0, "map_snap_m": 1.8, "map_aligned": 1}, "geometry": {"type": "Point", "coordinates": [80.28884084429674, 13.124534310589327]}}, {"id": "34", "type": "Feature", "properties": {"railway": "station", "station": "subway", "subway": "yes", "construction": null, "construction:railway": null, "public_transport": "station", "network": "Chennai Metro", "operator": "Chennai Metro Rail Limited", "name": "New Washermanpet", "name:en": "New Washermanpet", "element": "node", "id": 8430636817.0, "category": "metro_operational", "city": "chennai", "index_right": 59.0, "n_osm_nodes": 1.0, "phase": "phase1", "position_source": "osm", "confidence": "high", "Line": "Blue Line", "Layout": "Elevated", "snap_offset_m": null, "station_id": "MAA034", "prediction": 4171.0, "lower": 3507.0, "upper": 5004.0, "population_density": 23098.120889840568, "pnr": 0.3747224349393064, "bus_stops_500m": 0, "poi_total": 12.0, "metro_closeness": 4.887627550312188e-05, "prediction_band": "Very low", "rank_phase2": null, "label_top15": 0, "is_intermodal_hub": 0, "is_top1_phase2": 0, "map_snap_m": 2.2, "map_aligned": 1}, "geometry": {"type": "Point", "coordinates": [80.29302053892339, 13.134512402395158]}}, {"id": "35", "type": "Feature", "properties": {"railway": "station", "station": "subway", "subway": "yes", "construction": null, "construction:railway": null, "public_transport": "station", "network": "Chennai Metro", "operator": "Chennai Metro Rail Limited", "name": "Tollgate", "name:en": "Tollgate", "element": "node", "id": 8430636716.0, "category": "metro_operational", "city": "chennai", "index_right": 60.0, "n_osm_nodes": 1.0, "phase": "phase1", "position_source": "osm", "confidence": "high", "Line": "Blue Line", "Layout": "Elevated", "snap_offset_m": null, "station_id": "MAA035", "prediction": 3850.0, "lower": 2891.0, "upper": 4900.0, "population_density": 17287.87256250042, "pnr": 0.4107229982920426, "bus_stops_500m": 0, "poi_total": 12.0, "metro_closeness": 4.670904631822231e-05, "prediction_band": "Very low", "rank_phase2": null, "label_top15": 0, "is_intermodal_hub": 0, "is_top1_phase2": 0, "map_snap_m": 1.6, "map_aligned": 1}, "geometry": {"type": "Point", "coordinates": [80.29634319626102, 13.143129121011075]}}, {"id": "36", "type": "Feature", "properties": {"railway": "station", "station": "subway", "subway": "yes", "construction": null, "construction:railway": null, "public_transport": "station", "network": "Chennai Metro", "operator": "Chennai Metro Rail Limited", "name": "Kaladipet", "name:en": "Kaladipet", "element": "node", "id": 8430636715.0, "category": "metro_operational", "city": "chennai", "index_right": 61.0, "n_osm_nodes": 1.0, "phase": "phase1", "position_source": "osm", "confidence": "high", "Line": "Blue Line", "Layout": "Elevated", "snap_offset_m": null, "station_id": "MAA036", "prediction": 4598.0, "lower": 4102.0, "upper": 5316.0, "population_density": 21490.614903479607, "pnr": 0.445890771773367, "bus_stops_500m": 1, "poi_total": 22.0, "metro_closeness": 4.4926855735928105e-05, "prediction_band": "Very low", "rank_phase2": null, "label_top15": 0, "is_intermodal_hub": 0, "is_top1_phase2": 0, "map_snap_m": 2.0, "map_aligned": 1}, "geometry": {"type": "Point", "coordinates": [80.29941007343292, 13.15066039160647]}}, {"id": "37", "type": "Feature", "properties": {"railway": "station", "station": "subway", "subway": "yes", "construction": null, "construction:railway": null, "public_transport": "station", "network": "Chennai Metro", "operator": "Chennai Metro Rail Limited", "name": "Tiruvottriyur Theradi", "name:en": "Thiruvottiyur Theradi", "element": "node", "id": 9580013601.0, "category": "metro_operational", "city": "chennai", "index_right": 62.0, "n_osm_nodes": 1.0, "phase": "phase1", "position_source": "osm", "confidence": "high", "Line": "Blue Line", "Layout": "Elevated", "snap_offset_m": null, "station_id": "MAA037", "prediction": 5046.0, "lower": 4402.0, "upper": 5557.0, "population_density": 22671.974986501304, "pnr": 0.5154263707212269, "bus_stops_500m": 2, "poi_total": 16.0, "metro_closeness": 4.287584300612952e-05, "prediction_band": "Very low", "rank_phase2": null, "label_top15": 0, "is_intermodal_hub": 0, "is_top1_phase2": 0, "map_snap_m": 2.0, "map_aligned": 1}, "geometry": {"type": "Point", "coordinates": [80.30246651922694, 13.16021086639406]}}, {"id": "38", "type": "Feature", "properties": {"railway": "station", "station": "subway", "subway": "yes", "construction": null, "construction:railway": null, "public_transport": "station", "network": "Chennai Metro", "operator": "Chennai Metro Rail Limited", "name": "Tiruvottriyur", "name:en": "Thiruvottriyur", "element": "node", "id": 8430636714.0, "category": "metro_operational", "city": "chennai", "index_right": 63.0, "n_osm_nodes": 1.0, "phase": "phase1", "position_source": "osm", "confidence": "high", "Line": "Blue Line", "Layout": "Elevated", "snap_offset_m": null, "station_id": "MAA038", "prediction": 4654.0, "lower": 3868.0, "upper": 5820.0, "population_density": 16581.108947390727, "pnr": 0.3134430618685905, "bus_stops_500m": 2, "poi_total": 10.0, "metro_closeness": 4.063272796976037e-05, "prediction_band": "Very low", "rank_phase2": null, "label_top15": 0, "is_intermodal_hub": 0, "is_top1_phase2": 0, "map_snap_m": 1.8, "map_aligned": 1}, "geometry": {"type": "Point", "coordinates": [80.30525307142574, 13.17180669281819]}}, {"id": "39", "type": "Feature", "properties": {"railway": "station", "station": "subway", "subway": "yes", "construction": null, "construction:railway": null, "public_transport": "station", "network": "Chennai Metro", "operator": "Chennai Metro Rail Limited", "name": "Wimco Nagar", "name:en": "Wimco Nagar", "element": "node", "id": 8430636713.0, "category": "metro_operational", "city": "chennai", "index_right": 64.0, "n_osm_nodes": 1.0, "phase": "phase1", "position_source": "osm", "confidence": "high", "Line": "Blue Line", "Layout": "Elevated", "snap_offset_m": null, "station_id": "MAA039", "prediction": 4886.0, "lower": 3934.0, "upper": 6281.0, "population_density": 12484.238222369337, "pnr": 0.3217596896311539, "bus_stops_500m": 0, "poi_total": 15.0, "metro_closeness": 3.927380445471391e-05, "prediction_band": "Very low", "rank_phase2": null, "label_top15": 0, "is_intermodal_hub": 0, "is_top1_phase2": 0, "map_snap_m": 2.7, "map_aligned": 1}, "geometry": {"type": "Point", "coordinates": [80.30736759097897, 13.17928385520765]}}, {"id": "40", "type": "Feature", "properties": {"railway": null, "station": null, "subway": null, "construction": null, "construction:railway": null, "public_transport": null, "network": null, "operator": null, "name": "Adambakkam", "name:en": null, "element": null, "id": null, "category": null, "city": "chennai", "index_right": null, "n_osm_nodes": null, "phase": "phase2", "position_source": "osm", "confidence": "low", "Line": "Red Line", "Layout": "Elevated", "snap_offset_m": null, "station_id": "MAA040", "prediction": 6094.0, "lower": 5238.0, "upper": 7046.0, "population_density": 26307.06607725581, "pnr": 0.3381184125283735, "bus_stops_500m": 1, "poi_total": 32.0, "metro_closeness": 6.030096395648801e-05, "prediction_band": "Medium", "rank_phase2": 31.0, "label_top15": 0, "is_intermodal_hub": 0, "is_top1_phase2": 0, "map_snap_m": 80.3, "map_aligned": 1}, "geometry": {"type": "Point", "coordinates": [80.19620792742352, 12.982667140135257]}}, {"id": "41", "type": "Feature", "properties": {"railway": null, "station": null, "subway": null, "construction": null, "construction:railway": null, "public_transport": null, "network": null, "operator": null, "name": "Alwarpet", "name:en": null, "element": null, "id": null, "category": null, "city": "chennai", "index_right": null, "n_osm_nodes": null, "phase": "phase2", "position_source": "osm", "confidence": "high", "Line": "Yellow Line", "Layout": "Underground", "snap_offset_m": null, "station_id": "MAA041", "prediction": 6375.0, "lower": 5134.0, "upper": 7785.0, "population_density": 38233.45462869535, "pnr": 0.4503988912065744, "bus_stops_500m": 10, "poi_total": 67.0, "metro_closeness": 7.277386880264182e-05, "prediction_band": "High", "rank_phase2": 21.0, "label_top15": 0, "is_intermodal_hub": 0, "is_top1_phase2": 0, "map_snap_m": 2.4, "map_aligned": 1}, "geometry": {"type": "Point", "coordinates": [80.25965635592533, 13.03832038809961]}}, {"id": "42", "type": "Feature", "properties": {"railway": null, "station": null, "subway": null, "construction": null, "construction:railway": null, "public_transport": null, "network": null, "operator": null, "name": "Bharathidasan Road", "name:en": null, "element": null, "id": null, "category": null, "city": "chennai", "index_right": null, "n_osm_nodes": null, "phase": "phase2", "position_source": "osm", "confidence": "high", "Line": "Yellow Line", "Layout": "Underground", "snap_offset_m": null, "station_id": "MAA042", "prediction": 6337.0, "lower": 5271.0, "upper": 7520.0, "population_density": 38877.71091465064, "pnr": 0.4649751510890507, "bus_stops_500m": 8, "poi_total": 65.0, "metro_closeness": 7.578311490693227e-05, "prediction_band": "High", "rank_phase2": 23.0, "label_top15": 0, "is_intermodal_hub": 0, "is_top1_phase2": 0, "map_snap_m": 1.8, "map_aligned": 1}, "geometry": {"type": "Point", "coordinates": [80.25496345651665, 13.035823778376802]}}, {"id": "43", "type": "Feature", "properties": {"railway": null, "station": null, "subway": null, "construction": null, "construction:railway": null, "public_transport": null, "network": null, "operator": null, "name": "Boat Club", "name:en": null, "element": null, "id": null, "category": null, "city": "chennai", "index_right": null, "n_osm_nodes": null, "phase": "phase2", "position_source": "osm", "confidence": "high", "Line": "Yellow Line", "Layout": "Underground", "snap_offset_m": null, "station_id": "MAA043", "prediction": 5469.0, "lower": 4339.0, "upper": 6832.0, "population_density": 36480.118095214624, "pnr": 0.4250031885186308, "bus_stops_500m": 5, "poi_total": 52.0, "metro_closeness": 8.194217417193731e-05, "prediction_band": "Low", "rank_phase2": 73.0, "label_top15": 0, "is_intermodal_hub": 0, "is_top1_phase2": 0, "map_snap_m": 2.6, "map_aligned": 1}, "geometry": {"type": "Point", "coordinates": [80.24770077468388, 13.029326931774944]}}, {"id": "44", "type": "Feature", "properties": {"railway": null, "station": null, "subway": null, "construction": null, "construction:railway": null, "public_transport": null, "network": null, "operator": null, "name": "Karayanchavadi", "name:en": null, "element": null, "id": null, "category": null, "city": "chennai", "index_right": null, "n_osm_nodes": null, "phase": "phase2", "position_source": "osm", "confidence": "high", "Line": "Yellow Line", "Layout": "Elevated", "snap_offset_m": null, "station_id": "MAA044", "prediction": 5478.0, "lower": 4431.0, "upper": 6615.0, "population_density": 17415.53863832238, "pnr": 0.3962876929743696, "bus_stops_500m": 3, "poi_total": 11.0, "metro_closeness": 4.68152785998351e-05, "prediction_band": "Low", "rank_phase2": 71.0, "label_top15": 0, "is_intermodal_hub": 0, "is_top1_phase2": 0, "map_snap_m": 1.0, "map_aligned": 1}, "geometry": {"type": "Point", "coordinates": [80.11090893656547, 13.046719821620893]}}, {"id": "45", "type": "Feature", "properties": {"railway": null, "station": null, "subway": null, "construction": null, "construction:railway": null, "public_transport": null, "network": null, "operator": null, "name": "Kodambakkam", "name:en": null, "element": null, "id": null, "category": null, "city": "chennai", "index_right": null, "n_osm_nodes": null, "phase": "phase2", "position_source": "osm", "confidence": "high", "Line": "Yellow Line", "Layout": "Underground", "snap_offset_m": null, "station_id": "MAA045", "prediction": 5021.0, "lower": 4367.0, "upper": 5736.0, "population_density": 39622.27311598818, "pnr": 0.4405508659764804, "bus_stops_500m": 0, "poi_total": 42.0, "metro_closeness": 7.553855145409422e-05, "prediction_band": "Very low", "rank_phase2": 85.0, "label_top15": 0, "is_intermodal_hub": 0, "is_top1_phase2": 0, "map_snap_m": 4.0, "map_aligned": 1}, "geometry": {"type": "Point", "coordinates": [80.23116259960968, 13.052110399667294]}}, {"id": "46", "type": "Feature", "properties": {"railway": null, "station": null, "subway": null, "construction": null, "construction:railway": null, "public_transport": null, "network": null, "operator": null, "name": "Kumananchavadi", "name:en": null, "element": null, "id": null, "category": null, "city": "chennai", "index_right": null, "n_osm_nodes": null, "phase": "phase2", "position_source": "osm", "confidence": "high", "Line": "Yellow Line", "Layout": "Elevated", "snap_offset_m": null, "station_id": "MAA046", "prediction": 5744.0, "lower": 4624.0, "upper": 7042.0, "population_density": 10730.15085913778, "pnr": 0.3256438882536639, "bus_stops_500m": 4, "poi_total": 11.0, "metro_closeness": 4.881730303023391e-05, "prediction_band": "Medium", "rank_phase2": 51.0, "label_top15": 0, "is_intermodal_hub": 0, "is_top1_phase2": 0, "map_snap_m": 1.3, "map_aligned": 1}, "geometry": {"type": "Point", "coordinates": [80.11891276241708, 13.044694050245635]}}, {"id": "47", "type": "Feature", "properties": {"railway": null, "station": null, "subway": null, "construction": null, "construction:railway": null, "public_transport": null, "network": null, "operator": null, "name": "Kutchery Road", "name:en": null, "element": null, "id": null, "category": null, "city": "chennai", "index_right": null, "n_osm_nodes": null, "phase": "phase2", "position_source": "osm", "confidence": "high", "Line": "Yellow Line", "Layout": "Underground", "snap_offset_m": null, "station_id": "MAA047", "prediction": 6161.0, "lower": 5007.0, "upper": 7451.0, "population_density": 32689.29242199436, "pnr": 0.4644677844700775, "bus_stops_500m": 2, "poi_total": 86.0, "metro_closeness": 6.561824654632069e-05, "prediction_band": "High", "rank_phase2": 28.0, "label_top15": 0, "is_intermodal_hub": 0, "is_top1_phase2": 0, "map_snap_m": 2.8, "map_aligned": 1}, "geometry": {"type": "Point", "coordinates": [80.27323757332344, 13.03438798479575]}}, {"id": "48", "type": "Feature", "properties": {"railway": null, "station": null, "subway": null, "construction": null, "construction:railway": null, "public_transport": null, "network": null, "operator": null, "name": "Lighthouse", "name:en": null, "element": null, "id": null, "category": null, "city": "chennai", "index_right": null, "n_osm_nodes": null, "phase": "phase2", "position_source": "osm", "confidence": "high", "Line": "Yellow Line", "Layout": "Underground", "snap_offset_m": null, "station_id": "MAA048", "prediction": 4791.0, "lower": 3859.0, "upper": 6052.0, "population_density": 11892.697247915748, "pnr": 0.2646141668957956, "bus_stops_500m": 0, "poi_total": 22.0, "metro_closeness": 6.056263791581915e-05, "prediction_band": "Very low", "rank_phase2": 89.0, "label_top15": 0, "is_intermodal_hub": 0, "is_top1_phase2": 0, "map_snap_m": 4.5, "map_aligned": 1}, "geometry": {"type": "Point", "coordinates": [80.28000178197748, 13.043844087039679]}}, {"id": "49", "type": "Feature", "properties": {"railway": null, "station": null, "subway": null, "construction": null, "construction:railway": null, "public_transport": null, "network": null, "operator": null, "name": "Madhavaram Depot", "name:en": null, "element": null, "id": null, "category": null, "city": "chennai", "index_right": null, "n_osm_nodes": null, "phase": "phase2", "position_source": "osm", "confidence": "high", "Line": "Red Line", "Layout": "At-grade", "snap_offset_m": null, "station_id": "MAA049", "prediction": 4787.0, "lower": 3855.0, "upper": 5898.0, "population_density": 7348.882278611883, "pnr": 0.21629869637837, "bus_stops_500m": 0, "poi_total": 2.0, "metro_closeness": 4.3914421825893416e-05, "prediction_band": "Very low", "rank_phase2": 90.0, "label_top15": 0, "is_intermodal_hub": 0, "is_top1_phase2": 0, "map_snap_m": 2.1, "map_aligned": 1}, "geometry": {"type": "Point", "coordinates": [80.23865164203598, 13.155742872363874]}}, {"id": "50", "type": "Feature", "properties": {"railway": null, "station": null, "subway": null, "construction": null, "construction:railway": null, "public_transport": null, "network": null, "operator": null, "name": "Madhavaram Milk Colony", "name:en": null, "element": null, "id": null, "category": null, "city": "chennai", "index_right": null, "n_osm_nodes": null, "phase": "phase2", "position_source": "osm", "confidence": "high", "Line": "Purple Line", "Layout": "Underground", "snap_offset_m": null, "station_id": "MAA050", "prediction": 4999.0, "lower": 4084.0, "upper": 5979.0, "population_density": 13725.264773293771, "pnr": 0.1572017828427765, "bus_stops_500m": 0, "poi_total": 6.0, "metro_closeness": 4.581613386257846e-05, "prediction_band": "Very low", "rank_phase2": 86.0, "label_top15": 0, "is_intermodal_hub": 1, "is_top1_phase2": 0, "map_snap_m": 2.9, "map_aligned": 1}, "geometry": {"type": "Point", "coordinates": [80.24144570041321, 13.149658106267559]}}, {"id": "51", "type": "Feature", "properties": {"railway": null, "station": null, "subway": null, "construction": null, "construction:railway": null, "public_transport": null, "network": null, "operator": null, "name": "Panagal Park", "name:en": null, "element": null, "id": null, "category": null, "city": "chennai", "index_right": null, "n_osm_nodes": null, "phase": "phase2", "position_source": "osm", "confidence": "high", "Line": "Yellow Line", "Layout": "Underground", "snap_offset_m": null, "station_id": "MAA051", "prediction": 6696.0, "lower": 5812.0, "upper": 7669.0, "population_density": 46697.00867790661, "pnr": 0.3596889694370797, "bus_stops_500m": 4, "poi_total": 175.0, "metro_closeness": 7.767187696714962e-05, "prediction_band": "High", "rank_phase2": 18.0, "label_top15": 0, "is_intermodal_hub": 0, "is_top1_phase2": 0, "map_snap_m": 1.2, "map_aligned": 1}, "geometry": {"type": "Point", "coordinates": [80.23344429388284, 13.041020131942892]}}, {"id": "52", "type": "Feature", "properties": {"railway": null, "station": null, "subway": null, "construction": null, "construction:railway": null, "public_transport": null, "network": null, "operator": null, "name": "Poonamallee Bypass", "name:en": null, "element": null, "id": null, "category": null, "city": "chennai", "index_right": null, "n_osm_nodes": null, "phase": "phase2", "position_source": "osm", "confidence": "high", "Line": "Yellow Line", "Layout": "Elevated", "snap_offset_m": null, "station_id": "MAA052", "prediction": 6226.0, "lower": 4306.0, "upper": 8990.0, "population_density": 18428.719971946863, "pnr": 0.2990198954957555, "bus_stops_500m": 2, "poi_total": 5.0, "metro_closeness": 4.0825671404931234e-05, "prediction_band": "High", "rank_phase2": 26.0, "label_top15": 0, "is_intermodal_hub": 0, "is_top1_phase2": 0, "map_snap_m": 1.0, "map_aligned": 1}, "geometry": {"type": "Point", "coordinates": [80.08181115386162, 13.04802929411205]}}, {"id": "53", "type": "Feature", "properties": {"railway": null, "station": null, "subway": null, "construction": null, "construction:railway": null, "public_transport": null, "network": null, "operator": null, "name": "Porur Bypass", "name:en": null, "element": null, "id": null, "category": null, "city": "chennai", "index_right": null, "n_osm_nodes": null, "phase": "phase2", "position_source": "osm", "confidence": "high", "Line": "Yellow Line", "Layout": "Elevated", "snap_offset_m": null, "station_id": "MAA053", "prediction": 5831.0, "lower": 4268.0, "upper": 7779.0, "population_density": 7779.755289443218, "pnr": 0.2879952265338291, "bus_stops_500m": 2, "poi_total": 8.0, "metro_closeness": 5.823903911172124e-05, "prediction_band": "Medium", "rank_phase2": 45.0, "label_top15": 0, "is_intermodal_hub": 0, "is_top1_phase2": 0, "map_snap_m": 3.3, "map_aligned": 1}, "geometry": {"type": "Point", "coordinates": [80.14997012813926, 13.036255991703692]}}, {"id": "54", "type": "Feature", "properties": {"railway": null, "station": null, "subway": null, "construction": null, "construction:railway": null, "public_transport": null, "network": null, "operator": null, "name": "Porur Junction", "name:en": null, "element": null, "id": null, "category": null, "city": "chennai", "index_right": null, "n_osm_nodes": null, "phase": "phase2", "position_source": "osm", "confidence": "high", "Line": "Yellow Line", "Layout": "Elevated", "snap_offset_m": null, "station_id": "MAA054", "prediction": 5873.0, "lower": 4859.0, "upper": 6980.0, "population_density": 11312.205965520963, "pnr": 0.3625323798867487, "bus_stops_500m": 4, "poi_total": 23.0, "metro_closeness": 6.058474536801475e-05, "prediction_band": "Medium", "rank_phase2": 43.0, "label_top15": 0, "is_intermodal_hub": 1, "is_top1_phase2": 0, "map_snap_m": 1.7, "map_aligned": 1}, "geometry": {"type": "Point", "coordinates": [80.15677229381429, 13.035850691829847]}}, {"id": "55", "type": "Feature", "properties": {"railway": null, "station": null, "subway": null, "construction": null, "construction:railway": null, "public_transport": null, "network": null, "operator": null, "name": "Royapettah", "name:en": null, "element": null, "id": null, "category": null, "city": "chennai", "index_right": null, "n_osm_nodes": null, "phase": "phase2", "position_source": "osm", "confidence": "high", "Line": "Purple Line", "Layout": "Underground", "snap_offset_m": null, "station_id": "MAA055", "prediction": 5899.0, "lower": 4728.0, "upper": 7320.0, "population_density": 36527.12095889499, "pnr": 0.4410732743381347, "bus_stops_500m": 7, "poi_total": 55.0, "metro_closeness": 8.571324740060187e-05, "prediction_band": "Medium", "rank_phase2": 42.0, "label_top15": 0, "is_intermodal_hub": 0, "is_top1_phase2": 0, "map_snap_m": 2.6, "map_aligned": 1}, "geometry": {"type": "Point", "coordinates": [80.26421559881224, 13.054512308437356]}}, {"id": "56", "type": "Feature", "properties": {"railway": null, "station": null, "subway": null, "construction": null, "construction:railway": null, "public_transport": null, "network": null, "operator": null, "name": "Sholinganallur", "name:en": null, "element": null, "id": null, "category": null, "city": "chennai", "index_right": null, "n_osm_nodes": null, "phase": "phase2", "position_source": "osm", "confidence": "high", "Line": "Purple Line", "Layout": "Elevated", "snap_offset_m": null, "station_id": "MAA056", "prediction": 5714.0, "lower": 4356.0, "upper": 7310.0, "population_density": 11460.667002008056, "pnr": 0.3455037108416579, "bus_stops_500m": 3, "poi_total": 29.0, "metro_closeness": null, "prediction_band": "Medium", "rank_phase2": 53.0, "label_top15": 0, "is_intermodal_hub": 0, "is_top1_phase2": 0, "map_snap_m": 0.8, "map_aligned": 1}, "geometry": {"type": "Point", "coordinates": [80.22795712517733, 12.90095868083656]}}, {"id": "57", "type": "Feature", "properties": {"railway": null, "station": null, "subway": null, "construction": null, "construction:railway": null, "public_transport": null, "network": null, "operator": null, "name": "Thelliyaragaram", "name:en": null, "element": null, "id": null, "category": null, "city": "chennai", "index_right": null, "n_osm_nodes": null, "phase": "phase2", "position_source": "osm", "confidence": "high", "Line": "Yellow Line", "Layout": "Elevated", "snap_offset_m": null, "station_id": "MAA057", "prediction": 6025.0, "lower": 4184.0, "upper": 8544.0, "population_density": 7445.896047412581, "pnr": 0.1478229706380812, "bus_stops_500m": 4, "poi_total": 11.0, "metro_closeness": 5.5619780616744887e-05, "prediction_band": "Medium", "rank_phase2": 37.0, "label_top15": 0, "is_intermodal_hub": 0, "is_top1_phase2": 0, "map_snap_m": 3.9, "map_aligned": 1}, "geometry": {"type": "Point", "coordinates": [80.14186723748539, 13.036899055853285]}}, {"id": "58", "type": "Feature", "properties": {"railway": null, "station": null, "subway": null, "construction": null, "construction:railway": null, "public_transport": null, "network": null, "operator": null, "name": "Thirumayilai", "name:en": null, "element": null, "id": null, "category": null, "city": "chennai", "index_right": null, "n_osm_nodes": null, "phase": "phase2", "position_source": "osm", "confidence": "high", "Line": "Yellow Line", "Layout": "Underground", "snap_offset_m": null, "station_id": "MAA058", "prediction": 8299.0, "lower": 6598.0, "upper": 10177.0, "population_density": 34840.791942415046, "pnr": 0.3367527369520803, "bus_stops_500m": 13, "poi_total": 108.0, "metro_closeness": 6.853700673720724e-05, "prediction_band": "Very high", "rank_phase2": 1.0, "label_top15": 1, "is_intermodal_hub": 1, "is_top1_phase2": 1, "map_snap_m": 2.9, "map_aligned": 1}, "geometry": {"type": "Point", "coordinates": [80.26765526300571, 13.03685768001865]}}, {"id": "59", "type": "Feature", "properties": {"railway": null, "station": null, "subway": null, "construction": null, "construction:railway": null, "public_transport": null, "network": null, "operator": null, "name": "Kattupkkam", "name:en": null, "element": null, "id": null, "category": null, "city": "chennai", "index_right": null, "n_osm_nodes": null, "phase": "phase2", "position_source": "osm", "confidence": "high", "Line": "Yellow Line", "Layout": "Elevated", "snap_offset_m": null, "station_id": "MAA059", "prediction": 5612.0, "lower": 4480.0, "upper": 6890.0, "population_density": 10527.173114612851, "pnr": 0.4157751849579386, "bus_stops_500m": 3, "poi_total": 9.0, "metro_closeness": 5.063170574236715e-05, "prediction_band": "Low", "rank_phase2": 58.0, "label_top15": 0, "is_intermodal_hub": 0, "is_top1_phase2": 0, "map_snap_m": 3.5, "map_aligned": 1}, "geometry": {"type": "Point", "coordinates": [80.1253688514009, 13.041949618232055]}}, {"id": "60", "type": "Feature", "properties": {"railway": null, "station": null, "subway": null, "construction": null, "construction:railway": null, "public_transport": null, "network": null, "operator": null, "name": "Iyyapanthangal", "name:en": null, "element": null, "id": null, "category": null, "city": "chennai", "index_right": null, "n_osm_nodes": null, "phase": "phase2", "position_source": "osm", "confidence": "high", "Line": "Yellow Line", "Layout": "Elevated", "snap_offset_m": null, "station_id": "MAA060", "prediction": 5299.0, "lower": 4228.0, "upper": 6553.0, "population_density": 9739.74550513248, "pnr": 0.3723926879924311, "bus_stops_500m": 4, "poi_total": 12.0, "metro_closeness": 5.351322460786901e-05, "prediction_band": "Very low", "rank_phase2": 81.0, "label_top15": 0, "is_intermodal_hub": 0, "is_top1_phase2": 0, "map_snap_m": 3.9, "map_aligned": 1}, "geometry": {"type": "Point", "coordinates": [80.13497406663922, 13.038150377578907]}}, {"id": "61", "type": "Feature", "properties": {"railway": null, "station": null, "subway": null, "construction": null, "construction:railway": null, "public_transport": null, "network": null, "operator": null, "name": "Adyar Depot", "name:en": null, "element": null, "id": null, "category": null, "city": "chennai", "index_right": null, "n_osm_nodes": null, "phase": "phase2", "position_source": "nominatim", "confidence": "medium", "Line": "Purple Line", "Layout": "Underground", "snap_offset_m": 0.5879457041524967, "station_id": "MAA061", "prediction": 6028.0, "lower": 5254.0, "upper": 6991.0, "population_density": 36537.439461786096, "pnr": 0.4311812480925338, "bus_stops_500m": 4, "poi_total": 71.0, "metro_closeness": 6.399845139319673e-05, "prediction_band": "Medium", "rank_phase2": 35.0, "label_top15": 0, "is_intermodal_hub": 1, "is_top1_phase2": 0, "map_snap_m": 0.0, "map_aligned": 1}, "geometry": {"type": "Point", "coordinates": [80.2561775388151, 12.998740076053663]}}, {"id": "62", "type": "Feature", "properties": {"railway": null, "station": null, "subway": null, "construction": null, "construction:railway": null, "public_transport": null, "network": null, "operator": null, "name": "Alwarthirunagar", "name:en": null, "element": null, "id": null, "category": null, "city": "chennai", "index_right": null, "n_osm_nodes": null, "phase": "phase2", "position_source": "nominatim", "confidence": "medium", "Line": "Yellow Line", "Layout": "Elevated", "snap_offset_m": 177.1916323416633, "station_id": "MAA062", "prediction": 6196.0, "lower": 5285.0, "upper": 7330.0, "population_density": 31374.18195739925, "pnr": 0.4644472551702641, "bus_stops_500m": 2, "poi_total": 38.0, "metro_closeness": 7.386810137205094e-05, "prediction_band": "High", "rank_phase2": 27.0, "label_top15": 0, "is_intermodal_hub": 0, "is_top1_phase2": 0, "map_snap_m": 0.0, "map_aligned": 1}, "geometry": {"type": "Point", "coordinates": [80.18697602533265, 13.045584893060044]}}, {"id": "63", "type": "Feature", "properties": {"railway": null, "station": null, "subway": null, "construction": null, "construction:railway": null, "public_transport": null, "network": null, "operator": null, "name": "Anna Flyover", "name:en": null, "element": null, "id": null, "category": null, "city": "chennai", "index_right": null, "n_osm_nodes": null, "phase": "phase2", "position_source": "nominatim", "confidence": "medium", "Line": "Purple Line", "Layout": "Underground", "snap_offset_m": 97.58011021377555, "station_id": "MAA063", "prediction": 7145.0, "lower": 5924.0, "upper": 8319.0, "population_density": 44775.09421930252, "pnr": 0.4164876961950991, "bus_stops_500m": 12, "poi_total": 116.0, "metro_closeness": 8.180594393453681e-05, "prediction_band": "Very high", "rank_phase2": 11.0, "label_top15": 1, "is_intermodal_hub": 0, "is_top1_phase2": 0, "map_snap_m": 0.0, "map_aligned": 1}, "geometry": {"type": "Point", "coordinates": [80.25131716659497, 13.053640970241778]}}, {"id": "64", "type": "Feature", "properties": {"railway": null, "station": null, "subway": null, "construction": null, "construction:railway": null, "public_transport": null, "network": null, "operator": null, "name": "Anna Nagar KV", "name:en": null, "element": null, "id": null, "category": null, "city": "chennai", "index_right": null, "n_osm_nodes": null, "phase": "phase2", "position_source": "nominatim", "confidence": "medium", "Line": "Red Line", "Layout": "Elevated", "snap_offset_m": 918.9103129236747, "station_id": "MAA064", "prediction": 7212.0, "lower": 5623.0, "upper": 8941.0, "population_density": 31729.360237385685, "pnr": 0.494211685998451, "bus_stops_500m": 6, "poi_total": 56.0, "metro_closeness": 7.502507164232717e-05, "prediction_band": "Very high", "rank_phase2": 7.0, "label_top15": 1, "is_intermodal_hub": 0, "is_top1_phase2": 0, "map_snap_m": 0.0, "map_aligned": 1}, "geometry": {"type": "Point", "coordinates": [80.19886509769005, 13.088102563232894]}}, {"id": "65", "type": "Feature", "properties": {"railway": null, "station": null, "subway": null, "construction": null, "construction:railway": null, "public_transport": null, "network": null, "operator": null, "name": "Anna Nagar West", "name:en": null, "element": null, "id": null, "category": null, "city": "chennai", "index_right": null, "n_osm_nodes": null, "phase": "phase2", "position_source": "nominatim", "confidence": "medium", "Line": "Red Line", "Layout": "Elevated", "snap_offset_m": 683.4620494400993, "station_id": "MAA065", "prediction": 7283.0, "lower": 6045.0, "upper": 8712.0, "population_density": 32313.86290613404, "pnr": 0.5013938110837814, "bus_stops_500m": 8, "poi_total": 29.0, "metro_closeness": 7.195815687992914e-05, "prediction_band": "Very high", "rank_phase2": 4.0, "label_top15": 1, "is_intermodal_hub": 0, "is_top1_phase2": 0, "map_snap_m": 0.0, "map_aligned": 1}, "geometry": {"type": "Point", "coordinates": [80.19860156897441, 13.093992754947365]}}, {"id": "66", "type": "Feature", "properties": {"railway": null, "station": null, "subway": null, "construction": null, "construction:railway": null, "public_transport": null, "network": null, "operator": null, "name": "Assisi Nagar", "name:en": null, "element": null, "id": null, "category": null, "city": "chennai", "index_right": null, "n_osm_nodes": null, "phase": "phase2", "position_source": "nominatim", "confidence": "medium", "Line": "Red Line", "Layout": "Elevated", "snap_offset_m": 410.48771737159683, "station_id": "MAA066", "prediction": 4450.0, "lower": 3561.0, "upper": 5478.0, "population_density": 10006.48586481254, "pnr": 0.3912419323334974, "bus_stops_500m": 0, "poi_total": 0.0, "metro_closeness": 4.193772234909599e-05, "prediction_band": "Very low", "rank_phase2": 91.0, "label_top15": 0, "is_intermodal_hub": 0, "is_top1_phase2": 0, "map_snap_m": 0.0, "map_aligned": 1}, "geometry": {"type": "Point", "coordinates": [80.23070520245614, 13.161657012935912]}}, {"id": "67", "type": "Feature", "properties": {"railway": null, "station": null, "subway": null, "construction": null, "construction:railway": null, "public_transport": null, "network": null, "operator": null, "name": "Ayanavaram", "name:en": null, "element": null, "id": null, "category": null, "city": "chennai", "index_right": null, "n_osm_nodes": null, "phase": "phase2", "position_source": "nominatim", "confidence": "medium", "Line": "Purple Line", "Layout": "Underground", "snap_offset_m": 853.3608406838229, "station_id": "MAA067", "prediction": 4901.0, "lower": 4221.0, "upper": 5578.0, "population_density": 27949.71385532488, "pnr": 0.445268930166685, "bus_stops_500m": 3, "poi_total": 10.0, "metro_closeness": 6.126612698954863e-05, "prediction_band": "Very low", "rank_phase2": 87.0, "label_top15": 0, "is_intermodal_hub": 0, "is_top1_phase2": 0, "map_snap_m": 0.0, "map_aligned": 1}, "geometry": {"type": "Point", "coordinates": [80.24269718229863, 13.09753351519983]}}, {"id": "68", "type": "Feature", "properties": {"railway": null, "station": null, "subway": null, "construction": null, "construction:railway": null, "public_transport": null, "network": null, "operator": null, "name": "Butt Road", "name:en": null, "element": null, "id": null, "category": null, "city": "chennai", "index_right": null, "n_osm_nodes": null, "phase": "phase2", "position_source": "nominatim", "confidence": "medium", "Line": "Red Line", "Layout": "Elevated", "snap_offset_m": 63.858478931174176, "station_id": "MAA068", "prediction": 7203.0, "lower": 6015.0, "upper": 8436.0, "population_density": 23269.09236200602, "pnr": 0.3363277639758763, "bus_stops_500m": 7, "poi_total": 28.0, "metro_closeness": 7.07128019552729e-05, "prediction_band": "Very high", "rank_phase2": 9.0, "label_top15": 1, "is_intermodal_hub": 0, "is_top1_phase2": 0, "map_snap_m": 0.0, "map_aligned": 1}, "geometry": {"type": "Point", "coordinates": [80.19860868179742, 13.008581983556644]}}, {"id": "69", "type": "Feature", "properties": {"railway": null, "station": null, "subway": null, "construction": null, "construction:railway": null, "public_transport": null, "network": null, "operator": null, "name": "Chennai Trade Centre", "name:en": null, "element": null, "id": null, "category": null, "city": "chennai", "index_right": null, "n_osm_nodes": null, "phase": "phase2", "position_source": "nominatim", "confidence": "medium", "Line": "Red Line", "Layout": "Elevated", "snap_offset_m": 314.25375493306115, "station_id": "MAA069", "prediction": 5931.0, "lower": 4117.0, "upper": 8467.0, "population_density": 7726.295199406115, "pnr": 0.2199495261452075, "bus_stops_500m": 4, "poi_total": 12.0, "metro_closeness": 6.846164229056169e-05, "prediction_band": "Medium", "rank_phase2": 41.0, "label_top15": 0, "is_intermodal_hub": 0, "is_top1_phase2": 0, "map_snap_m": 0.0, "map_aligned": 1}, "geometry": {"type": "Point", "coordinates": [80.19078112649498, 13.015920203316444]}}, {"id": "70", "type": "Feature", "properties": {"railway": null, "station": null, "subway": null, "construction": null, "construction:railway": null, "public_transport": null, "network": null, "operator": null, "name": "Chetpet", "name:en": null, "element": null, "id": null, "category": null, "city": "chennai", "index_right": null, "n_osm_nodes": null, "phase": "phase2", "position_source": "nominatim", "confidence": "medium", "Line": "Purple Line", "Layout": "Underground", "snap_offset_m": 213.07201624060858, "station_id": "MAA070", "prediction": 5114.0, "lower": 4139.0, "upper": 6343.0, "population_density": 38967.17338490312, "pnr": 0.3483648071748103, "bus_stops_500m": 5, "poi_total": 46.0, "metro_closeness": 7.997765019957422e-05, "prediction_band": "Very low", "rank_phase2": 83.0, "label_top15": 0, "is_intermodal_hub": 0, "is_top1_phase2": 0, "map_snap_m": 0.0, "map_aligned": 1}, "geometry": {"type": "Point", "coordinates": [80.24190654085567, 13.07121936936995]}}, {"id": "71", "type": "Feature", "properties": {"railway": null, "station": null, "subway": null, "construction": null, "construction:railway": null, "public_transport": null, "network": null, "operator": null, "name": "Classical Tamil Institute", "name:en": null, "element": null, "id": null, "category": null, "city": "chennai", "index_right": null, "n_osm_nodes": null, "phase": "phase2", "position_source": "nominatim", "confidence": "medium", "Line": "Red Line", "Layout": "Elevated", "snap_offset_m": 121.94454427467052, "station_id": "MAA071", "prediction": 5780.0, "lower": 4098.0, "upper": 8005.0, "population_density": 1950.9416430632305, "pnr": 0.17845911411899, "bus_stops_500m": 0, "poi_total": 5.0, "metro_closeness": 4.429706602015861e-05, "prediction_band": "Medium", "rank_phase2": 49.0, "label_top15": 0, "is_intermodal_hub": 0, "is_top1_phase2": 0, "map_snap_m": 0.0, "map_aligned": 1}, "geometry": {"type": "Point", "coordinates": [80.2110146782959, 12.904276455494875]}}, {"id": "72", "type": "Feature", "properties": {"railway": null, "station": null, "subway": null, "construction": null, "construction:railway": null, "public_transport": null, "network": null, "operator": null, "name": "Dr. Radhakrishnan Salai", "name:en": null, "element": null, "id": null, "category": null, "city": "chennai", "index_right": null, "n_osm_nodes": null, "phase": "phase2", "position_source": "nominatim", "confidence": "medium", "Line": "Purple Line", "Layout": "Underground", "snap_offset_m": 107.21676587758381, "station_id": "MAA072", "prediction": 5945.0, "lower": 4742.0, "upper": 7429.0, "population_density": 41610.03765757492, "pnr": 0.4598585778164512, "bus_stops_500m": 18, "poi_total": 53.0, "metro_closeness": 8.097440697793836e-05, "prediction_band": "Medium", "rank_phase2": 40.0, "label_top15": 0, "is_intermodal_hub": 0, "is_top1_phase2": 0, "map_snap_m": 0.0, "map_aligned": 1}, "geometry": {"type": "Point", "coordinates": [80.26675310348567, 13.044729025699553]}}, {"id": "73", "type": "Feature", "properties": {"railway": null, "station": null, "subway": null, "construction": null, "construction:railway": null, "public_transport": null, "network": null, "operator": null, "name": "Elcot", "name:en": null, "element": null, "id": null, "category": null, "city": "chennai", "index_right": null, "n_osm_nodes": null, "phase": "phase2", "position_source": "nominatim", "confidence": "low", "Line": "Red Line", "Layout": "Elevated", "snap_offset_m": 780.9471764899519, "station_id": "MAA073", "prediction": 6360.0, "lower": 4347.0, "upper": 8932.0, "population_density": 4433.205265602268, "pnr": 0.0217708644396133, "bus_stops_500m": 1, "poi_total": 15.0, "metro_closeness": 4.4222227686204334e-05, "prediction_band": "High", "rank_phase2": 22.0, "label_top15": 0, "is_intermodal_hub": 0, "is_top1_phase2": 0, "map_snap_m": 0.0, "map_aligned": 1}, "geometry": {"type": "Point", "coordinates": [80.21847748287315, 12.90168815768395]}}, {"id": "74", "type": "Feature", "properties": {"railway": null, "station": null, "subway": null, "construction": null, "construction:railway": null, "public_transport": null, "network": null, "operator": null, "name": "Gandhi Nagar", "name:en": null, "element": null, "id": null, "category": null, "city": "chennai", "index_right": null, "n_osm_nodes": null, "phase": "phase2", "position_source": "nominatim", "confidence": "low", "Line": "Purple Line", "Layout": "Elevated", "snap_offset_m": null, "station_id": "MAA074", "prediction": 6413.0, "lower": 5385.0, "upper": 7571.0, "population_density": 31465.95172716481, "pnr": 0.2764263779814271, "bus_stops_500m": 1, "poi_total": 46.0, "metro_closeness": 7.147825243349935e-05, "prediction_band": "High", "rank_phase2": 20.0, "label_top15": 0, "is_intermodal_hub": 0, "is_top1_phase2": 0, "map_snap_m": 6605.7, "map_aligned": 1}, "geometry": {"type": "Point", "coordinates": [80.2436199, 13.0637605]}}, {"id": "75", "type": "Feature", "properties": {"railway": null, "station": null, "subway": null, "construction": null, "construction:railway": null, "public_transport": null, "network": null, "operator": null, "name": "Greenways Road", "name:en": null, "element": null, "id": null, "category": null, "city": "chennai", "index_right": null, "n_osm_nodes": null, "phase": "phase2", "position_source": "nominatim", "confidence": "medium", "Line": "Purple Line", "Layout": "Underground", "snap_offset_m": 92.37676413031801, "station_id": "MAA075", "prediction": 6925.0, "lower": 5245.0, "upper": 8925.0, "population_density": 16568.97915531108, "pnr": 0.219893308017689, "bus_stops_500m": 10, "poi_total": 19.0, "metro_closeness": 7.031246606312019e-05, "prediction_band": "High", "rank_phase2": 14.0, "label_top15": 1, "is_intermodal_hub": 0, "is_top1_phase2": 0, "map_snap_m": 0.0, "map_aligned": 1}, "geometry": {"type": "Point", "coordinates": [80.26095769788434, 13.018208538622806]}}, {"id": "76", "type": "Feature", "properties": {"railway": null, "station": null, "subway": null, "construction": null, "construction:railway": null, "public_transport": null, "network": null, "operator": null, "name": "Indira Nagar", "name:en": null, "element": null, "id": null, "category": null, "city": "chennai", "index_right": null, "n_osm_nodes": null, "phase": "phase2", "position_source": "nominatim", "confidence": "medium", "Line": "Purple Line", "Layout": "Underground", "snap_offset_m": 202.7289820505714, "station_id": "MAA076", "prediction": 5320.0, "lower": 4397.0, "upper": 6423.0, "population_density": 37413.94513221432, "pnr": 0.3691378811396977, "bus_stops_500m": 3, "poi_total": 41.0, "metro_closeness": 6.165696590471406e-05, "prediction_band": "Very low", "rank_phase2": 80.0, "label_top15": 0, "is_intermodal_hub": 0, "is_top1_phase2": 0, "map_snap_m": 0.0, "map_aligned": 1}, "geometry": {"type": "Point", "coordinates": [80.2506691, 12.994485399999999]}}, {"id": "77", "type": "Feature", "properties": {"railway": null, "station": null, "subway": null, "construction": null, "construction:railway": null, "public_transport": null, "network": null, "operator": null, "name": "Kandanchavadi", "name:en": null, "element": null, "id": null, "category": null, "city": "chennai", "index_right": null, "n_osm_nodes": null, "phase": "phase2", "position_source": "nominatim", "confidence": "low", "Line": "Purple Line", "Layout": "Elevated", "snap_offset_m": 10.539502776308922, "station_id": "MAA077", "prediction": 6131.0, "lower": 4979.0, "upper": 7398.0, "population_density": 15927.819640956324, "pnr": 0.425121951551467, "bus_stops_500m": 4, "poi_total": 29.0, "metro_closeness": 5.299464693184939e-05, "prediction_band": "High", "rank_phase2": 29.0, "label_top15": 0, "is_intermodal_hub": 0, "is_top1_phase2": 0, "map_snap_m": 0.0, "map_aligned": 1}, "geometry": {"type": "Point", "coordinates": [80.24789433062324, 12.966535035301403]}}, {"id": "78", "type": "Feature", "properties": {"railway": null, "station": null, "subway": null, "construction": null, "construction:railway": null, "public_transport": null, "network": null, "operator": null, "name": "Karambakkam", "name:en": null, "element": null, "id": null, "category": null, "city": "chennai", "index_right": null, "n_osm_nodes": null, "phase": "phase2", "position_source": "nominatim", "confidence": "medium", "Line": "Yellow Line", "Layout": "Elevated", "snap_offset_m": 304.5975050898215, "station_id": "MAA078", "prediction": 5726.0, "lower": 4699.0, "upper": 6868.0, "population_density": 12939.949312621497, "pnr": 0.4184157957161128, "bus_stops_500m": 1, "poi_total": 22.0, "metro_closeness": 6.362978833999066e-05, "prediction_band": "Medium", "rank_phase2": 52.0, "label_top15": 0, "is_intermodal_hub": 0, "is_top1_phase2": 0, "map_snap_m": 0.0, "map_aligned": 1}, "geometry": {"type": "Point", "coordinates": [80.16460628072119, 13.038261270443407]}}, {"id": "79", "type": "Feature", "properties": {"railway": null, "station": null, "subway": null, "construction": null, "construction:railway": null, "public_transport": null, "network": null, "operator": null, "name": "Karapakkam", "name:en": null, "element": null, "id": null, "category": null, "city": "chennai", "index_right": null, "n_osm_nodes": null, "phase": "phase2", "position_source": "nominatim", "confidence": "medium", "Line": "Purple Line", "Layout": "Elevated", "snap_offset_m": 137.24952644435848, "station_id": "MAA079", "prediction": 6788.0, "lower": 4969.0, "upper": 8564.0, "population_density": 13142.416675237617, "pnr": 0.353195806685054, "bus_stops_500m": 2, "poi_total": 25.0, "metro_closeness": 4.060834316367554e-05, "prediction_band": "High", "rank_phase2": 15.0, "label_top15": 1, "is_intermodal_hub": 0, "is_top1_phase2": 0, "map_snap_m": 0.0, "map_aligned": 1}, "geometry": {"type": "Point", "coordinates": [80.22897341133891, 12.91153685110262]}}, {"id": "80", "type": "Feature", "properties": {"railway": null, "station": null, "subway": null, "construction": null, "construction:railway": null, "public_transport": null, "network": null, "operator": null, "name": "Kellys", "name:en": null, "element": null, "id": null, "category": null, "city": "chennai", "index_right": null, "n_osm_nodes": null, "phase": "phase2", "position_source": "nominatim", "confidence": "medium", "Line": "Purple Line", "Layout": "Underground", "snap_offset_m": 54.630813847801186, "station_id": "MAA080", "prediction": 4431.0, "lower": 3480.0, "upper": 5776.0, "population_density": 42113.11781990215, "pnr": 0.3826001934737844, "bus_stops_500m": 2, "poi_total": 54.0, "metro_closeness": 7.88647185130389e-05, "prediction_band": "Very low", "rank_phase2": 92.0, "label_top15": 0, "is_intermodal_hub": 0, "is_top1_phase2": 0, "map_snap_m": 0.0, "map_aligned": 1}, "geometry": {"type": "Point", "coordinates": [80.24378135660444, 13.0826030590748]}}, {"id": "81", "type": "Feature", "properties": {"railway": null, "station": null, "subway": null, "construction": null, "construction:railway": null, "public_transport": null, "network": null, "operator": null, "name": "Kovilambakkam", "name:en": null, "element": null, "id": null, "category": null, "city": "chennai", "index_right": null, "n_osm_nodes": null, "phase": "phase2", "position_source": "nominatim", "confidence": "medium", "Line": "Red Line", "Layout": "Elevated", "snap_offset_m": 83.5925249809665, "station_id": "MAA081", "prediction": 5846.0, "lower": 4932.0, "upper": 6882.0, "population_density": 19648.34036295169, "pnr": 0.5876814255980601, "bus_stops_500m": 1, "poi_total": 17.0, "metro_closeness": 4.933280326413425e-05, "prediction_band": "Medium", "rank_phase2": 44.0, "label_top15": 0, "is_intermodal_hub": 0, "is_top1_phase2": 0, "map_snap_m": 0.0, "map_aligned": 1}, "geometry": {"type": "Point", "coordinates": [80.18257161062563, 12.939580458161476]}}, {"id": "82", "type": "Feature", "properties": {"railway": null, "station": null, "subway": null, "construction": null, "construction:railway": null, "public_transport": null, "network": null, "operator": null, "name": "Koyambedu Market", "name:en": null, "element": null, "id": null, "category": null, "city": "chennai", "index_right": null, "n_osm_nodes": null, "phase": "phase2", "position_source": "nominatim", "confidence": "medium", "Line": "Red Line", "Layout": "Elevated", "snap_offset_m": 74.8316260440904, "station_id": "MAA082", "prediction": 6002.0, "lower": 4956.0, "upper": 7134.0, "population_density": 24192.75449154405, "pnr": 0.1780319193282459, "bus_stops_500m": 3, "poi_total": 39.0, "metro_closeness": 7.201576083811259e-05, "prediction_band": "Medium", "rank_phase2": 39.0, "label_top15": 0, "is_intermodal_hub": 0, "is_top1_phase2": 0, "map_snap_m": 0.0, "map_aligned": 1}, "geometry": {"type": "Point", "coordinates": [80.19944170922903, 13.068211620291976]}}, {"id": "83", "type": "Feature", "properties": {"railway": null, "station": null, "subway": null, "construction": null, "construction:railway": null, "public_transport": null, "network": null, "operator": null, "name": "Madhavaram Bus Terminus", "name:en": null, "element": null, "id": null, "category": null, "city": "chennai", "index_right": null, "n_osm_nodes": null, "phase": "phase2", "position_source": "nominatim", "confidence": "medium", "Line": "Red Line", "Layout": "Elevated", "snap_offset_m": 66.20894190531547, "station_id": "MAA083", "prediction": 5670.0, "lower": 4166.0, "upper": 7681.0, "population_density": 14688.247315636794, "pnr": 0.1837750288689791, "bus_stops_500m": 4, "poi_total": 5.0, "metro_closeness": 4.841588973753039e-05, "prediction_band": "Medium", "rank_phase2": 54.0, "label_top15": 0, "is_intermodal_hub": 0, "is_top1_phase2": 0, "map_snap_m": 0.0, "map_aligned": 1}, "geometry": {"type": "Point", "coordinates": [80.22113789096356, 13.14633877302281]}}, {"id": "84", "type": "Feature", "properties": {"railway": null, "station": null, "subway": null, "construction": null, "construction:railway": null, "public_transport": null, "network": null, "operator": null, "name": "Madhavaram High Road", "name:en": null, "element": null, "id": null, "category": null, "city": "chennai", "index_right": null, "n_osm_nodes": null, "phase": "phase2", "position_source": "nominatim", "confidence": "medium", "Line": "Purple Line", "Layout": "Underground", "snap_offset_m": 0.26008981897858097, "station_id": "MAA084", "prediction": 4857.0, "lower": 4076.0, "upper": 5803.0, "population_density": 23655.640464564687, "pnr": 0.2337334953652181, "bus_stops_500m": 1, "poi_total": 7.0, "metro_closeness": 5.208607142090636e-05, "prediction_band": "Very low", "rank_phase2": 88.0, "label_top15": 0, "is_intermodal_hub": 0, "is_top1_phase2": 0, "map_snap_m": 0.0, "map_aligned": 1}, "geometry": {"type": "Point", "coordinates": [80.24177744704367, 13.125326888804263]}}, {"id": "85", "type": "Feature", "properties": {"railway": null, "station": null, "subway": null, "construction": null, "construction:railway": null, "public_transport": null, "network": null, "operator": null, "name": "Madipakkam", "name:en": null, "element": null, "id": null, "category": null, "city": "chennai", "index_right": null, "n_osm_nodes": null, "phase": "phase2", "position_source": "nominatim", "confidence": "medium", "Line": "Red Line", "Layout": "Elevated", "snap_offset_m": 1359.2421683213217, "station_id": "MAA085", "prediction": 7615.0, "lower": 6272.0, "upper": 9048.0, "population_density": 30877.2057327809, "pnr": 0.4810334683785605, "bus_stops_500m": 7, "poi_total": 54.0, "metro_closeness": 5.433033122034656e-05, "prediction_band": "Very high", "rank_phase2": 3.0, "label_top15": 1, "is_intermodal_hub": 0, "is_top1_phase2": 0, "map_snap_m": 0.0, "map_aligned": 1}, "geometry": {"type": "Point", "coordinates": [80.18831424703235, 12.965230647872794]}}, {"id": "86", "type": "Feature", "properties": {"railway": null, "station": null, "subway": null, "construction": null, "construction:railway": null, "public_transport": null, "network": null, "operator": null, "name": "Manapakkam", "name:en": null, "element": null, "id": null, "category": null, "city": "chennai", "index_right": null, "n_osm_nodes": null, "phase": "phase2", "position_source": "nominatim", "confidence": "medium", "Line": "Red Line", "Layout": "Elevated", "snap_offset_m": 1092.3394817068242, "station_id": "MAA086", "prediction": 7835.0, "lower": 6130.0, "upper": 9754.0, "population_density": 31869.72934992086, "pnr": 0.1009055397949461, "bus_stops_500m": 7, "poi_total": 50.0, "metro_closeness": 6.709966721205064e-05, "prediction_band": "Very high", "rank_phase2": 2.0, "label_top15": 1, "is_intermodal_hub": 0, "is_top1_phase2": 0, "map_snap_m": 0.0, "map_aligned": 1}, "geometry": {"type": "Point", "coordinates": [80.17947805840328, 13.0233357632566]}}, {"id": "87", "type": "Feature", "properties": {"railway": null, "station": null, "subway": null, "construction": null, "construction:railway": null, "public_transport": null, "network": null, "operator": null, "name": "Mandaveli", "name:en": null, "element": null, "id": null, "category": null, "city": "chennai", "index_right": null, "n_osm_nodes": null, "phase": "phase2", "position_source": "nominatim", "confidence": "medium", "Line": "Purple Line", "Layout": "Underground", "snap_offset_m": 255.78477960677267, "station_id": "MAA087", "prediction": 7054.0, "lower": 6018.0, "upper": 8162.0, "population_density": 29519.66089230437, "pnr": 0.4979287492817445, "bus_stops_500m": 8, "poi_total": 33.0, "metro_closeness": 7.285208175525282e-05, "prediction_band": "High", "rank_phase2": 13.0, "label_top15": 1, "is_intermodal_hub": 1, "is_top1_phase2": 0, "map_snap_m": 0.0, "map_aligned": 1}, "geometry": {"type": "Point", "coordinates": [80.26471801544508, 13.024515285097685]}}, {"id": "88", "type": "Feature", "properties": {"railway": null, "station": null, "subway": null, "construction": null, "construction:railway": null, "public_transport": null, "network": null, "operator": null, "name": "Medavakkam I", "name:en": null, "element": null, "id": null, "category": null, "city": "chennai", "index_right": null, "n_osm_nodes": null, "phase": "phase2", "position_source": "nominatim", "confidence": "medium", "Line": "Red Line", "Layout": "Elevated", "snap_offset_m": 81.32850240918742, "station_id": "MAA088", "prediction": 5803.0, "lower": 4700.0, "upper": 7045.0, "population_density": 10486.012226378833, "pnr": 0.4798903940987206, "bus_stops_500m": 4, "poi_total": 55.0, "metro_closeness": 4.617106933382892e-05, "prediction_band": "Medium", "rank_phase2": 48.0, "label_top15": 0, "is_intermodal_hub": 0, "is_top1_phase2": 0, "map_snap_m": 0.0, "map_aligned": 1}, "geometry": {"type": "Point", "coordinates": [80.18672046666148, 12.91966195170214]}}, {"id": "89", "type": "Feature", "properties": {"railway": null, "station": null, "subway": null, "construction": null, "construction:railway": null, "public_transport": null, "network": null, "operator": null, "name": "Medavakkam II", "name:en": null, "element": null, "id": null, "category": null, "city": "chennai", "index_right": null, "n_osm_nodes": null, "phase": "phase2", "position_source": "nominatim", "confidence": "low", "Line": "Red Line", "Layout": "Elevated", "snap_offset_m": 497.9162820435863, "station_id": "MAA089", "prediction": 6302.0, "lower": 4286.0, "upper": 8868.0, "population_density": 3800.5706062051886, "pnr": 0.0217708644396133, "bus_stops_500m": 1, "poi_total": 14.0, "metro_closeness": 4.422882047838466e-05, "prediction_band": "High", "rank_phase2": 24.0, "label_top15": 0, "is_intermodal_hub": 0, "is_top1_phase2": 0, "map_snap_m": 0.0, "map_aligned": 1}, "geometry": {"type": "Point", "coordinates": [80.21789602330182, 12.901758483942416]}}, {"id": "90", "type": "Feature", "properties": {"railway": null, "station": null, "subway": null, "construction": null, "construction:railway": null, "public_transport": null, "network": null, "operator": null, "name": "Mettukuppam", "name:en": null, "element": null, "id": null, "category": null, "city": "chennai", "index_right": null, "n_osm_nodes": null, "phase": "phase2", "position_source": "nominatim", "confidence": "low", "Line": "Purple Line", "Layout": "Elevated", "snap_offset_m": null, "station_id": "MAA090", "prediction": 5592.0, "lower": 4392.0, "upper": 6849.0, "population_density": 19337.49772388406, "pnr": 0.2562906562064679, "bus_stops_500m": 0, "poi_total": 2.0, "metro_closeness": 6.104461415967655e-05, "prediction_band": "Low", "rank_phase2": 59.0, "label_top15": 0, "is_intermodal_hub": 0, "is_top1_phase2": 0, "map_snap_m": 7386.9, "map_aligned": 1}, "geometry": {"type": "Point", "coordinates": [80.2412121, 13.073307699999999]}}, {"id": "91", "type": "Feature", "properties": {"railway": null, "station": null, "subway": null, "construction": null, "construction:railway": null, "public_transport": null, "network": null, "operator": null, "name": "Moolakadai", "name:en": null, "element": null, "id": null, "category": null, "city": "chennai", "index_right": null, "n_osm_nodes": null, "phase": "phase2", "position_source": "nominatim", "confidence": "medium", "Line": "Purple Line", "Layout": "Underground", "snap_offset_m": 42.35509681800983, "station_id": "MAA091", "prediction": 4219.0, "lower": 3512.0, "upper": 5082.0, "population_density": 23359.404939355165, "pnr": 0.4048824133391678, "bus_stops_500m": 1, "poi_total": 5.0, "metro_closeness": 5.101936661370059e-05, "prediction_band": "Very low", "rank_phase2": 94.0, "label_top15": 0, "is_intermodal_hub": 0, "is_top1_phase2": 0, "map_snap_m": 0.0, "map_aligned": 1}, "geometry": {"type": "Point", "coordinates": [80.24132076490172, 13.12907262768492]}}, {"id": "92", "type": "Feature", "properties": {"railway": null, "station": null, "subway": null, "construction": null, "construction:railway": null, "public_transport": null, "network": null, "operator": null, "name": "Mugalivakkam", "name:en": null, "element": null, "id": null, "category": null, "city": "chennai", "index_right": null, "n_osm_nodes": null, "phase": "phase2", "position_source": "nominatim", "confidence": "medium", "Line": "Red Line", "Layout": "Elevated", "snap_offset_m": 853.0946069930777, "station_id": "MAA092", "prediction": 6431.0, "lower": 5399.0, "upper": 7530.0, "population_density": 25997.22332562993, "pnr": 0.2659001507849068, "bus_stops_500m": 2, "poi_total": 25.0, "metro_closeness": 6.728426920156099e-05, "prediction_band": "High", "rank_phase2": 19.0, "label_top15": 0, "is_intermodal_hub": 0, "is_top1_phase2": 0, "map_snap_m": 0.0, "map_aligned": 1}, "geometry": {"type": "Point", "coordinates": [80.1724090239246, 13.027282772496806]}}, {"id": "93", "type": "Feature", "properties": {"railway": null, "station": null, "subway": null, "construction": null, "construction:railway": null, "public_transport": null, "network": null, "operator": null, "name": "Natesan Nagar", "name:en": null, "element": null, "id": null, "category": null, "city": "chennai", "index_right": null, "n_osm_nodes": null, "phase": "phase2", "position_source": "nominatim", "confidence": "medium", "Line": "Red Line", "Layout": "Elevated", "snap_offset_m": 2443.6614888722743, "station_id": "MAA093", "prediction": 6705.0, "lower": 5233.0, "upper": 8473.0, "population_density": 34095.401140054935, "pnr": 0.4517027732682337, "bus_stops_500m": 5, "poi_total": 50.0, "metro_closeness": 7.351972008077346e-05, "prediction_band": "High", "rank_phase2": 17.0, "label_top15": 0, "is_intermodal_hub": 0, "is_top1_phase2": 0, "map_snap_m": 0.0, "map_aligned": 1}, "geometry": {"type": "Point", "coordinates": [80.19215359308957, 13.047168846119247]}}, {"id": "94", "type": "Feature", "properties": {"railway": null, "station": null, "subway": null, "construction": null, "construction:railway": null, "public_transport": null, "network": null, "operator": null, "name": "Nehru Nagar", "name:en": null, "element": null, "id": null, "category": null, "city": "chennai", "index_right": null, "n_osm_nodes": null, "phase": "phase2", "position_source": "nominatim", "confidence": "low", "Line": "Purple Line", "Layout": "Elevated", "snap_offset_m": null, "station_id": "MAA094", "prediction": 5810.0, "lower": 4048.0, "upper": 8304.0, "population_density": 6247.357262265955, "pnr": 0.1721050794925251, "bus_stops_500m": 2, "poi_total": 4.0, "metro_closeness": 3.0420121139974195e-05, "prediction_band": "Medium", "rank_phase2": 46.0, "label_top15": 0, "is_intermodal_hub": 0, "is_top1_phase2": 0, "map_snap_m": 11126.7, "map_aligned": 1}, "geometry": {"type": "Point", "coordinates": [80.2414563, 13.149685599999996]}}, {"id": "95", "type": "Feature", "properties": {"railway": null, "station": null, "subway": null, "construction": null, "construction:railway": null, "public_transport": null, "network": null, "operator": null, "name": "Nungambakkam", "name:en": null, "element": null, "id": null, "category": null, "city": "chennai", "index_right": null, "n_osm_nodes": null, "phase": "phase2", "position_source": "nominatim", "confidence": "low", "Line": "Purple Line", "Layout": "Underground", "snap_offset_m": 388.1278238739213, "station_id": "MAA095", "prediction": 4389.0, "lower": 3531.0, "upper": 5554.0, "population_density": 40877.40140280151, "pnr": 0.3647513908575673, "bus_stops_500m": 3, "poi_total": 80.0, "metro_closeness": 8.055873730964485e-05, "prediction_band": "Very low", "rank_phase2": 93.0, "label_top15": 0, "is_intermodal_hub": 0, "is_top1_phase2": 0, "map_snap_m": 0.0, "map_aligned": 1}, "geometry": {"type": "Point", "coordinates": [80.2436199, 13.0637605]}}, {"id": "96", "type": "Feature", "properties": {"railway": null, "station": null, "subway": null, "construction": null, "construction:railway": null, "public_transport": null, "network": null, "operator": null, "name": "Okkiyam Thoraipakkam", "name:en": null, "element": null, "id": null, "category": null, "city": "chennai", "index_right": null, "n_osm_nodes": null, "phase": "phase2", "position_source": "nominatim", "confidence": "medium", "Line": "Purple Line", "Layout": "Elevated", "snap_offset_m": 149.685218432909, "station_id": "MAA096", "prediction": 5756.0, "lower": 4523.0, "upper": 7101.0, "population_density": 11844.56272821016, "pnr": 0.269009012641486, "bus_stops_500m": 0, "poi_total": 18.0, "metro_closeness": 4.448108333471044e-05, "prediction_band": "Medium", "rank_phase2": 50.0, "label_top15": 0, "is_intermodal_hub": 0, "is_top1_phase2": 0, "map_snap_m": 0.0, "map_aligned": 1}, "geometry": {"type": "Point", "coordinates": [80.23244248419422, 12.932632147986489]}}, {"id": "97", "type": "Feature", "properties": {"railway": null, "station": null, "subway": null, "construction": null, "construction:railway": null, "public_transport": null, "network": null, "operator": null, "name": "Otteri", "name:en": null, "element": null, "id": null, "category": null, "city": "chennai", "index_right": null, "n_osm_nodes": null, "phase": "phase2", "position_source": "nominatim", "confidence": "medium", "Line": "Purple Line", "Layout": "Underground", "snap_offset_m": 54.241345307576246, "station_id": "MAA097", "prediction": 5667.0, "lower": 4940.0, "upper": 6539.0, "population_density": 28144.42902242457, "pnr": 0.2606023563018281, "bus_stops_500m": 4, "poi_total": 14.0, "metro_closeness": 6.351734469924611e-05, "prediction_band": "Low", "rank_phase2": 55.0, "label_top15": 0, "is_intermodal_hub": 0, "is_top1_phase2": 0, "map_snap_m": 0.0, "map_aligned": 1}, "geometry": {"type": "Point", "coordinates": [80.24861567092212, 13.097436949037851]}}, {"id": "98", "type": "Feature", "properties": {"railway": null, "station": null, "subway": null, "construction": null, "construction:railway": null, "public_transport": null, "network": null, "operator": null, "name": "PTC Colony", "name:en": null, "element": null, "id": null, "category": null, "city": "chennai", "index_right": null, "n_osm_nodes": null, "phase": "phase2", "position_source": "nominatim", "confidence": "medium", "Line": "Purple Line", "Layout": "Elevated", "snap_offset_m": 481.9900340782859, "station_id": "MAA098", "prediction": 6004.0, "lower": 4753.0, "upper": 7371.0, "population_density": 20902.58000196113, "pnr": 0.146141881208424, "bus_stops_500m": 2, "poi_total": 45.0, "metro_closeness": 5.657235004032947e-05, "prediction_band": "Medium", "rank_phase2": 38.0, "label_top15": 0, "is_intermodal_hub": 0, "is_top1_phase2": 0, "map_snap_m": 0.0, "map_aligned": 1}, "geometry": {"type": "Point", "coordinates": [80.252611, 12.978458800000002]}}, {"id": "99", "type": "Feature", "properties": {"railway": null, "station": null, "subway": null, "construction": null, "construction:railway": null, "public_transport": null, "network": null, "operator": null, "name": "Pattalam", "name:en": null, "element": null, "id": null, "category": null, "city": "chennai", "index_right": null, "n_osm_nodes": null, "phase": "phase2", "position_source": "nominatim", "confidence": "medium", "Line": "Purple Line", "Layout": "Underground", "snap_offset_m": 164.08405984168584, "station_id": "MAA099", "prediction": 5298.0, "lower": 4469.0, "upper": 6027.0, "population_density": 30822.245646084404, "pnr": 0.4378042183573135, "bus_stops_500m": 0, "poi_total": 28.0, "metro_closeness": 6.784149288163308e-05, "prediction_band": "Very low", "rank_phase2": 82.0, "label_top15": 0, "is_intermodal_hub": 0, "is_top1_phase2": 0, "map_snap_m": 0.0, "map_aligned": 1}, "geometry": {"type": "Point", "coordinates": [80.259038, 13.0967876]}}, {"id": "100", "type": "Feature", "properties": {"railway": null, "station": null, "subway": null, "construction": null, "construction:railway": null, "public_transport": null, "network": null, "operator": null, "name": "Perambur", "name:en": null, "element": null, "id": null, "category": null, "city": "chennai", "index_right": null, "n_osm_nodes": null, "phase": "phase2", "position_source": "nominatim", "confidence": "low", "Line": "Purple Line", "Layout": "Underground", "snap_offset_m": 156.9911578269286, "station_id": "MAA100", "prediction": 5449.0, "lower": 4765.0, "upper": 6166.0, "population_density": 27750.109203369047, "pnr": 0.4771352513217534, "bus_stops_500m": 3, "poi_total": 37.0, "metro_closeness": 5.61688406136459e-05, "prediction_band": "Low", "rank_phase2": 74.0, "label_top15": 0, "is_intermodal_hub": 0, "is_top1_phase2": 0, "map_snap_m": 0.0, "map_aligned": 1}, "geometry": {"type": "Point", "coordinates": [80.24357377179436, 13.112118926726952]}}, {"id": "101", "type": "Feature", "properties": {"railway": null, "station": null, "subway": null, "construction": null, "construction:railway": null, "public_transport": null, "network": null, "operator": null, "name": "Perambur Barracks Road", "name:en": null, "element": null, "id": null, "category": null, "city": "chennai", "index_right": null, "n_osm_nodes": null, "phase": "phase2", "position_source": "nominatim", "confidence": "medium", "Line": "Purple Line", "Layout": "Underground", "snap_offset_m": 6.362479650254524, "station_id": "MAA101", "prediction": 5426.0, "lower": 4553.0, "upper": 6233.0, "population_density": 31920.05739432118, "pnr": 0.5808109198344812, "bus_stops_500m": 0, "poi_total": 38.0, "metro_closeness": 6.943749342033418e-05, "prediction_band": "Low", "rank_phase2": 76.0, "label_top15": 0, "is_intermodal_hub": 0, "is_top1_phase2": 0, "map_snap_m": 0.0, "map_aligned": 1}, "geometry": {"type": "Point", "coordinates": [80.258796414715, 13.093279324930332]}}, {"id": "102", "type": "Feature", "properties": {"railway": null, "station": null, "subway": null, "construction": null, "construction:railway": null, "public_transport": null, "network": null, "operator": null, "name": "Perumbakkam", "name:en": null, "element": null, "id": null, "category": null, "city": "chennai", "index_right": null, "n_osm_nodes": null, "phase": "phase2", "position_source": "nominatim", "confidence": "medium", "Line": "Red Line", "Layout": "Elevated", "snap_offset_m": 362.04279876961874, "station_id": "MAA102", "prediction": 5644.0, "lower": 4556.0, "upper": 6807.0, "population_density": 11135.956623070768, "pnr": 0.5434919745330871, "bus_stops_500m": 1, "poi_total": 11.0, "metro_closeness": 4.445611427421766e-05, "prediction_band": "Low", "rank_phase2": 57.0, "label_top15": 0, "is_intermodal_hub": 0, "is_top1_phase2": 0, "map_snap_m": 0.0, "map_aligned": 1}, "geometry": {"type": "Point", "coordinates": [80.19858380000001, 12.907814199999999]}}, {"id": "103", "type": "Feature", "properties": {"railway": null, "station": null, "subway": null, "construction": null, "construction:railway": null, "public_transport": null, "network": null, "operator": null, "name": "Perungudi", "name:en": null, "element": null, "id": null, "category": null, "city": "chennai", "index_right": null, "n_osm_nodes": null, "phase": "phase2", "position_source": "nominatim", "confidence": "low", "Line": "Purple Line", "Layout": "Elevated", "snap_offset_m": 804.4215128079913, "station_id": "MAA103", "prediction": 6061.0, "lower": 5012.0, "upper": 7253.0, "population_density": 16781.897236803263, "pnr": 0.3310588510469803, "bus_stops_500m": 4, "poi_total": 28.0, "metro_closeness": 5.359754457467332e-05, "prediction_band": "Medium", "rank_phase2": 34.0, "label_top15": 0, "is_intermodal_hub": 0, "is_top1_phase2": 0, "map_snap_m": 0.0, "map_aligned": 1}, "geometry": {"type": "Point", "coordinates": [80.24879596920354, 12.968595235059022]}}, {"id": "104", "type": "Feature", "properties": {"railway": null, "station": null, "subway": null, "construction": null, "construction:railway": null, "public_transport": null, "network": null, "operator": null, "name": "Poonamallee", "name:en": null, "element": null, "id": null, "category": null, "city": "chennai", "index_right": null, "n_osm_nodes": null, "phase": "phase2", "position_source": "nominatim", "confidence": "medium", "Line": "Yellow Line", "Layout": "Elevated", "snap_offset_m": 2395.3548065946206, "station_id": "MAA104", "prediction": 5104.0, "lower": 4510.0, "upper": 5737.0, "population_density": 33809.54844258208, "pnr": 0.4615868563079531, "bus_stops_500m": 0, "poi_total": 31.0, "metro_closeness": 7.513628017945935e-05, "prediction_band": "Very low", "rank_phase2": 84.0, "label_top15": 0, "is_intermodal_hub": 0, "is_top1_phase2": 0, "map_snap_m": 0.5, "map_aligned": 1}, "geometry": {"type": "Point", "coordinates": [80.22483680395285, 13.05356399202108]}}, {"id": "105", "type": "Feature", "properties": {"railway": null, "station": null, "subway": null, "construction": null, "construction:railway": null, "public_transport": null, "network": null, "operator": null, "name": "Ramapuram", "name:en": null, "element": null, "id": null, "category": null, "city": "chennai", "index_right": null, "n_osm_nodes": null, "phase": "phase2", "position_source": "nominatim", "confidence": "medium", "Line": "Red Line", "Layout": "Elevated", "snap_offset_m": 544.6962805957367, "station_id": "MAA105", "prediction": 7139.0, "lower": 5734.0, "upper": 8739.0, "population_density": 31832.693127852606, "pnr": 0.1104852119126968, "bus_stops_500m": 6, "poi_total": 26.0, "metro_closeness": 6.721761508104785e-05, "prediction_band": "Very high", "rank_phase2": 12.0, "label_top15": 1, "is_intermodal_hub": 0, "is_top1_phase2": 0, "map_snap_m": 0.0, "map_aligned": 1}, "geometry": {"type": "Point", "coordinates": [80.17554890163969, 13.02558045446501]}}, {"id": "106", "type": "Feature", "properties": {"railway": null, "station": null, "subway": null, "construction": null, "construction:railway": null, "public_transport": null, "network": null, "operator": null, "name": "Retteri Junction", "name:en": null, "element": null, "id": null, "category": null, "city": "chennai", "index_right": null, "n_osm_nodes": null, "phase": "phase2", "position_source": "nominatim", "confidence": "medium", "Line": "Red Line", "Layout": "Elevated", "snap_offset_m": 9.591723504845994, "station_id": "MAA106", "prediction": 5374.0, "lower": 4643.0, "upper": 6182.0, "population_density": 12299.326047093124, "pnr": 0.5340461851694913, "bus_stops_500m": 2, "poi_total": 22.0, "metro_closeness": 5.324518601030994e-05, "prediction_band": "Low", "rank_phase2": 77.0, "label_top15": 0, "is_intermodal_hub": 0, "is_top1_phase2": 0, "map_snap_m": 0.0, "map_aligned": 1}, "geometry": {"type": "Point", "coordinates": [80.21385887596608, 13.130243654775603]}}, {"id": "107", "type": "Feature", "properties": {"railway": null, "station": null, "subway": null, "construction": null, "construction:railway": null, "public_transport": null, "network": null, "operator": null, "name": "Saligramam", "name:en": null, "element": null, "id": null, "category": null, "city": "chennai", "index_right": null, "n_osm_nodes": null, "phase": "phase2", "position_source": "nominatim", "confidence": "low", "Line": "Yellow Line", "Layout": "Elevated", "snap_offset_m": 963.5850631599033, "station_id": "MAA107", "prediction": 5574.0, "lower": 4616.0, "upper": 6685.0, "population_density": 45947.66747987023, "pnr": 0.3573977892199883, "bus_stops_500m": 3, "poi_total": 54.0, "metro_closeness": 7.676783338173282e-05, "prediction_band": "Low", "rank_phase2": 62.0, "label_top15": 0, "is_intermodal_hub": 0, "is_top1_phase2": 0, "map_snap_m": 1.2, "map_aligned": 1}, "geometry": {"type": "Point", "coordinates": [80.20637754327788, 13.04868355990905]}}, {"id": "108", "type": "Feature", "properties": {"railway": null, "station": null, "subway": null, "construction": null, "construction:railway": null, "public_transport": null, "network": null, "operator": null, "name": "Shastri Nagar Chennai", "name:en": null, "element": null, "id": null, "category": null, "city": "chennai", "index_right": null, "n_osm_nodes": null, "phase": "phase2", "position_source": "nominatim", "confidence": "low", "Line": "Red Line", "Layout": "Elevated", "snap_offset_m": null, "station_id": "MAA108", "prediction": 7207.0, "lower": 6027.0, "upper": 8777.0, "population_density": 33737.17272931919, "pnr": 0.2761407443445137, "bus_stops_500m": 6, "poi_total": 75.0, "metro_closeness": 6.258527511741753e-05, "prediction_band": "Very high", "rank_phase2": 8.0, "label_top15": 1, "is_intermodal_hub": 0, "is_top1_phase2": 0, "map_snap_m": 6107.1, "map_aligned": 1}, "geometry": {"type": "Point", "coordinates": [80.2042615, 13.007220100000003]}}, {"id": "109", "type": "Feature", "properties": {"railway": null, "station": null, "subway": null, "construction": null, "construction:railway": null, "public_transport": null, "network": null, "operator": null, "name": "Siruseri", "name:en": null, "element": null, "id": null, "category": null, "city": "chennai", "index_right": null, "n_osm_nodes": null, "phase": "phase2", "position_source": "nominatim", "confidence": "low", "Line": "Purple Line", "Layout": "Elevated", "snap_offset_m": null, "station_id": "MAA109", "prediction": 6026.0, "lower": 4159.0, "upper": 8654.0, "population_density": 1972.4191759884127, "pnr": 0.0743669237521821, "bus_stops_500m": 0, "poi_total": 2.0, "metro_closeness": 2.9277999401768588e-05, "prediction_band": "Medium", "rank_phase2": 36.0, "label_top15": 0, "is_intermodal_hub": 0, "is_top1_phase2": 0, "map_snap_m": 3142.0, "map_aligned": 1}, "geometry": {"type": "Point", "coordinates": [80.2199647, 12.821065799999996]}}, {"id": "110", "type": "Feature", "properties": {"railway": null, "station": null, "subway": null, "construction": null, "construction:railway": null, "public_transport": null, "network": null, "operator": null, "name": "Srinivasa Nagar", "name:en": null, "element": null, "id": null, "category": null, "city": "chennai", "index_right": null, "n_osm_nodes": null, "phase": "phase2", "position_source": "nominatim", "confidence": "low", "Line": "Red Line", "Layout": "Underground", "snap_offset_m": null, "station_id": "MAA110", "prediction": 5476.0, "lower": 4143.0, "upper": 7054.0, "population_density": 11510.585398908268, "pnr": 0.0795695263782903, "bus_stops_500m": 0, "poi_total": 11.0, "metro_closeness": 4.864396104009596e-05, "prediction_band": "Low", "rank_phase2": 72.0, "label_top15": 0, "is_intermodal_hub": 0, "is_top1_phase2": 0, "map_snap_m": 5750.9, "map_aligned": 1}, "geometry": {"type": "Point", "coordinates": [80.2307134, 12.900805299999996]}}, {"id": "111", "type": "Feature", "properties": {"railway": null, "station": null, "subway": null, "construction": null, "construction:railway": null, "public_transport": null, "network": null, "operator": null, "name": "Sterling Road", "name:en": null, "element": null, "id": null, "category": null, "city": "chennai", "index_right": null, "n_osm_nodes": null, "phase": "phase2", "position_source": "nominatim", "confidence": "low", "Line": "Purple Line", "Layout": "Underground", "snap_offset_m": 409.1377387296343, "station_id": "MAA111", "prediction": 5483.0, "lower": 4452.0, "upper": 6837.0, "population_density": 41143.635114304045, "pnr": 0.3569536099647217, "bus_stops_500m": 6, "poi_total": 67.0, "metro_closeness": 8.047873715751668e-05, "prediction_band": "Low", "rank_phase2": 70.0, "label_top15": 0, "is_intermodal_hub": 0, "is_top1_phase2": 0, "map_snap_m": 0.0, "map_aligned": 1}, "geometry": {"type": "Point", "coordinates": [80.24357474552309, 13.065098639478508]}}, {"id": "112", "type": "Feature", "properties": {"railway": null, "station": null, "subway": null, "construction": null, "construction:railway": null, "public_transport": null, "network": null, "operator": null, "name": "Taramani", "name:en": null, "element": null, "id": null, "category": null, "city": "chennai", "index_right": null, "n_osm_nodes": null, "phase": "phase2", "position_source": "nominatim", "confidence": "medium", "Line": "Purple Line", "Layout": "Underground", "snap_offset_m": 1242.9057061218036, "station_id": "MAA112", "prediction": 7234.0, "lower": 5774.0, "upper": 8711.0, "population_density": 35876.61068242095, "pnr": 0.3275016661873526, "bus_stops_500m": 11, "poi_total": 49.0, "metro_closeness": 5.953601375194774e-05, "prediction_band": "Very high", "rank_phase2": 6.0, "label_top15": 1, "is_intermodal_hub": 0, "is_top1_phase2": 0, "map_snap_m": 0.0, "map_aligned": 1}, "geometry": {"type": "Point", "coordinates": [80.25143559043958, 12.987960791847971]}}, {"id": "113", "type": "Feature", "properties": {"railway": null, "station": null, "subway": null, "construction": null, "construction:railway": null, "public_transport": null, "network": null, "operator": null, "name": "Thiruvanmiyur", "name:en": null, "element": null, "id": null, "category": null, "city": "chennai", "index_right": null, "n_osm_nodes": null, "phase": "phase2", "position_source": "nominatim", "confidence": "medium", "Line": "Purple Line", "Layout": "Underground", "snap_offset_m": 1286.1216982193887, "station_id": "MAA113", "prediction": 7243.0, "lower": 5689.0, "upper": 8925.0, "population_density": 28562.30024365298, "pnr": 0.2436917368495423, "bus_stops_500m": 7, "poi_total": 50.0, "metro_closeness": 5.790874252188855e-05, "prediction_band": "Very high", "rank_phase2": 5.0, "label_top15": 1, "is_intermodal_hub": 0, "is_top1_phase2": 0, "map_snap_m": 0.0, "map_aligned": 1}, "geometry": {"type": "Point", "coordinates": [80.2529597, 12.9829125]}}, {"id": "114", "type": "Feature", "properties": {"railway": null, "station": null, "subway": null, "construction": null, "construction:railway": null, "public_transport": null, "network": null, "operator": null, "name": "Thoraipakkam", "name:en": null, "element": null, "id": null, "category": null, "city": "chennai", "index_right": null, "n_osm_nodes": null, "phase": "phase2", "position_source": "nominatim", "confidence": "medium", "Line": "Purple Line", "Layout": "Elevated", "snap_offset_m": 8.994421130938166, "station_id": "MAA114", "prediction": 5508.0, "lower": 4557.0, "upper": 6554.0, "population_density": 14392.436949118932, "pnr": 0.3722137927650294, "bus_stops_500m": 0, "poi_total": 21.0, "metro_closeness": 4.8367129413340815e-05, "prediction_band": "Low", "rank_phase2": 66.0, "label_top15": 0, "is_intermodal_hub": 0, "is_top1_phase2": 0, "map_snap_m": 0.0, "map_aligned": 1}, "geometry": {"type": "Point", "coordinates": [80.24076627897466, 12.949150823438663]}}, {"id": "115", "type": "Feature", "properties": {"railway": null, "station": null, "subway": null, "construction": null, "construction:railway": null, "public_transport": null, "network": null, "operator": null, "name": "Ullagaram", "name:en": null, "element": null, "id": null, "category": null, "city": "chennai", "index_right": null, "n_osm_nodes": null, "phase": "phase2", "position_source": "nominatim", "confidence": "medium", "Line": "Red Line", "Layout": "Elevated", "snap_offset_m": 335.69821247990507, "station_id": "MAA115", "prediction": 6097.0, "lower": 5257.0, "upper": 6927.0, "population_density": 23691.73512077905, "pnr": 0.5242540067456039, "bus_stops_500m": 0, "poi_total": 84.0, "metro_closeness": 5.8225846849349135e-05, "prediction_band": "High", "rank_phase2": 30.0, "label_top15": 0, "is_intermodal_hub": 0, "is_top1_phase2": 0, "map_snap_m": 0.0, "map_aligned": 1}, "geometry": {"type": "Point", "coordinates": [80.1937123, 12.977304599999997]}}, {"id": "116", "type": "Feature", "properties": {"railway": null, "station": null, "subway": null, "construction": null, "construction:railway": null, "public_transport": null, "network": null, "operator": null, "name": "Valasaravakkam", "name:en": null, "element": null, "id": null, "category": null, "city": "chennai", "index_right": null, "n_osm_nodes": null, "phase": "phase2", "position_source": "nominatim", "confidence": "low", "Line": "Yellow Line", "Layout": "Elevated", "snap_offset_m": 60.30565604013955, "station_id": "MAA116", "prediction": 5804.0, "lower": 4937.0, "upper": 6719.0, "population_density": 23376.72014425104, "pnr": 0.5440160000016836, "bus_stops_500m": 1, "poi_total": 11.0, "metro_closeness": 6.704984859357876e-05, "prediction_band": "Medium", "rank_phase2": 47.0, "label_top15": 0, "is_intermodal_hub": 0, "is_top1_phase2": 0, "map_snap_m": 0.0, "map_aligned": 1}, "geometry": {"type": "Point", "coordinates": [80.17267688194794, 13.040834991031302]}}, {"id": "117", "type": "Feature", "properties": {"railway": null, "station": null, "subway": null, "construction": null, "construction:railway": null, "public_transport": null, "network": null, "operator": null, "name": "Vanuvampet", "name:en": null, "element": null, "id": null, "category": null, "city": "chennai", "index_right": null, "n_osm_nodes": null, "phase": "phase2", "position_source": "nominatim", "confidence": "low", "Line": "Red Line", "Layout": "Elevated", "snap_offset_m": 6.454590733838308, "station_id": "MAA117", "prediction": 6086.0, "lower": 5039.0, "upper": 7222.0, "population_density": 25741.14816678589, "pnr": 0.481931529337495, "bus_stops_500m": 2, "poi_total": 51.0, "metro_closeness": 5.982594004746543e-05, "prediction_band": "Medium", "rank_phase2": 33.0, "label_top15": 0, "is_intermodal_hub": 0, "is_top1_phase2": 0, "map_snap_m": 0.0, "map_aligned": 1}, "geometry": {"type": "Point", "coordinates": [80.195670653469, 12.98166796300208]}}, {"id": "118", "type": "Feature", "properties": {"railway": null, "station": null, "subway": null, "construction": null, "construction:railway": null, "public_transport": null, "network": null, "operator": null, "name": "Villivakkam", "name:en": null, "element": null, "id": null, "category": null, "city": "chennai", "index_right": null, "n_osm_nodes": null, "phase": "phase2", "position_source": "nominatim", "confidence": "medium", "Line": "Red Line", "Layout": "Underground", "snap_offset_m": 323.63998021480165, "station_id": "MAA118", "prediction": 5356.0, "lower": 4544.0, "upper": 6256.0, "population_density": 28012.0355163618, "pnr": 0.1339528907742785, "bus_stops_500m": 0, "poi_total": 9.0, "metro_closeness": 6.228454569915049e-05, "prediction_band": "Low", "rank_phase2": 78.0, "label_top15": 0, "is_intermodal_hub": 0, "is_top1_phase2": 0, "map_snap_m": 0.0, "map_aligned": 1}, "geometry": {"type": "Point", "coordinates": [80.21021439031225, 13.11048502325057]}}, {"id": "119", "type": "Feature", "properties": {"railway": null, "station": null, "subway": null, "construction": null, "construction:railway": null, "public_transport": null, "network": null, "operator": null, "name": "Villivakkam Bus Terminus", "name:en": null, "element": null, "id": null, "category": null, "city": "chennai", "index_right": null, "n_osm_nodes": null, "phase": "phase2", "position_source": "nominatim", "confidence": "medium", "Line": "Red Line", "Layout": "Underground", "snap_offset_m": 39.21937049470414, "station_id": "MAA119", "prediction": 6239.0, "lower": 5184.0, "upper": 7479.0, "population_density": 28896.28092599371, "pnr": 0.4227255157699257, "bus_stops_500m": 6, "poi_total": 16.0, "metro_closeness": 6.450755694420259e-05, "prediction_band": "High", "rank_phase2": 25.0, "label_top15": 0, "is_intermodal_hub": 0, "is_top1_phase2": 0, "map_snap_m": 0.0, "map_aligned": 1}, "geometry": {"type": "Point", "coordinates": [80.20801566244555, 13.10547105094272]}}, {"id": "120", "type": "Feature", "properties": {"railway": null, "station": null, "subway": null, "construction": null, "construction:railway": null, "public_transport": null, "network": null, "operator": null, "name": "Villivakkam CTH Road", "name:en": null, "element": null, "id": null, "category": null, "city": "chennai", "index_right": null, "n_osm_nodes": null, "phase": "phase2", "position_source": "nominatim", "confidence": "medium", "Line": "Red Line", "Layout": "Underground", "snap_offset_m": 1.745919403916193, "station_id": "MAA120", "prediction": 5657.0, "lower": 4841.0, "upper": 6584.0, "population_density": 27319.408468269085, "pnr": 0.4312696485621623, "bus_stops_500m": 2, "poi_total": 18.0, "metro_closeness": 6.71756958738051e-05, "prediction_band": "Low", "rank_phase2": 56.0, "label_top15": 0, "is_intermodal_hub": 0, "is_top1_phase2": 0, "map_snap_m": 0.0, "map_aligned": 1}, "geometry": {"type": "Point", "coordinates": [80.20204325637738, 13.103504818951453]}}, {"id": "121", "type": "Feature", "properties": {"railway": null, "station": null, "subway": null, "construction": null, "construction:railway": null, "public_transport": null, "network": null, "operator": null, "name": "Virugambakkam", "name:en": null, "element": null, "id": null, "category": null, "city": "chennai", "index_right": null, "n_osm_nodes": null, "phase": "phase2", "position_source": "nominatim", "confidence": "medium", "Line": "Red Line", "Layout": "Elevated", "snap_offset_m": 46.57932995516726, "station_id": "MAA121", "prediction": 6088.0, "lower": 5077.0, "upper": 7297.0, "population_density": 31921.303947509496, "pnr": 0.4462026092052661, "bus_stops_500m": 2, "poi_total": 43.0, "metro_closeness": 7.223318671467857e-05, "prediction_band": "Medium", "rank_phase2": 32.0, "label_top15": 0, "is_intermodal_hub": 0, "is_top1_phase2": 0, "map_snap_m": 0.0, "map_aligned": 1}, "geometry": {"type": "Point", "coordinates": [80.19212146535067, 13.052241405906937]}}, {"id": "122", "type": "Feature", "properties": {"railway": null, "station": null, "subway": null, "construction": null, "construction:railway": null, "public_transport": null, "network": null, "operator": null, "name": "Adyar Junction", "name:en": null, "element": null, "id": null, "category": null, "city": "chennai", "index_right": null, "n_osm_nodes": null, "phase": "phase2", "position_source": "nominatim_stem", "confidence": "medium", "Line": "Purple Line", "Layout": "Underground", "snap_offset_m": 6.792270001904411, "station_id": "MAA122", "prediction": 7202.0, "lower": 6035.0, "upper": 8569.0, "population_density": 27141.862233325664, "pnr": 0.4403536051888545, "bus_stops_500m": 9, "poi_total": 77.0, "metro_closeness": 6.636625391212626e-05, "prediction_band": "Very high", "rank_phase2": 10.0, "label_top15": 1, "is_intermodal_hub": 0, "is_top1_phase2": 0, "map_snap_m": 0.0, "map_aligned": 1}, "geometry": {"type": "Point", "coordinates": [80.2577197342053, 13.006469574077208]}}, {"id": "123", "type": "Feature", "properties": {"railway": null, "station": null, "subway": null, "construction": null, "construction:railway": null, "public_transport": null, "network": null, "operator": null, "name": "Alapakkam Junction", "name:en": null, "element": null, "id": null, "category": null, "city": "chennai", "index_right": null, "n_osm_nodes": null, "phase": "phase2", "position_source": "nominatim_stem", "confidence": "low", "Line": "Yellow Line", "Layout": "Elevated", "snap_offset_m": 1250.9871115265337, "station_id": "MAA123", "prediction": 5484.0, "lower": 4570.0, "upper": 6502.0, "population_density": 20652.43404712274, "pnr": 0.480833157791748, "bus_stops_500m": 0, "poi_total": 12.0, "metro_closeness": 6.622019564214815e-05, "prediction_band": "Low", "rank_phase2": 69.0, "label_top15": 0, "is_intermodal_hub": 0, "is_top1_phase2": 0, "map_snap_m": 0.0, "map_aligned": 1}, "geometry": {"type": "Point", "coordinates": [80.17088668911212, 13.039932542515075]}}, {"id": "124", "type": "Feature", "properties": {"railway": null, "station": null, "subway": null, "construction": null, "construction:railway": null, "public_transport": null, "network": null, "operator": null, "name": "Kolathur Junction", "name:en": null, "element": null, "id": null, "category": null, "city": "chennai", "index_right": null, "n_osm_nodes": null, "phase": "phase2", "position_source": "nominatim_stem", "confidence": "medium", "Line": "Red Line", "Layout": "Underground", "snap_offset_m": 58.42257950423166, "station_id": "MAA124", "prediction": 6725.0, "lower": 5315.0, "upper": 8460.0, "population_density": 16150.682358515363, "pnr": 0.493005824133662, "bus_stops_500m": 6, "poi_total": 43.0, "metro_closeness": 5.677397774811074e-05, "prediction_band": "High", "rank_phase2": 16.0, "label_top15": 0, "is_intermodal_hub": 0, "is_top1_phase2": 0, "map_snap_m": 0.0, "map_aligned": 1}, "geometry": {"type": "Point", "coordinates": [80.2041750975037, 13.12439966819032]}}, {"id": "125", "type": "Feature", "properties": {"railway": null, "station": null, "subway": null, "construction": null, "construction:railway": null, "public_transport": null, "network": null, "operator": null, "name": "Nookampalayam Depot", "name:en": null, "element": null, "id": null, "category": null, "city": "chennai", "index_right": null, "n_osm_nodes": null, "phase": "phase2", "position_source": "nominatim_stem", "confidence": "low", "Line": "Purple Line", "Layout": "Elevated", "snap_offset_m": null, "station_id": "MAA125", "prediction": 5355.0, "lower": 4068.0, "upper": 6941.0, "population_density": 3986.210505206631, "pnr": 0.1721491883692948, "bus_stops_500m": 0, "poi_total": 1.0, "metro_closeness": 3.276126123140174e-05, "prediction_band": "Low", "rank_phase2": 79.0, "label_top15": 0, "is_intermodal_hub": 0, "is_top1_phase2": 0, "map_snap_m": 2676.7, "map_aligned": 1}, "geometry": {"type": "Point", "coordinates": [80.22669924991719, 12.884352811230883]}}, {"id": "126", "type": "Feature", "properties": {"railway": null, "station": null, "subway": null, "construction": null, "construction:railway": null, "public_transport": null, "network": null, "operator": null, "name": "Perambur Market", "name:en": null, "element": null, "id": null, "category": null, "city": "chennai", "index_right": null, "n_osm_nodes": null, "phase": "phase2", "position_source": "nominatim_stem", "confidence": "low", "Line": "Purple Line", "Layout": "Underground", "snap_offset_m": 156.9911578269286, "station_id": "MAA126", "prediction": 5449.0, "lower": 4765.0, "upper": 6166.0, "population_density": 27750.109203369047, "pnr": 0.4771352513217534, "bus_stops_500m": 3, "poi_total": 37.0, "metro_closeness": 5.61688406136459e-05, "prediction_band": "Low", "rank_phase2": 75.0, "label_top15": 0, "is_intermodal_hub": 0, "is_top1_phase2": 0, "map_snap_m": 0.0, "map_aligned": 1}, "geometry": {"type": "Point", "coordinates": [80.24357377179436, 13.112118926726952]}}, {"id": "127", "type": "Feature", "properties": {"railway": null, "station": null, "subway": null, "construction": null, "construction:railway": null, "public_transport": null, "network": null, "operator": null, "name": "SIPCOT I", "name:en": null, "element": null, "id": null, "category": null, "city": "chennai", "index_right": null, "n_osm_nodes": null, "phase": "phase2", "position_source": "nominatim_stem", "confidence": "low", "Line": "Purple Line", "Layout": "Elevated", "snap_offset_m": 0.004087446653689682, "station_id": "MAA127", "prediction": 5575.0, "lower": 4465.0, "upper": 7048.0, "population_density": 35980.727737133915, "pnr": 0.3450751027901162, "bus_stops_500m": 6, "poi_total": 55.0, "metro_closeness": 8.021763531934343e-05, "prediction_band": "Low", "rank_phase2": 60.0, "label_top15": 0, "is_intermodal_hub": 0, "is_top1_phase2": 0, "map_snap_m": 0.0, "map_aligned": 1}, "geometry": {"type": "Point", "coordinates": [80.24270663551488, 13.068713012399495]}}, {"id": "128", "type": "Feature", "properties": {"railway": null, "station": null, "subway": null, "construction": null, "construction:railway": null, "public_transport": null, "network": null, "operator": null, "name": "SIPCOT II", "name:en": null, "element": null, "id": null, "category": null, "city": "chennai", "index_right": null, "n_osm_nodes": null, "phase": "phase2", "position_source": "nominatim_stem", "confidence": "low", "Line": "Purple Line", "Layout": "Elevated", "snap_offset_m": 0.004087446653689682, "station_id": "MAA128", "prediction": 5575.0, "lower": 4465.0, "upper": 7048.0, "population_density": 35980.727737133915, "pnr": 0.3450751027901162, "bus_stops_500m": 6, "poi_total": 55.0, "metro_closeness": 8.021763531934343e-05, "prediction_band": "Low", "rank_phase2": 61.0, "label_top15": 0, "is_intermodal_hub": 0, "is_top1_phase2": 0, "map_snap_m": 0.0, "map_aligned": 1}, "geometry": {"type": "Point", "coordinates": [80.24270663551488, 13.068713012399495]}}, {"id": "129", "type": "Feature", "properties": {"railway": null, "station": null, "subway": null, "construction": null, "construction:railway": null, "public_transport": null, "network": null, "operator": null, "name": "Saligramam Warehouse", "name:en": null, "element": null, "id": null, "category": null, "city": "chennai", "index_right": null, "n_osm_nodes": null, "phase": "phase2", "position_source": "nominatim_stem", "confidence": "low", "Line": "Yellow Line", "Layout": "Elevated", "snap_offset_m": 963.5850631599033, "station_id": "MAA129", "prediction": 5574.0, "lower": 4616.0, "upper": 6685.0, "population_density": 45947.66747987023, "pnr": 0.3573977892199883, "bus_stops_500m": 3, "poi_total": 54.0, "metro_closeness": 7.676783338173282e-05, "prediction_band": "Low", "rank_phase2": 63.0, "label_top15": 0, "is_intermodal_hub": 0, "is_top1_phase2": 0, "map_snap_m": 1.2, "map_aligned": 1}, "geometry": {"type": "Point", "coordinates": [80.20637754327788, 13.04868355990905]}}, {"id": "130", "type": "Feature", "properties": {"railway": null, "station": null, "subway": null, "construction": null, "construction:railway": null, "public_transport": null, "network": null, "operator": null, "name": "Semmancheri I", "name:en": null, "element": null, "id": null, "category": null, "city": "chennai", "index_right": null, "n_osm_nodes": null, "phase": "phase2", "position_source": "nominatim_stem", "confidence": "low", "Line": "Purple Line", "Layout": "Elevated", "snap_offset_m": 594.4583051518698, "station_id": "MAA130", "prediction": 5495.0, "lower": 4206.0, "upper": 7109.0, "population_density": 4749.911663566957, "pnr": 0.3249001376065475, "bus_stops_500m": 1, "poi_total": 1.0, "metro_closeness": 3.58492355612746e-05, "prediction_band": "Low", "rank_phase2": 67.0, "label_top15": 0, "is_intermodal_hub": 0, "is_top1_phase2": 0, "map_snap_m": 0.0, "map_aligned": 1}, "geometry": {"type": "Point", "coordinates": [80.22671490000002, 12.880400899999996]}}, {"id": "131", "type": "Feature", "properties": {"railway": null, "station": null, "subway": null, "construction": null, "construction:railway": null, "public_transport": null, "network": null, "operator": null, "name": "Semmancheri II", "name:en": null, "element": null, "id": null, "category": null, "city": "chennai", "index_right": null, "n_osm_nodes": null, "phase": "phase2", "position_source": "nominatim_stem", "confidence": "low", "Line": "Purple Line", "Layout": "Elevated", "snap_offset_m": 594.4583051518698, "station_id": "MAA131", "prediction": 5495.0, "lower": 4206.0, "upper": 7109.0, "population_density": 4749.911663566957, "pnr": 0.3249001376065475, "bus_stops_500m": 1, "poi_total": 1.0, "metro_closeness": 3.58492355612746e-05, "prediction_band": "Low", "rank_phase2": 68.0, "label_top15": 0, "is_intermodal_hub": 0, "is_top1_phase2": 0, "map_snap_m": 0.0, "map_aligned": 1}, "geometry": {"type": "Point", "coordinates": [80.22671490000002, 12.880400899999996]}}, {"id": "132", "type": "Feature", "properties": {"railway": null, "station": null, "subway": null, "construction": null, "construction:railway": null, "public_transport": null, "network": null, "operator": null, "name": "Sholinganallur Lake I", "name:en": null, "element": null, "id": null, "category": null, "city": "chennai", "index_right": null, "n_osm_nodes": null, "phase": "phase2", "position_source": "nominatim_stem", "confidence": "low", "Line": "Purple Line", "Layout": "Elevated", "snap_offset_m": 1431.0070560173353, "station_id": "MAA132", "prediction": 5512.0, "lower": 4179.0, "upper": 7386.0, "population_density": 10898.339191720996, "pnr": 0.3208623579143069, "bus_stops_500m": 3, "poi_total": 10.0, "metro_closeness": 4.130105251501641e-05, "prediction_band": "Low", "rank_phase2": 64.0, "label_top15": 0, "is_intermodal_hub": 0, "is_top1_phase2": 0, "map_snap_m": 0.0, "map_aligned": 1}, "geometry": {"type": "Point", "coordinates": [80.2295323528867, 12.915506984503413]}}, {"id": "133", "type": "Feature", "properties": {"railway": null, "station": null, "subway": null, "construction": null, "construction:railway": null, "public_transport": null, "network": null, "operator": null, "name": "Sholinganallur Lake II", "name:en": null, "element": null, "id": null, "category": null, "city": "chennai", "index_right": null, "n_osm_nodes": null, "phase": "phase2", "position_source": "nominatim_stem", "confidence": "low", "Line": "Purple Line", "Layout": "Elevated", "snap_offset_m": 1431.0070560173353, "station_id": "MAA133", "prediction": 5512.0, "lower": 4179.0, "upper": 7386.0, "population_density": 10898.339191720996, "pnr": 0.3208623579143069, "bus_stops_500m": 3, "poi_total": 10.0, "metro_closeness": 4.130105251501641e-05, "prediction_band": "Low", "rank_phase2": 65.0, "label_top15": 0, "is_intermodal_hub": 0, "is_top1_phase2": 0, "map_snap_m": 0.0, "map_aligned": 1}, "geometry": {"type": "Point", "coordinates": [80.2295323528867, 12.915506984503413]}}]}